"HEAVY",,,,,,,,
Accession,Length,CK2Phos,Hydrox,TyrKinPhos,Amid,ATPPhos,CampPhos,PKCPhos,H1,H2,H3,H4,H5,H6,H6A,H6B,H7,H8,H9,H10,H11,H12,H13,H14,H15,H16,H17,H18,H19,H20,H21,H22,H23,H24,H25,H26,H27,H28,H29,H30,H31,H32,H33,H34,H35,H35A,H35B,H36,H37,H38,H39,H40,H41,H42,H43,H44,H45,H46,H47,H48,H49,H50,H51,H52,H52A,H52B,H52C,H52D,H53,H54,H55,H56,H57,H58,H59,H60,H61,H62,H63,H64,H65,H66,H67,H68,H69,H70,H71,H72,H73,H74,H75,H76,H77,H78,H79,H80,H81,H82,H82A,H82B,H82C,H83,H84,H85,H86,H87,H88,H89,H90,H91,H92,H93,H94,H95,H96,H97,H98,H99,H100,H100A,H100B,H100C,H100D,H100E,H100F,H100G,H100H,H100I,H100J,H100K,H100L,H100M,H100N,H100O,H100P,H100Q,H101,H102,H103,H104,H105,H106,H107,H108,H109,H110,H111,H112,H113
"008_10053_5D03","141","2","0","1","0","0","0","1",E,V,Q,L,V,Q,-,-,S,G,A,E,M,K,K,P,G,E,S,L,Q,I,S,C,E,G,S,G,Y,N,F,N,G,Y,W,I,G,-,-,W,L,R,Q,M,P,G,K,G,L,E,W,M,G,I,I,H,P,-,-,-,S,D,S,D,T,R,Y,S,P,S,L,Q,G,Q,V,T,I,S,V,D,K,S,I,S,T,A,Y,L,L,W,N,S,L,K,T,S,D,T,A,I,Y,Y,C,A,R,R,G,G,A,N,Y,G,L,-,-,-,-,-,-,-,-,-,-,-,-,-,-,-,D,Y,W,G,Q,G,T,L,V,T,V,S,S
"008_10053_6F06","141","2","0","1","0","0","0","3",E,V,Q,L,V,E,-,-,S,G,G,G,L,V,Q,P,G,R,S,L,R,L,S,C,A,A,S,G,F,T,F,D,D,Y,A,M,H,-,-,W,V,R,Q,A,P,G,K,G,L,E,W,V,S,T,I,S,W,-,-,-,G,S,A,G,V,G,Y,A,D,S,V,K,G,R,F,T,I,S,R,D,N,A,N,S,A,L,Y,L,Q,M,S,S,L,R,P,E,D,T,A,L,Y,Y,C,A,K,D,R,G,Y,S,T,S,Q,D,Y,Y,Y,Y,F,G,M,-,-,-,-,-,-,-,D,V,W,G,Q,G,T,T,V,T,V,S,S
"008_10_1C03","141","0","0","1","0","0","0","3",E,V,Q,L,V,E,-,-,S,G,G,G,L,V,Q,P,G,G,S,L,R,L,S,C,E,A,S,G,F,T,F,S,S,Y,W,M,S,-,-,W,V,R,Q,A,P,G,K,G,L,E,W,V,A,V,M,D,Q,-,-,-,D,G,S,D,I,Y,Y,V,D,S,V,K,G,R,F,T,I,S,R,D,N,A,K,N,S,L,S,L,Q,M,N,S,L,R,A,E,D,T,A,V,Y,Y,C,A,R,D,Y,W,R,S,G,-,-,-,-,-,-,-,-,-,-,-,-,-,-,-,-,-,E,Y,W,G,Q,G,A,L,V,T,V,S,S
"008_10_5E02","141","0","0","0","0","0","0","1",E,V,Q,L,V,E,-,-,S,G,G,G,L,V,R,P,G,G,S,L,R,L,S,C,A,A,S,E,I,N,V,R,N,V,W,M,S,-,-,W,V,R,Q,A,P,G,K,G,P,E,W,V,G,R,I,K,R,E,K,-,D,G,G,T,I,D,Y,A,A,P,V,K,G,R,F,T,I,S,R,D,A,S,K,N,M,L,F,L,L,M,E,S,L,Q,T,E,D,T,A,V,Y,Y,C,T,T,D,F,L,E,S,L,L,L,G,S,G,P,P,R,E,T,G,H,F,-,-,-,-,D,T,W,G,Q,G,T,L,V,T,V,S,S
"008_10_6C04","141","0","0","1","0","0","0","3",E,V,Q,L,L,E,-,-,S,G,G,G,L,V,Q,P,G,G,S,L,R,L,S,C,A,A,S,R,F,T,F,S,N,Y,A,M,S,-,-,W,V,R,Q,A,P,G,K,G,L,E,W,V,S,A,I,S,G,-,-,-,S,G,D,S,T,Y,Y,A,D,S,V,K,G,R,F,T,I,S,R,D,N,S,K,N,T,L,Y,L,Q,M,K,S,L,R,A,E,D,T,A,V,Y,Y,C,T,K,V,G,G,G,T,W,Y,A,S,S,G,Y,P,-,-,-,-,-,-,-,-,-,-,D,Y,W,G,Q,G,T,L,V,T,V,S,S
"009_10_1G06","141","0","0","1","0","0","0","3",E,V,Q,L,V,E,-,-,T,G,G,G,L,I,Q,P,G,G,S,L,R,L,S,C,T,A,S,K,F,T,V,S,I,N,Y,M,S,-,-,W,V,R,Q,T,P,G,K,G,L,E,W,V,S,I,I,Y,-,-,-,-,D,D,G,S,T,F,Y,A,D,S,V,R,G,R,F,T,I,S,R,D,N,S,K,N,T,I,Y,L,Q,M,N,S,L,R,A,D,D,T,A,V,Y,Y,C,A,R,D,P,G,M,R,G,Y,F,-,-,-,-,-,-,-,-,-,-,-,-,-,-,-,D,H,W,G,Q,G,T,L,V,T,V,S,S
"009_10_2F01","141","4","0","2","0","0","0","4",Q,V,Q,L,V,E,-,-,S,G,G,G,L,V,K,P,G,G,S,L,R,L,S,C,A,A,S,G,F,S,F,S,D,Q,Y,M,S,-,-,W,I,R,Q,A,P,G,K,G,L,E,W,I,S,Y,I,S,S,-,-,-,S,G,R,N,I,Y,Y,A,D,S,V,K,G,R,F,T,N,S,R,D,N,A,K,K,S,L,Y,L,Q,M,N,S,L,R,D,E,D,T,A,V,Y,Y,C,A,R,V,E,Y,A,E,E,S,N,F,D,G,S,G,S,S,M,-,-,-,-,-,-,-,D,V,W,G,Q,G,T,T,V,T,V,S,S
"009_10_2G06","141","0","0","2","0","0","0","3",E,V,Q,L,V,E,-,-,S,G,G,G,F,V,R,P,G,G,S,L,R,L,S,C,V,G,S,G,F,N,F,D,D,S,A,M,H,-,-,W,V,R,Q,G,P,G,K,G,L,E,W,V,A,G,I,N,W,-,-,-,K,S,N,D,I,A,Y,V,E,S,V,K,G,R,F,T,I,S,R,D,N,A,K,R,T,L,F,L,Q,M,N,S,L,R,P,D,D,T,A,L,Y,F,C,A,K,D,R,A,G,Y,F,Y,A,M,-,-,-,-,-,-,-,-,-,-,-,-,-,-,A,V,W,G,Q,G,A,T,V,T,V,S,S
"011_10069_2G04","141","0","0","1","0","0","0","2",E,V,Q,L,L,E,-,-,S,G,G,G,V,V,Q,P,G,R,S,L,R,L,S,C,A,A,S,G,F,I,F,S,Y,S,G,I,H,-,-,W,V,R,Q,A,P,G,K,G,L,E,W,V,A,L,I,S,Y,-,-,-,D,G,R,N,Q,Y,Y,A,D,S,V,K,G,R,F,T,I,S,R,D,N,T,K,T,T,L,Q,M,N,N,L,-,-,R,A,E,D,T,A,V,Y,F,C,A,R,D,R,H,D,F,G,D,N,Y,E,I,-,-,-,-,-,-,-,-,-,-,-,-,D,Y,W,G,L,G,T,T,V,T,V,S,S
"013_10_3F02","141","0","0","1","0","0","0","3",Q,V,Q,L,V,E,-,-,S,G,G,G,V,A,Q,P,G,R,S,L,R,L,S,C,A,A,S,G,F,T,F,S,T,Y,G,M,H,-,-,W,V,R,Q,A,P,G,K,G,L,E,W,V,A,V,I,S,Y,-,-,-,D,G,S,K,R,Y,Y,A,E,I,L,K,D,R,F,T,I,S,R,D,N,S,K,N,T,V,Y,L,Q,M,N,S,L,R,T,E,D,T,A,V,Y,F,C,A,K,E,G,R,P,L,I,V,S,G,T,H,F,F,Q,F,Y,Y,G,M,-,-,-,-,D,V,W,G,Q,G,T,T,V,T,V,S,S
"013_10_4A03","141","0","0","1","0","0","0","4",E,V,Q,L,V,E,-,-,S,G,G,G,L,V,Q,P,G,G,S,L,R,L,S,C,A,A,S,G,F,T,F,S,N,Y,W,M,T,-,-,W,V,R,Q,A,P,G,K,G,L,E,W,V,A,N,I,N,Q,-,-,-,D,G,S,E,K,H,Y,V,D,S,V,K,G,R,F,A,I,S,R,D,N,A,K,N,S,L,Y,L,Q,M,S,S,L,R,A,E,D,T,A,M,Y,Y,C,T,R,A,M,G,-,-,-,-,-,-,-,-,-,-,-,-,-,-,-,-,-,-,-,-,W,N,W,G,Q,G,T,L,V,T,V,S,S
"014_10_1D05","141","2","0","1","0","0","0","3",Q,V,Q,L,V,Q,-,-,S,G,A,E,V,K,K,P,G,A,S,V,K,V,S,C,K,A,S,G,Y,T,F,T,D,Y,F,I,H,-,-,W,V,R,Q,A,P,G,Q,G,L,E,W,M,G,W,I,N,P,-,-,-,N,S,G,A,I,H,Y,A,Q,M,F,Q,G,R,V,T,V,T,R,D,T,S,I,N,T,A,Y,M,D,L,S,S,L,R,S,D,D,T,A,V,Y,F,C,A,R,A,F,Y,Y,G,S,G,S,R,L,I,A,F,-,-,-,-,-,-,-,-,-,-,D,I,W,G,L,G,T,M,V,T,V,S,S
"014_10_1G06","141","1","0","1","0","0","0","4",Q,V,Q,L,V,E,-,-,S,G,G,G,V,V,Q,P,G,R,S,L,R,L,S,C,A,A,S,G,F,T,F,N,S,Y,A,M,H,-,-,W,V,R,Q,A,P,G,K,G,L,E,W,V,A,V,I,S,Y,-,-,-,D,E,T,N,K,H,F,S,D,S,V,K,G,R,F,T,I,S,R,D,N,S,K,N,T,L,L,L,Q,M,D,S,L,R,I,E,D,T,A,V,Y,Y,C,A,R,E,A,S,F,A,F,F,-,-,-,-,-,-,-,-,-,-,-,-,-,-,-,-,D,I,W,G,Q,G,T,M,V,T,V,S,S
"014_10_3C04","141","1","0","1","0","0","0","2",Q,V,Q,L,V,E,-,-,S,G,G,G,V,V,R,P,G,R,S,Q,S,L,S,C,A,A,S,G,F,T,I,T,P,Y,T,M,F,-,-,W,V,R,Q,A,P,G,K,G,L,E,W,V,A,M,I,L,Y,-,-,-,D,G,S,S,T,D,Y,A,G,P,V,K,G,R,F,T,I,S,R,D,N,S,K,N,T,L,N,L,Q,M,N,S,L,R,A,A,D,T,A,V,Y,Y,C,A,R,G,Y,G,S,G,K,S,H,Y,Y,F,-,-,-,-,-,-,-,-,-,-,-,-,D,Y,W,G,Q,G,T,L,V,T,V,S,S
"014_10_3F03","141","0","0","1","1","0","0","3",Q,V,Q,L,V,E,-,-,S,G,G,G,V,V,Q,P,G,R,S,L,R,L,S,C,A,A,S,G,F,T,F,S,N,H,G,M,H,-,-,W,V,R,Q,A,P,G,K,G,L,E,W,V,A,V,I,S,F,-,-,-,D,G,R,K,E,Y,Y,A,N,S,V,T,G,R,F,T,I,S,R,D,N,S,K,N,T,L,Y,L,Q,L,N,S,L,R,P,E,D,T,A,F,Y,Y,C,A,K,D,S,Y,N,G,N,R,E,G,G,M,-,-,-,-,-,-,-,-,-,-,-,-,D,V,W,G,Q,G,T,T,V,T,V,S,S
"017_10116_4G04","141","3","0","1","0","0","0","2",Q,V,Q,L,Q,E,-,-,S,G,P,G,L,V,K,P,S,Q,T,L,S,L,T,C,S,V,S,G,G,S,I,S,S,G,S,Y,Y,W,S,W,I,R,Q,L,P,G,K,G,L,E,W,I,G,Y,I,S,-,-,-,-,Y,S,G,S,T,F,Y,N,P,S,L,K,S,Q,L,T,I,S,L,D,T,S,E,D,Q,F,S,L,R,L,T,S,V,T,A,A,D,T,A,V,Y,Y,C,A,R,S,Q,D,D,R,S,W,S,G,Y,R,L,Y,F,-,-,-,-,-,-,-,-,-,D,K,W,G,Q,G,T,L,V,T,V,S,S
"017_10_5E01","141","1","0","1","0","0","0","2",Q,V,Q,L,Q,E,-,-,S,G,P,G,L,V,K,P,S,Q,T,L,S,L,T,C,N,V,S,G,I,S,M,S,S,P,G,S,F,W,S,W,L,R,Q,R,P,G,K,G,L,E,W,L,G,Y,V,S,-,-,-,-,H,S,G,H,T,K,Y,T,P,S,L,K,S,R,L,S,I,S,L,D,V,S,Q,D,Q,F,S,L,R,L,N,F,V,T,A,A,D,T,A,V,Y,Y,C,A,R,E,Y,Q,E,Q,I,G,R,A,F,-,-,-,-,-,-,-,-,-,-,-,-,-,D,F,W,G,Q,G,T,L,V,T,V,S,S
"019_10117_3C04","141","1","0","1","0","0","0","4",Q,V,Q,L,V,Q,-,-,S,G,A,E,V,K,K,P,G,A,S,V,K,V,S,C,K,A,S,G,Y,T,F,T,Y,H,Y,V,Y,-,-,W,V,R,Q,A,P,G,Q,G,L,E,W,M,G,W,M,S,P,-,-,-,K,T,G,D,T,N,I,S,Q,R,F,Q,G,R,V,T,M,T,R,D,T,S,I,T,T,A,Y,M,E,M,S,R,L,R,F,D,D,T,A,V,Y,Y,C,T,R,G,Q,Y,S,D,H,F,-,-,-,-,-,-,-,-,-,-,-,-,-,-,-,-,D,S,W,G,Q,G,T,L,V,T,V,S,S
"019_10117_3E02","141","1","0","1","0","0","0","3",Q,V,Q,L,V,E,-,-,S,G,G,G,V,V,Q,P,G,R,S,L,R,L,S,C,A,T,S,G,F,I,F,S,R,Y,A,I,H,-,-,W,V,R,Q,A,P,G,K,G,L,E,W,V,A,V,I,S,N,-,-,-,D,G,T,K,E,E,C,A,D,S,V,K,G,R,F,T,I,S,R,D,N,S,K,S,T,L,Y,L,Q,M,N,S,L,R,A,E,D,T,A,V,Y,Y,C,A,R,D,A,T,Q,Y,G,Y,E,T,N,W,F,F,-,-,-,-,-,-,-,-,-,-,D,S,W,G,R,G,L,L,V,T,V,S,S
"019_10117_3G01","141","0","0","1","0","0","0","3",Q,V,Q,L,V,E,-,-,S,G,G,G,V,V,Q,P,G,R,S,L,R,L,S,C,A,A,S,G,F,T,F,G,S,Y,G,M,H,-,-,W,V,R,Q,A,P,G,K,G,L,E,W,V,S,V,I,Y,Y,-,-,-,D,G,R,N,K,Y,Y,A,D,S,V,K,G,R,F,T,I,S,R,D,N,L,K,N,T,L,Y,L,Q,M,N,S,L,R,A,E,D,T,A,V,Y,Y,C,A,R,D,H,N,S,Y,H,Y,F,-,-,-,-,-,-,-,-,-,-,-,-,-,-,-,D,Y,W,G,R,G,T,L,V,T,V,S,S
"019_10117_4G04","141","2","0","0","0","0","0","2",Q,V,Q,L,V,E,-,-,S,G,G,A,V,V,Q,P,G,R,S,L,R,L,S,C,T,A,S,G,F,I,F,S,R,F,A,I,H,-,-,W,V,R,Q,A,P,G,K,A,L,E,W,V,A,V,I,S,D,-,-,-,D,A,S,K,E,D,Y,A,D,S,V,K,G,R,F,I,I,S,R,D,N,S,K,S,T,L,Y,L,Q,M,N,S,L,T,T,E,D,T,A,V,Y,Y,C,A,R,D,P,T,H,S,G,D,I,I,S,W,F,F,-,-,-,-,-,-,-,-,-,-,D,S,W,G,Q,G,I,L,V,T,V,S,S
"01_ac_01_Heavy","141","1","0","1","0","0","0","2",Q,V,Q,V,V,Q,-,-,S,G,A,E,V,R,K,P,G,A,S,V,R,L,S,C,K,A,S,G,Y,T,F,D,N,Y,Y,I,H,-,-,W,M,R,Q,A,P,G,Q,G,L,E,W,M,A,L,I,N,P,-,-,-,S,A,G,S,T,I,F,A,Q,K,F,H,G,R,V,T,M,T,R,D,T,S,T,S,A,V,H,M,E,L,S,G,L,R,S,E,D,T,A,V,Y,Y,C,A,R,S,Q,T,W,G,Y,N,I,Y,F,-,-,-,-,-,-,-,-,-,-,-,-,-,D,Y,W,G,Q,G,T,L,V,T,V,S,S
"01_ad_01_Heavy","141","0","0","2","0","0","0","2",E,V,Q,L,A,E,-,-,S,G,G,G,L,V,Q,P,G,G,S,L,R,L,S,C,A,A,S,G,F,S,F,H,S,Y,A,M,N,-,-,W,V,R,Q,A,P,G,K,G,L,E,W,V,S,G,T,G,G,-,-,-,S,G,L,S,T,Y,Y,A,D,S,V,K,G,R,F,T,I,S,R,D,N,S,K,N,T,L,Y,L,Q,M,N,R,L,R,A,E,D,T,A,V,Y,Y,C,A,K,S,P,S,W,D,K,N,F,Y,D,S,G,S,Y,Y,F,Y,F,-,-,-,-,-,D,Y,W,G,Q,G,N,L,V,T,V,S,S
"01_ae_01_Heavy","141","2","0","0","0","0","0","4",Q,V,Q,L,Q,Q,-,-,W,G,A,G,L,L,K,P,S,E,A,L,S,L,S,C,A,V,Y,G,G,S,F,S,D,Y,Y,W,N,-,-,W,I,R,Q,P,P,G,K,G,L,E,W,I,G,E,I,D,-,-,-,-,N,F,G,S,T,K,Y,H,P,S,L,K,S,R,V,T,I,S,V,D,T,S,K,N,Q,F,S,L,K,L,T,S,V,T,A,A,D,T,A,V,Y,Y,C,A,R,V,R,R,P,I,V,A,H,Y,Y,G,L,-,-,-,-,-,-,-,-,-,-,-,D,V,W,G,Q,G,T,T,V,T,V,S,S
"01_d_04_Heavy","141","2","0","1","0","0","0","2",E,V,Q,L,V,E,-,-,S,G,G,G,V,V,Q,P,G,G,S,L,R,L,S,C,A,A,S,G,F,T,F,S,D,Y,G,I,H,-,-,W,V,R,Q,A,P,A,K,G,L,E,W,V,T,F,I,R,H,-,-,-,D,G,N,S,E,Y,F,V,D,S,V,K,G,R,F,T,V,S,R,D,N,S,K,N,T,V,Y,L,Q,V,N,R,L,R,P,D,D,T,A,I,Y,Y,C,A,K,D,A,V,W,S,G,Y,Y,P,T,H,S,Y,F,-,-,-,-,-,-,-,-,-,E,Y,W,G,Q,G,T,L,V,P,V,S,S
"01_e_01_Heavy","141","0","0","1","0","0","0","3",Q,V,R,L,V,E,-,-,S,G,G,G,V,V,Q,P,G,R,S,L,R,L,S,C,A,A,S,A,F,T,F,S,S,Y,A,L,H,-,-,W,V,R,Q,A,P,G,K,G,L,E,W,V,T,V,I,S,S,-,-,-,N,G,R,N,K,Y,Y,A,D,S,V,K,G,R,F,T,I,S,R,D,N,S,K,N,T,L,Y,L,Q,M,N,S,L,R,V,E,D,T,A,V,Y,Y,C,A,R,G,S,S,G,Y,T,Y,G,Y,I,D,P,L,S,N,Y,Y,G,M,-,-,-,-,D,V,W,G,Q,G,T,T,V,T,V,S,S
"01_f_01_Heavy","141","2","0","1","0","0","0","3",E,V,Q,L,L,E,-,-,S,G,G,G,V,V,Q,P,G,G,S,L,R,L,S,C,G,A,T,G,F,A,L,R,D,Y,G,I,H,-,-,W,V,R,Q,A,P,G,Q,G,L,E,W,V,A,F,T,R,H,-,-,-,D,G,T,H,K,D,Y,I,D,S,V,K,G,R,F,T,I,S,R,D,N,S,K,N,T,L,Y,L,Q,M,N,R,L,R,V,E,D,T,A,I,Y,Y,C,A,K,V,G,Y,Q,L,L,Y,S,G,A,F,-,-,-,-,-,-,-,-,-,-,-,-,H,I,W,G,Q,G,T,M,V,S,V,S,S
"01_g_01_Heavy","141","1","0","1","0","0","0","3",E,V,Q,L,V,E,-,-,S,G,G,G,L,V,K,P,G,G,S,L,R,L,S,C,A,A,S,G,F,T,F,S,S,Y,S,M,N,-,-,W,V,R,Q,A,P,G,K,G,L,E,W,V,S,S,I,S,S,-,-,-,N,S,Y,F,I,Y,Y,A,D,S,V,K,G,R,F,T,I,S,R,D,N,A,K,N,S,L,S,L,Q,M,N,S,L,R,A,E,D,T,A,I,Y,Y,C,A,R,D,A,G,S,T,G,Y,D,Y,Y,F,-,-,-,-,-,-,-,-,-,-,-,-,D,Y,W,G,Q,G,T,L,V,T,V,S,S
"01_h_02_Heavy","141","0","0","1","0","0","0","3",E,V,Q,L,L,E,-,-,S,G,G,G,L,V,K,R,G,G,S,L,R,L,S,C,A,A,S,G,F,T,F,S,A,Y,G,M,S,-,-,W,V,R,Q,V,P,G,G,G,L,E,W,V,S,G,V,G,G,-,-,-,S,G,F,G,T,D,Y,A,D,S,V,K,G,R,F,T,I,S,R,D,N,S,K,N,I,L,Y,L,Q,M,N,T,L,R,A,E,D,T,A,V,Y,Y,C,A,K,G,V,N,W,Q,P,P,Y,W,Y,-,-,-,-,-,-,-,-,-,-,-,-,-,D,Y,W,G,Q,G,T,L,V,T,V,S,S
"01_i_01_Heavy","141","1","0","1","0","0","0","3",E,V,Q,L,L,E,-,-,S,G,G,G,L,V,Q,P,G,G,S,L,R,L,S,C,A,A,S,G,F,T,F,S,S,Y,A,M,S,-,-,W,V,R,Q,A,P,G,K,G,L,E,W,V,S,A,I,S,G,-,-,-,S,G,G,S,T,Y,Y,A,D,S,V,K,G,R,F,T,I,S,R,D,N,S,K,N,T,L,Y,L,Q,M,N,S,L,R,A,E,D,T,A,V,Y,Y,C,A,K,W,R,G,L,R,G,S,S,S,W,Y,-,-,-,-,-,-,-,-,-,-,-,-,D,Y,W,G,Q,G,T,L,V,T,V,S,S
"01_l_01_Heavy","141","1","0","1","0","0","0","4",E,V,Q,L,V,E,-,-,S,G,G,G,L,V,Q,P,G,R,S,L,R,L,S,C,A,A,S,G,F,T,F,H,D,Y,A,M,H,-,-,W,V,R,Q,V,P,G,K,G,L,E,W,V,S,S,I,S,W,-,-,-,N,S,Y,R,I,G,Y,A,D,S,V,K,G,R,F,T,I,S,R,D,N,A,K,N,S,L,Y,L,Q,M,N,S,L,R,A,E,D,T,A,L,Y,Y,C,A,K,D,P,Q,G,E,L,I,G,G,R,F,-,-,-,-,-,-,-,-,-,-,-,-,D,P,W,G,Q,G,T,L,V,T,V,S,S
"01_m_01_Heavy","141","2","0","1","0","0","0","4",E,V,Q,L,V,E,-,-,S,G,G,G,L,V,Q,P,G,W,S,L,R,L,S,C,A,A,S,G,F,T,F,D,S,H,A,M,H,-,-,W,V,R,Q,T,P,G,K,G,L,E,W,V,S,G,I,T,W,-,-,-,S,S,N,E,V,G,Y,A,D,S,V,K,G,R,F,T,T,S,R,D,N,A,K,N,S,L,Y,L,Q,M,N,S,L,R,L,E,D,T,A,L,Y,Y,C,T,T,A,G,G,K,G,N,W,G,R,D,-,-,-,-,-,-,-,-,-,-,-,-,-,D,Y,W,G,Q,G,T,L,V,T,V,S,S
"01_o_02_Heavy","141","1","0","0","0","0","0","3",Q,V,Q,L,Q,E,-,-,S,G,P,G,L,V,K,P,S,E,T,L,S,L,I,C,T,V,S,S,Y,S,I,T,S,G,Y,Y,W,G,-,W,I,R,Q,P,P,G,K,G,L,E,W,I,G,N,V,Y,-,-,-,-,H,S,G,S,T,H,Y,N,P,S,L,K,S,R,V,T,I,S,L,D,T,P,K,K,Q,V,S,L,R,L,S,S,L,T,A,A,D,T,A,V,Y,Y,C,T,H,S,I,I,G,N,G,R,-,-,-,-,-,-,-,-,-,-,-,-,-,-,-,-,D,F,W,G,Q,G,T,L,V,A,V,S,S
"01_q_01_Heavy","141","1","0","0","0","0","0","4",Q,V,Q,L,Q,E,-,-,S,S,P,G,L,V,K,P,S,Q,T,L,S,L,K,C,T,V,S,G,G,S,V,S,G,G,R,Y,S,W,N,W,L,R,Q,P,A,G,K,G,L,E,W,I,G,H,I,Y,-,-,-,-,T,T,G,T,I,N,Y,N,P,S,L,R,S,R,V,T,I,S,V,D,T,S,K,N,Q,F,S,L,K,L,S,S,M,T,A,A,D,T,A,V,Y,F,C,A,R,A,H,L,P,D,V,G,H,Y,Y,G,L,-,-,-,-,-,-,-,-,-,-,-,D,V,W,G,Q,G,T,T,V,T,V,S,S
"01_r_01_Heavy","141","1","0","0","0","0","0","2",Q,V,Q,L,Q,E,-,-,S,G,P,G,L,V,K,P,S,Q,T,L,S,L,T,C,T,V,S,G,G,S,I,S,S,G,S,Y,Y,W,S,W,I,R,Q,P,A,G,K,G,L,E,W,I,G,S,I,Y,-,-,-,-,T,S,G,S,T,D,Y,N,P,S,L,K,N,R,V,S,I,S,I,D,T,S,K,N,H,F,S,L,V,L,S,S,V,T,A,A,D,T,A,V,Y,F,C,A,R,D,Q,W,E,G,A,F,S,Y,G,A,-,-,-,-,-,-,-,-,-,-,-,-,G,F,W,G,Q,G,A,V,V,T,V,S,S
"01_y_01_Heavy","141","1","0","1","0","0","0","4",E,V,Q,L,V,E,-,-,S,G,G,G,L,V,Q,P,G,G,S,L,R,L,S,C,A,A,S,G,F,T,F,S,S,Y,W,M,T,-,-,W,V,R,Q,A,P,G,K,G,L,E,W,V,A,N,I,K,Q,-,-,-,D,G,S,S,K,Y,Y,V,D,S,L,K,G,R,F,T,I,S,R,D,N,A,K,N,S,L,Y,L,Q,M,N,S,L,R,D,E,D,T,A,V,Y,Y,C,A,R,D,R,T,P,G,Y,S,Y,G,Y,V,D,R,V,V,W,R,N,P,Y,Y,G,M,D,V,W,G,Q,G,T,T,V,A,V,S,S
"01_z_01_Heavy","141","2","0","1","0","0","0","2",Q,V,Q,L,Q,E,-,-,S,G,P,G,L,V,K,P,S,Q,T,L,S,L,T,C,T,V,S,G,G,S,I,T,N,D,D,S,Y,W,S,W,I,R,Q,T,P,G,K,G,L,E,W,I,G,Y,I,F,-,-,-,-,H,S,G,N,T,Y,Y,N,P,S,L,K,S,R,V,T,I,S,V,D,T,S,K,N,Q,F,S,L,E,V,T,S,V,T,A,A,D,T,A,V,Y,Y,C,A,R,D,T,G,V,I,K,D,E,Y,F,Y,Y,Y,G,L,-,-,-,-,-,-,-,-,D,V,W,G,Q,G,T,T,V,T,V,S,S
"024_10128_3E01","141","4","0","0","0","0","0","3",Q,V,Q,L,V,Q,-,-,S,G,A,E,V,K,K,P,G,A,S,V,K,V,S,C,K,T,S,G,Y,T,F,T,I,Y,E,I,N,-,-,W,V,R,Q,A,T,G,Q,G,L,E,W,M,G,T,M,N,P,-,-,-,N,S,A,T,T,G,S,A,Q,K,F,Q,G,R,L,T,M,T,G,N,T,S,L,R,T,T,Y,M,E,L,S,S,L,T,S,E,D,T,A,V,Y,Y,C,A,R,L,V,S,C,G,G,D,C,Y,Y,F,-,-,-,-,-,-,-,-,-,-,-,-,D,S,W,G,Q,G,T,L,V,T,V,S,S
"024_10128_3E05","141","2","0","1","0","0","0","4",Q,V,Q,L,V,Q,-,-,S,G,A,E,V,K,K,P,G,A,S,V,K,V,S,C,K,A,S,G,Y,T,F,T,T,Y,D,I,H,-,-,W,V,R,Q,A,P,G,Q,G,L,E,W,M,G,W,L,N,P,-,-,-,N,S,G,Y,T,V,Y,A,Q,K,F,Q,G,R,L,T,M,T,R,N,T,S,I,R,I,A,Y,L,E,L,S,S,L,R,S,E,D,T,A,V,Y,Y,C,A,R,D,D,G,Y,C,T,S,N,N,C,Y,S,R,G,M,-,-,-,-,-,-,-,-,D,V,W,G,Q,G,T,T,V,T,V,S,S
"024_10128_3E06","141","1","0","0","0","0","0","2",Q,V,Q,L,Q,E,-,-,S,G,P,G,L,V,K,P,S,E,T,L,S,L,N,C,T,V,S,G,G,S,I,I,T,S,S,L,Y,W,G,W,I,R,Q,P,P,G,K,G,L,E,W,I,G,C,I,Y,-,-,-,-,V,D,G,S,T,Y,Y,N,P,S,L,T,S,R,V,T,I,S,V,D,T,S,K,N,Q,F,S,L,S,L,T,S,V,T,A,Q,D,T,A,V,Y,Y,C,A,R,P,T,G,E,G,G,G,A,F,-,-,-,-,-,-,-,-,-,-,-,-,-,-,D,I,W,G,Q,G,T,M,V,T,V,S,S
"024_10128_3F05","141","0","0","1","0","0","0","3",Q,V,Q,L,V,E,-,-,S,G,G,G,V,V,Q,P,G,R,S,L,R,L,S,C,A,A,S,G,F,T,F,M,S,Y,N,I,H,-,-,W,F,R,Q,A,P,G,K,D,L,Q,W,V,A,V,V,W,Y,-,-,-,E,G,S,T,K,F,Y,G,D,S,V,K,G,R,L,T,I,S,R,D,N,S,K,D,M,V,Y,L,Q,M,N,N,L,R,A,E,D,T,A,I,Y,Y,C,A,R,E,A,V,S,P,G,P,D,D,I,Y,F,G,M,-,-,-,-,-,-,-,-,-,D,V,W,G,H,G,T,T,V,T,V,S,S
"024_10128_3G04","141","0","0","0","0","0","0","1",Q,V,Q,L,V,E,-,-,S,G,G,A,V,V,Q,P,G,R,S,L,R,V,S,C,A,A,S,G,F,N,F,R,T,Y,G,M,Y,-,-,W,V,R,Q,A,P,G,K,G,L,E,W,V,A,L,I,S,Y,-,-,-,D,G,D,K,K,F,Y,A,D,F,A,K,G,R,F,T,I,S,R,D,N,S,K,N,R,F,Y,L,Q,M,N,S,L,Q,S,D,D,T,A,M,Y,Y,C,A,K,D,G,P,R,G,G,G,S,G,S,L,-,-,-,-,-,-,-,-,-,-,-,-,A,H,W,G,Q,G,T,L,V,T,V,S,S
"024_10128_4B04","141","0","0","2","0","0","0","3",Q,V,Q,L,V,E,-,-,S,G,G,G,V,V,Q,P,G,R,S,L,R,L,S,C,A,V,S,G,F,T,F,I,S,Y,D,M,H,-,-,W,V,R,Q,A,P,G,K,G,P,E,W,M,A,Y,I,S,Y,-,-,-,D,G,N,R,Q,Y,Y,A,D,S,V,K,G,R,F,T,I,S,R,D,N,S,K,N,T,L,H,L,Q,M,N,S,L,K,P,E,D,T,A,V,Y,S,C,A,R,E,F,V,P,P,G,P,D,D,Y,Y,F,G,L,-,-,-,-,-,-,-,-,-,D,V,W,G,Q,G,T,T,V,T,V,S,S
"024_10_4C05","141","1","0","0","0","0","0","2",Q,L,Q,L,Q,E,-,-,S,G,P,G,L,V,K,P,S,E,T,L,P,L,I,C,T,V,S,G,G,A,I,R,F,S,S,Y,Y,W,G,W,I,R,Q,A,P,G,K,G,L,E,W,I,A,T,I,H,-,-,-,-,Y,S,G,T,A,H,Y,N,P,S,L,K,S,R,L,T,I,S,V,D,T,S,T,N,Q,F,S,L,R,L,S,S,V,T,A,A,D,T,A,V,Y,Y,C,A,R,H,R,G,Y,C,S,G,G,G,C,F,G,E,V,Y,F,-,-,-,-,-,-,-,D,S,W,G,Q,G,A,L,V,T,V,S,S
"028_10134_4D06","141","0","0","1","1","0","0","3",Q,V,Q,L,V,E,-,-,S,G,G,G,V,V,Q,P,G,T,S,L,R,L,S,C,V,A,S,E,F,T,F,S,S,S,G,M,H,-,-,W,V,R,Q,A,P,G,K,G,L,E,W,V,A,I,I,S,Y,-,-,-,D,G,R,K,K,Y,Y,V,D,S,V,E,G,R,F,T,I,S,R,D,N,S,K,N,T,L,Y,L,Q,M,N,S,L,R,V,E,D,T,A,I,Y,Y,C,A,K,A,S,T,V,T,K,R,Y,N,W,F,-,-,-,-,-,-,-,-,-,-,-,-,D,P,W,G,Q,G,T,L,V,T,V,S,S
"028_10134_4F05","141","1","0","0","0","0","1","3",Q,V,Q,L,Q,Q,-,-,W,G,A,G,V,W,R,P,S,E,T,L,S,L,T,C,G,V,S,G,G,S,F,N,G,N,Y,W,T,-,-,W,I,R,Q,S,P,G,K,G,L,E,W,M,G,E,V,D,-,-,-,-,D,N,G,R,T,N,Y,N,P,S,L,T,G,R,V,S,M,S,V,D,T,T,K,K,Q,F,S,L,N,L,T,S,M,T,A,A,D,T,A,V,Y,Y,C,A,R,R,G,S,G,S,R,L,V,R,A,D,Y,Y,I,-,-,-,-,-,-,-,-,-,D,V,W,G,Q,G,T,T,V,T,V,S,S
"029_09_2A06","141","0","0","1","0","0","0","3",E,V,Q,L,V,E,-,-,S,G,G,G,L,V,K,P,G,G,S,L,R,L,S,C,S,A,S,G,F,T,F,S,S,Y,T,M,H,-,-,W,V,R,Q,A,P,G,K,G,L,E,W,L,S,S,I,S,S,-,-,-,S,S,A,Y,I,Y,Y,A,D,S,V,K,G,R,F,T,V,S,R,D,N,A,K,K,S,L,Y,L,Q,M,D,S,L,R,A,E,D,T,A,I,Y,F,C,A,R,D,G,T,S,L,T,V,A,G,P,L,-,-,-,-,-,-,-,-,-,-,-,-,D,Y,W,G,Q,G,T,L,V,T,V,S,S
"034_100809_1A03","141","2","0","2","0","0","0","4",E,V,Q,L,L,E,-,-,S,G,G,G,L,V,N,P,G,R,S,L,R,L,S,C,T,A,S,G,F,T,F,G,D,Y,A,V,S,-,-,W,F,R,Q,A,P,G,K,G,L,E,W,V,G,F,I,G,S,K,K,-,Y,G,D,T,I,E,Y,A,A,S,V,R,G,R,F,T,I,S,R,D,D,F,Q,S,T,A,Y,L,Q,M,N,S,L,R,T,E,D,T,G,V,Y,F,C,S,R,D,R,Q,L,A,E,H,S,M,-,-,-,-,-,-,-,-,-,-,-,-,-,-,D,V,W,G,Q,G,T,T,V,T,V,S,S
"034_100809_1B02","141","2","0","1","0","0","0","1",E,V,Q,L,L,E,-,-,S,G,G,G,L,V,P,P,G,G,S,L,R,L,S,C,A,A,S,G,L,S,F,S,S,Y,S,M,S,-,-,W,V,R,Q,A,P,G,K,G,L,E,W,V,S,A,I,G,G,-,-,-,L,H,G,S,T,Y,Y,A,D,F,V,E,G,R,F,T,I,S,R,D,N,S,R,D,T,V,F,L,Q,M,N,Y,L,R,A,E,D,T,A,L,Y,Y,C,A,S,D,L,D,G,D,D,G,T,W,F,-,-,-,-,-,-,-,-,-,-,-,-,-,D,N,W,G,Q,G,T,L,V,T,V,S,S
"034_100809_1D05","141","2","0","1","0","0","0","1",E,V,Q,L,L,E,-,-,S,G,G,G,L,V,Q,P,G,G,S,L,R,L,S,C,A,A,S,G,F,A,F,N,T,Y,A,M,S,-,-,W,V,R,Q,A,P,G,K,G,L,E,W,V,S,A,S,G,G,-,-,-,L,H,G,A,S,Y,Y,A,D,S,V,Q,G,R,F,T,I,Y,R,G,N,S,K,S,T,L,Y,L,Q,M,N,Y,L,R,A,E,D,T,A,V,Y,Y,C,A,T,D,L,D,G,D,E,G,T,W,F,-,-,-,-,-,-,-,-,-,-,-,-,-,E,N,W,G,Q,G,T,L,V,T,V,S,S
"034_100809_1F04","141","1","0","1","0","0","0","3",E,V,Q,L,L,E,-,-,S,G,G,G,L,V,Q,P,G,G,S,L,R,L,S,C,A,A,S,G,L,T,F,S,N,Y,A,M,S,-,-,W,V,R,Q,A,P,G,K,G,L,E,W,V,S,V,I,Y,S,-,-,-,S,G,S,G,T,W,Y,A,D,S,V,K,G,R,F,T,I,S,R,D,N,S,K,N,T,L,Y,L,Q,M,I,S,L,R,A,E,D,T,A,V,Y,Y,C,A,K,D,R,I,A,G,S,W,V,D,A,F,-,-,-,-,-,-,-,-,-,-,-,-,D,M,W,G,Q,G,T,M,V,T,V,S,S
"034_100809_1F05","141","0","0","2","0","0","0","3",E,V,Q,L,V,E,-,-,S,G,G,G,L,V,K,P,G,G,S,L,R,L,S,C,A,G,S,G,F,I,F,R,T,Y,F,M,S,-,-,W,V,R,Q,A,P,G,K,G,L,E,W,V,A,S,I,N,N,-,-,-,N,G,L,Y,I,Y,Y,S,E,S,V,E,G,R,F,T,I,S,R,D,N,A,E,N,S,V,Y,L,Q,M,D,S,L,R,A,D,D,T,A,L,Y,Y,C,S,R,G,P,W,E,D,Y,D,S,N,T,Y,R,T,F,-,-,-,-,-,-,-,-,-,D,Y,W,G,Q,G,T,L,V,T,V,S,S
"034_100809_1F06","141","1","0","1","0","0","0","3",E,V,Q,L,L,E,-,-,S,G,G,G,L,V,Q,P,G,G,S,L,R,L,S,C,A,A,S,G,L,T,F,S,S,Y,A,M,S,-,-,W,V,R,Q,A,P,G,K,G,L,E,W,V,S,V,I,Y,S,-,-,-,D,G,S,G,T,W,Y,A,D,S,V,K,G,R,F,T,I,S,R,D,N,S,K,N,T,L,F,L,Q,M,S,S,L,R,A,E,D,T,A,V,Y,Y,C,A,K,D,R,F,R,G,S,W,I,D,V,F,-,-,-,-,-,-,-,-,-,-,-,-,D,I,W,G,Q,G,T,M,V,T,V,S,S
"034_100809_2E03","141","2","0","1","0","0","0","3",E,V,Q,L,V,E,-,-,S,G,G,G,L,V,Q,P,G,R,S,L,R,L,S,C,A,A,S,G,F,S,F,Y,D,Y,A,M,S,-,-,W,V,R,Q,A,P,G,R,G,L,E,W,V,G,F,I,R,S,Y,T,-,Y,G,G,T,T,E,Y,A,A,S,V,R,G,R,F,T,I,S,R,D,D,S,N,N,I,A,Y,L,Q,M,N,S,L,K,T,E,D,T,A,V,Y,Y,C,T,N,L,G,S,S,W,L,N,A,G,L,Y,Y,Y,Y,D,M,-,-,-,-,-,-,-,D,V,W,G,Q,G,T,T,V,T,V,S,S
"034_100809_2F01","141","2","0","1","0","0","0","1",E,V,Q,L,L,E,-,-,S,G,G,G,L,I,Q,P,G,G,S,L,R,L,S,C,V,A,S,G,F,T,I,N,S,F,A,M,S,-,-,W,V,R,Q,A,P,G,K,G,L,Q,W,V,S,S,V,N,-,-,-,-,-,E,Q,A,T,Y,Y,A,E,S,V,E,G,R,F,T,I,S,R,D,R,S,R,N,T,L,F,L,Q,M,N,Y,L,R,V,E,D,T,A,T,Y,Y,C,A,N,D,V,D,G,D,A,G,T,W,F,-,-,-,-,-,-,-,-,-,-,-,-,-,E,S,W,G,Q,G,A,L,V,T,V,S,S
"034_100809_3E01","141","3","0","0","0","0","0","4",Q,V,Q,L,Q,E,-,-,S,G,P,G,L,L,K,P,S,E,T,L,S,L,I,C,S,V,S,D,Y,S,V,T,T,S,T,S,Y,W,G,W,I,R,Q,T,P,G,K,G,L,E,W,I,G,S,L,S,-,-,-,-,Y,S,G,F,S,Y,Y,N,P,S,L,R,S,R,V,T,M,S,F,D,S,S,K,K,Q,V,S,L,R,L,N,S,V,T,A,A,D,T,A,V,Y,Y,C,A,I,L,Y,G,S,I,I,-,-,-,-,-,-,-,-,-,-,-,-,-,-,-,-,-,D,Y,W,G,P,G,I,L,V,T,V,S,S
"037_10036_4D02","141","0","0","1","0","0","0","3",E,V,Q,L,V,E,-,-,S,G,G,G,L,I,Q,P,G,G,S,L,R,L,S,C,A,A,S,G,F,T,V,S,S,N,Y,V,S,-,-,W,V,R,Q,A,P,G,R,G,L,E,W,V,S,I,I,Y,-,-,-,-,S,D,G,R,T,Y,Y,A,D,S,V,K,G,R,F,N,I,S,R,D,N,S,K,N,T,L,Y,L,Q,M,N,S,L,R,A,E,D,T,A,V,Y,Y,C,A,R,D,F,Y,G,D,Y,Y,N,N,G,M,-,-,-,-,-,-,-,-,-,-,-,-,D,V,W,G,Q,G,T,T,V,T,V,S,S
"037_102909_2G04","141","2","0","1","0","0","0","3",E,V,Q,L,V,E,-,-,S,G,G,G,L,V,Q,P,G,R,S,L,R,L,S,C,A,A,S,G,F,T,F,D,D,Y,A,M,H,-,-,W,V,R,Q,A,P,G,K,G,L,E,W,V,S,G,I,N,W,-,-,-,N,S,G,V,V,G,Y,A,D,S,V,K,G,R,F,T,I,S,R,D,N,A,K,N,S,L,Y,L,Q,M,T,S,L,R,A,E,D,T,A,L,Y,Y,C,A,K,D,M,H,L,S,A,M,D,I,L,R,D,A,F,-,-,-,-,-,-,-,-,-,N,M,W,G,Q,G,T,M,V,T,V,S,S
"037_10_5E04","141","1","0","0","0","0","0","2",Q,V,Q,L,Q,E,-,-,S,G,P,G,L,V,K,P,S,E,T,L,S,L,T,C,T,V,S,G,T,S,I,T,T,H,Y,W,S,-,-,W,I,R,Q,T,P,G,K,G,L,E,W,I,G,H,I,S,-,-,-,-,S,D,G,T,T,N,F,N,P,S,L,K,S,R,V,T,I,S,M,D,T,S,K,N,Q,F,S,L,N,L,S,S,V,T,A,A,D,T,A,V,Y,Y,C,A,R,D,F,R,E,R,L,G,H,R,W,E,Q,A,F,-,-,-,-,-,-,-,-,-,D,F,W,G,Q,G,S,L,V,T,V,S,S
"039_10_4B05","141","1","0","2","0","0","0","3",Q,V,Q,L,V,Q,-,-,S,G,A,E,V,K,K,P,G,A,S,V,K,V,S,C,E,T,S,G,Y,M,F,T,A,Y,A,T,H,-,-,W,V,R,Q,A,P,G,Q,G,L,E,W,M,G,W,V,N,G,-,-,-,L,N,G,N,T,K,Y,S,E,K,F,Q,G,R,I,T,I,T,R,D,T,S,A,T,T,A,Y,M,E,L,S,S,L,R,S,D,D,T,A,V,Y,Y,C,A,R,G,N,I,A,N,W,F,-,-,-,-,-,-,-,-,-,-,-,-,-,-,-,-,D,P,W,G,Q,G,T,L,V,T,V,S,S
"039_10_4D04","141","0","0","1","0","0","0","4",Q,V,Q,L,V,E,-,-,S,G,G,G,V,V,Q,P,G,T,S,L,R,L,S,C,V,V,S,G,F,P,F,R,S,Y,S,I,H,-,-,W,V,R,Q,A,P,G,K,G,L,E,W,V,A,V,I,S,Y,-,-,-,D,G,D,N,K,Y,Y,A,D,S,V,K,G,R,F,T,I,S,R,D,N,S,K,K,T,A,Y,L,Q,M,N,S,L,R,V,D,D,T,A,I,Y,F,C,A,R,D,P,V,E,Y,S,S,V,S,Y,Y,F,L,Y,G,M,-,-,-,-,-,-,-,D,V,W,G,Q,G,T,T,V,T,V,S,S
"039_10_4G01","141","3","0","0","0","0","0","4",Q,V,Q,L,V,Q,-,-,S,G,A,E,V,K,K,P,G,A,S,V,K,V,S,C,K,A,S,G,Y,T,F,S,T,Y,Y,I,H,-,-,W,V,R,Q,A,P,G,Q,G,P,E,W,M,G,I,I,N,P,-,-,-,N,G,G,T,V,A,Y,A,R,K,F,Q,G,R,V,T,M,T,R,D,T,S,T,S,T,V,Y,M,D,L,R,S,L,S,S,E,D,T,A,V,Y,Y,C,A,R,D,G,R,E,V,P,A,T,T,R,K,D,Y,Y,Y,Y,Y,Y,M,-,-,-,-,D,I,W,G,R,G,T,T,V,T,V,S,S
"039_10_5B02","141","2","0","0","0","0","0","2",Q,V,Q,L,Q,E,-,-,S,G,P,G,L,V,K,P,P,Q,T,L,S,L,T,C,T,V,S,G,G,S,V,S,S,G,T,Y,Y,W,S,W,I,R,Q,P,A,G,K,G,P,E,W,I,G,R,I,Y,-,-,-,-,T,T,G,S,T,D,Y,N,P,S,L,K,S,R,V,T,I,S,I,D,T,S,N,N,R,F,S,L,R,L,N,S,V,T,A,A,D,T,A,V,Y,Y,C,A,R,V,G,P,H,P,T,Q,G,V,S,Y,F,-,-,-,-,-,-,-,-,-,-,-,D,H,W,G,Q,G,I,L,V,T,V,S,S
"039_10_5C05","141","1","0","1","0","0","0","5",Q,V,Q,L,V,E,-,-,S,G,G,G,L,V,Q,P,G,R,S,L,R,L,S,C,A,A,S,G,F,S,L,S,T,Y,P,M,H,-,-,W,V,R,Q,A,P,G,K,G,L,D,W,V,A,T,M,S,Y,-,-,-,D,G,S,H,K,D,Y,A,D,S,V,K,G,R,F,T,I,S,T,D,T,S,K,N,T,L,Y,L,Q,M,N,S,L,R,T,D,D,T,A,V,Y,Y,C,A,R,P,R,G,G,G,Y,N,Y,F,R,A,D,S,F,-,-,-,-,-,-,-,-,-,D,S,W,G,Q,G,T,L,V,T,V,S,S
"041_102909_2C03","141","0","0","1","0","0","0","4",Q,V,Q,L,V,E,-,-,S,G,G,G,V,V,Q,P,G,R,S,L,R,L,S,C,A,A,S,G,F,T,F,S,T,Y,A,M,H,-,-,W,V,R,Q,A,P,G,K,G,L,E,W,V,A,I,I,S,Y,-,-,-,D,G,T,Y,K,Y,Y,A,D,S,V,K,G,R,F,T,I,S,R,D,N,L,K,N,T,L,Y,L,Q,M,D,S,L,R,A,E,D,T,A,V,Y,Y,C,G,G,E,C,D,G,D,C,G,G,I,-,-,-,-,-,-,-,-,-,-,-,-,-,-,D,Y,W,G,Q,G,A,L,V,T,V,S,S
"041_102909_2C06","141","0","0","1","0","0","0","4",E,V,Q,L,L,E,-,-,S,G,G,G,L,A,H,P,G,G,S,L,R,L,S,C,T,A,S,G,F,S,F,K,R,C,A,M,S,-,-,W,V,R,Q,A,P,G,K,G,L,E,W,I,S,A,I,T,G,-,-,-,S,G,G,S,T,F,Y,A,D,S,V,K,G,R,F,T,I,S,R,D,N,F,N,N,T,V,Y,L,Q,M,N,S,L,R,A,E,D,T,A,V,Y,Y,C,A,K,D,L,T,D,E,Q,L,Q,F,D,A,G,F,-,-,-,-,-,-,-,-,-,-,D,H,W,G,Q,G,T,L,V,T,V,S,S
"041_102909_3A03","141","1","0","1","0","0","0","4",E,V,Q,L,V,E,-,-,S,G,G,G,L,V,Q,P,G,G,S,L,R,L,S,C,A,A,S,G,F,S,F,S,S,Y,R,M,N,-,-,W,V,R,Q,A,P,G,K,G,L,Q,W,V,S,Y,I,S,Q,-,-,-,S,G,G,T,V,Y,Y,A,D,S,V,K,G,R,F,T,I,S,R,D,N,A,K,N,S,L,Y,L,Q,M,I,S,L,R,D,E,D,T,A,V,Y,F,C,A,R,D,E,W,A,D,D,Y,G,N,Y,Y,L,-,-,-,-,-,-,-,-,-,-,-,D,Y,W,G,Q,G,T,L,V,T,V,S,S
"041_102909_3G01","141","2","0","0","0","0","0","2",Q,V,Q,L,Q,E,-,-,S,G,P,G,L,V,R,P,S,K,T,L,S,L,T,C,T,V,S,G,D,S,I,D,S,S,T,D,Y,W,A,W,I,R,Q,P,P,G,K,G,L,E,W,I,G,N,I,Y,-,-,-,-,Y,S,G,T,T,Y,Y,N,P,S,L,Q,S,R,V,T,I,S,V,D,T,S,K,N,Q,F,S,L,T,L,R,S,V,T,A,A,D,T,A,L,F,Y,C,A,R,Q,E,I,V,G,I,-,-,-,-,-,-,-,-,-,-,-,-,-,-,-,-,-,R,V,W,G,Q,G,T,L,V,T,V,S,S
"041_102909_3G02","141","0","0","1","0","0","0","4",Q,V,Q,L,V,E,-,-,S,G,G,G,V,V,Q,P,G,G,S,L,R,L,S,C,A,A,S,S,F,T,F,R,N,Y,A,M,F,-,-,W,V,R,Q,A,P,G,K,G,L,E,W,L,A,L,I,R,N,-,-,-,D,G,S,E,Q,N,Y,A,E,V,V,K,G,R,F,T,I,S,R,D,N,S,K,K,T,L,Y,L,Q,M,N,S,L,R,P,E,D,T,A,V,Y,Y,C,A,R,N,H,L,Y,A,A,Y,N,S,Y,Y,Y,G,M,-,-,-,-,-,-,-,-,-,D,D,W,G,Q,G,T,T,V,T,V,S,S
"042_100809_2F04","141","0","0","1","0","0","0","3",E,V,Q,L,L,E,-,-,S,G,G,G,L,V,Q,P,G,G,S,L,R,L,S,C,A,A,S,G,F,T,F,S,A,Y,S,M,S,-,-,W,V,R,Q,A,R,G,K,G,L,E,W,V,S,G,I,G,G,-,-,-,S,G,V,S,I,H,Y,A,D,S,V,K,G,R,F,T,I,S,R,D,N,S,K,N,T,V,Y,L,Q,M,N,S,L,R,A,E,D,T,A,V,Y,Y,C,A,K,S,R,A,W,D,L,K,G,W,F,-,-,-,-,-,-,-,-,-,-,-,-,-,D,P,W,G,Q,G,T,L,V,T,V,S,S
"042_100809_3D03","141","1","0","1","0","0","0","3",E,V,Q,L,V,Q,-,-,S,E,A,E,V,K,K,P,G,E,S,L,K,I,S,C,K,G,S,G,Y,S,F,A,N,Y,W,I,A,-,-,W,V,R,Q,M,P,G,Q,D,L,E,W,M,G,V,I,Y,P,-,-,-,G,D,S,D,T,K,Y,S,P,S,F,Q,G,Q,V,T,I,S,A,D,K,S,I,S,T,A,Y,L,Q,W,N,S,L,K,A,S,D,T,A,M,Y,Y,C,A,R,A,P,P,H,E,G,R,Y,Y,Y,Y,Y,Y,Y,M,-,-,-,-,-,-,-,-,D,V,W,G,K,G,T,T,V,T,V,S,S
"042_100809_3G04","141","0","0","2","0","0","0","4",E,V,Q,L,V,E,-,-,S,G,G,G,L,V,K,P,G,G,S,L,R,L,S,C,A,A,S,G,F,I,L,S,D,Y,Y,M,S,-,-,W,I,R,Q,A,P,G,K,G,L,E,W,I,S,Y,I,S,N,-,-,-,S,G,S,S,I,Y,N,A,D,S,V,K,G,R,L,T,I,S,R,D,S,A,K,N,S,V,F,L,E,L,N,S,L,R,A,E,D,T,A,V,Y,Y,C,A,R,F,P,R,F,G,S,G,S,P,Y,Q,N,D,A,F,-,-,-,-,-,-,-,-,D,I,W,G,Q,G,T,M,V,T,V,S,S
"042_10_2B05","141","1","0","1","0","0","0","4",Q,V,Q,L,V,E,-,-,S,G,G,G,V,V,Q,T,G,R,S,L,R,L,S,C,A,A,S,G,F,T,F,R,N,Y,A,M,H,-,-,W,V,R,Q,A,P,G,K,G,L,E,W,V,A,V,I,L,Y,-,-,-,D,G,N,N,E,Y,Y,A,D,F,A,K,G,R,F,T,I,S,R,D,N,S,K,N,I,V,Y,L,Q,L,N,S,L,R,P,E,D,S,A,I,Y,F,C,A,K,D,G,E,Y,S,G,H,E,S,E,-,-,-,-,-,-,-,-,-,-,-,-,-,V,H,W,G,Q,G,T,L,V,T,V,S,S
"042_10_2C02","141","1","0","1","0","0","0","5",E,V,Q,L,V,E,-,-,S,G,G,G,L,V,Q,P,G,R,S,L,R,L,S,C,K,A,S,G,F,K,F,G,D,F,A,L,S,-,-,W,V,R,Q,A,P,G,K,G,L,E,W,V,G,F,I,R,S,R,R,-,S,G,G,T,T,E,Y,V,A,S,V,K,G,R,F,I,I,S,R,E,D,S,K,S,I,A,Y,L,Q,M,N,S,L,K,T,E,D,T,A,V,Y,Y,C,T,R,E,R,M,I,D,T,G,V,G,-,-,-,-,-,-,-,-,-,-,-,-,-,-,G,H,W,G,Q,G,T,L,V,T,V,S,S
"042_10_2D01","141","1","0","1","0","0","0","4",Q,V,Q,L,Q,E,-,-,S,G,P,R,V,V,K,P,S,E,T,L,S,L,T,C,S,V,S,G,E,S,I,S,S,F,Y,W,S,-,-,W,I,R,Q,P,A,G,K,G,L,E,W,I,G,R,I,D,-,-,-,-,S,S,G,S,T,N,Y,N,P,S,L,K,S,R,V,S,M,S,L,D,T,S,K,K,Q,V,S,L,K,L,T,S,V,T,A,A,D,T,A,V,Y,Y,C,V,R,D,W,W,E,V,Q,Y,G,N,A,F,-,-,-,-,-,-,-,-,-,-,-,-,D,M,W,G,Q,G,T,M,V,T,V,S,S
"042_10_4C01","141","0","0","1","0","0","0","3",Q,V,Q,L,V,E,-,-,S,G,G,G,V,V,Q,P,G,R,S,L,R,L,S,C,P,A,S,G,F,S,F,T,T,Y,G,M,H,-,-,W,V,R,Q,A,P,G,K,G,L,E,W,V,A,V,I,S,Y,-,-,-,D,G,R,H,Q,Y,Y,G,D,S,V,K,G,R,F,S,I,S,R,D,K,S,K,N,I,L,F,L,Q,M,N,S,L,R,A,E,D,T,A,V,Y,Y,C,A,R,D,F,T,G,Y,F,G,M,-,-,-,-,-,-,-,-,-,-,-,-,-,-,-,D,V,W,G,Q,G,T,T,V,T,V,S,S
"042_10_4C06","141","2","0","0","0","0","0","1",E,V,Q,L,V,E,-,-,S,G,G,G,L,V,K,P,G,G,S,L,R,L,S,C,E,V,S,G,L,I,F,K,N,A,W,M,T,-,-,W,V,R,Q,A,P,G,M,G,L,E,W,V,G,R,I,K,S,K,S,-,E,G,G,T,A,D,Y,G,T,P,V,R,D,R,F,I,I,S,R,D,D,S,K,N,M,V,Y,L,Q,M,D,S,L,Q,T,E,D,T,A,V,Y,Y,C,A,T,I,G,I,D,Y,N,S,R,S,G,Y,F,S,F,-,-,-,-,-,-,-,-,-,D,Y,W,G,Q,G,A,L,V,T,V,S,S
"045_09_1A01","141","2","0","0","0","0","0","3",Q,V,Q,L,Q,E,-,-,S,G,P,G,L,V,K,P,S,Q,T,L,S,L,T,C,T,V,S,G,G,S,I,R,S,G,I,H,Y,W,S,W,I,R,Q,F,P,G,K,G,L,E,W,I,G,L,I,H,-,-,-,-,Y,S,E,N,T,H,H,N,P,S,L,K,S,R,V,A,M,S,V,D,T,S,K,N,Q,F,S,L,T,L,S,S,V,T,A,A,D,T,A,V,Y,Y,C,A,R,A,A,K,E,S,L,C,I,G,G,S,C,D,S,N,Y,E,H,Y,G,L,-,-,D,V,W,G,Q,G,T,T,V,T,V,S,S
"045_09_1F04","141","1","0","2","0","0","0","2",E,V,Q,L,V,E,-,-,S,G,G,G,L,V,Q,P,G,G,S,L,R,L,S,C,A,G,S,G,F,S,F,S,S,Y,S,M,N,-,-,W,V,R,Q,A,Q,G,R,G,L,E,W,V,S,Y,I,S,S,-,-,-,Y,S,G,T,I,Y,Y,A,D,S,V,K,G,R,F,T,I,S,R,D,N,A,K,N,S,L,Y,L,Q,M,N,S,L,T,A,D,D,T,A,V,Y,Y,C,A,R,D,D,D,S,N,D,Y,N,Q,D,R,Y,Y,Y,Y,G,M,-,-,-,-,-,-,D,V,W,G,Q,G,T,T,V,T,V,S,S
"045_09_1G05","141","2","0","0","0","0","0","3",Q,V,Q,L,Q,E,-,-,S,G,P,G,L,V,K,P,S,Q,T,L,S,L,T,C,A,V,S,G,D,S,I,S,S,G,I,Y,F,W,S,W,I,R,Q,P,P,G,Q,G,L,E,W,I,G,R,V,F,-,-,-,-,K,T,G,T,T,D,Y,N,T,S,L,K,S,R,V,T,I,S,V,D,T,S,K,N,Q,F,S,L,K,V,S,S,A,T,A,A,D,T,A,L,Y,Y,C,A,R,E,T,P,A,D,R,P,Y,C,G,S,G,S,C,S,F,-,-,-,-,-,-,-,D,S,W,G,Q,G,I,L,V,T,V,S,S
"051_09_4C02","141","1","0","1","0","0","0","3",Q,V,Q,L,V,E,-,-,S,G,G,G,L,V,T,P,G,G,S,L,R,L,S,C,V,A,S,G,F,S,F,G,D,F,Y,M,G,-,-,W,I,R,Q,A,P,G,K,G,L,Q,W,L,S,H,I,S,P,-,-,-,S,G,G,T,I,Y,Y,S,D,S,V,K,G,R,F,S,I,S,R,D,N,A,K,N,S,V,H,L,E,M,N,S,L,R,A,D,D,T,A,V,Y,Y,C,A,R,A,G,V,A,V,L,T,F,D,N,R,G,W,R,F,F,-,-,-,-,-,-,-,D,P,W,G,Q,G,T,L,V,T,V,S,S
"051_09_4D03","141","3","0","0","0","0","0","2",Q,V,Q,L,V,Q,-,-,S,G,P,E,V,R,K,P,G,A,S,V,K,V,S,C,K,A,S,G,Y,T,F,T,N,H,D,I,N,-,-,W,V,R,Q,A,P,G,Q,G,L,E,W,M,G,W,V,N,P,-,-,-,S,N,N,N,V,G,Y,A,Q,K,F,R,G,R,V,T,M,T,K,D,S,S,T,S,T,V,H,M,E,L,Y,S,L,T,S,E,D,T,A,V,Y,Y,C,A,R,G,L,G,G,G,I,S,V,F,G,V,L,V,R,G,R,W,F,-,-,-,-,-,D,P,W,G,Q,G,T,L,V,T,V,S,S
"051_09_5D01","141","0","0","2","0","0","0","4",Q,V,Q,L,V,E,-,-,S,G,G,G,V,V,Q,P,G,R,S,L,R,L,S,C,A,A,S,G,F,A,F,S,N,Y,A,M,H,-,-,W,V,R,Q,A,P,G,K,G,L,E,S,V,A,V,V,L,Y,-,-,-,D,G,N,S,E,Y,Y,A,D,S,V,K,G,R,F,T,I,S,R,D,T,S,K,N,L,V,Y,L,Q,M,N,S,L,R,P,E,D,T,A,V,Y,Y,C,V,K,D,S,E,Y,A,D,Y,D,P,-,-,-,-,-,-,-,-,-,-,-,-,-,-,V,Y,W,G,Q,G,T,L,V,T,V,S,S
"051_10_2B05","141","0","0","2","0","0","1","2",E,V,Q,L,V,E,-,-,S,G,G,G,L,V,K,P,G,G,S,L,R,V,S,C,A,A,S,G,F,I,F,G,T,F,G,M,N,-,-,W,V,R,Q,A,P,G,K,G,L,E,W,V,S,S,I,S,S,-,-,-,A,S,A,S,I,E,Y,A,D,A,V,K,G,R,F,T,I,S,R,D,N,A,E,K,S,L,Y,L,Q,M,N,S,L,R,A,D,D,T,A,V,Y,Y,C,A,R,D,G,G,V,P,R,R,Y,S,L,-,-,-,-,-,-,-,-,-,-,-,-,-,D,V,W,G,Q,G,T,T,V,T,V,S,S
"051_10_2D06","141","1","0","1","0","0","0","4",E,V,Q,L,V,E,-,-,S,G,G,G,L,V,Q,P,G,G,S,L,R,L,S,C,A,A,S,G,F,T,F,T,R,H,W,M,S,-,-,W,V,R,Q,A,P,G,K,G,L,E,W,V,A,N,V,K,Q,-,-,-,D,G,S,D,K,Y,Y,V,D,S,V,K,G,R,F,T,I,S,R,D,N,A,K,N,S,V,Y,L,Q,M,N,S,L,R,A,E,D,T,A,V,Y,Y,C,A,R,Y,G,G,S,Y,L,-,-,-,-,-,-,-,-,-,-,-,-,-,-,-,-,-,D,Y,W,G,Q,G,T,L,V,T,V,S,S
"051_10_4G03","141","3","0","1","0","0","0","4",E,V,Q,L,V,E,-,-,S,G,G,G,L,V,Q,P,G,R,S,L,R,L,S,C,T,A,S,G,F,T,F,G,D,Y,A,M,S,-,-,W,V,R,Q,A,P,G,K,G,L,E,W,V,G,F,I,R,S,K,R,-,Y,G,G,T,T,E,Y,A,A,S,V,K,D,R,F,T,I,S,R,D,D,S,K,S,I,A,S,L,Q,M,S,S,L,K,R,D,D,T,A,V,Y,Y,C,T,R,D,L,V,G,A,T,T,F,F,L,Y,G,M,-,-,-,-,-,-,-,-,-,-,D,V,W,G,Q,G,T,T,V,T,V,S,S
"16_ND_89_Heavy","141","5","0","2","0","0","0","4",Q,V,Q,L,V,Q,-,-,S,G,A,E,V,K,E,P,G,A,S,V,K,V,S,C,K,V,F,G,Y,T,L,T,D,L,S,M,H,-,-,W,V,R,Q,A,P,G,K,G,L,E,W,M,G,G,F,D,P,-,-,-,E,D,D,E,T,I,Y,A,Q,N,L,Q,G,R,V,T,M,T,E,D,T,S,T,D,T,A,Y,M,E,L,S,S,L,R,S,E,D,T,A,V,Y,Y,C,T,T,R,D,Y,Y,D,S,S,G,Y,L,V,-,-,-,-,-,-,-,-,-,-,-,-,D,Y,W,G,Q,G,T,L,V,T,V,S,S
"16_ND_92_Heavy","141","1","0","1","0","0","0","2",E,V,Q,L,V,E,-,-,S,G,G,G,L,V,Q,P,G,G,S,L,R,L,S,C,E,A,S,G,F,T,L,S,S,Y,W,M,H,-,-,W,V,R,Q,D,P,G,K,G,L,V,W,V,A,V,I,N,S,-,-,-,D,G,S,S,T,D,Y,A,D,F,V,K,G,R,F,T,I,S,R,D,N,A,K,N,T,V,Y,L,Q,M,N,S,L,R,A,E,D,T,A,V,Y,Y,C,A,R,A,P,Q,G,T,V,F,G,V,V,I,I,G,A,D,G,F,-,-,-,-,-,-,D,I,W,G,Q,G,T,M,V,T,V,S,S
"16_ND_93_Heavy","141","1","0","1","0","0","0","3",E,V,Q,L,L,E,-,-,S,G,G,G,L,V,Q,P,G,G,S,L,R,L,S,C,A,A,S,G,F,T,F,S,S,Y,D,M,S,-,-,W,V,R,Q,A,P,G,K,G,L,E,W,V,S,S,I,S,S,-,-,-,S,G,L,S,T,Y,F,A,D,S,V,K,G,R,F,T,I,S,R,D,Y,S,K,N,T,A,Y,L,Q,M,N,S,L,R,G,E,D,T,A,V,Y,Y,C,A,K,S,V,T,K,L,P,Y,F,H,Y,L,-,-,-,-,-,-,-,-,-,-,-,-,D,V,W,G,R,G,T,T,V,T,V,S,S
"16_ND_95_Heavy","141","0","0","1","0","0","0","5",E,V,Q,L,V,E,-,-,S,G,G,G,M,V,Q,P,G,R,S,L,R,L,S,C,A,A,S,G,F,T,F,G,N,Y,A,M,H,-,-,W,V,R,Q,A,P,G,K,G,P,E,W,V,A,V,I,S,Y,-,-,-,D,G,S,Q,K,Y,Y,T,E,S,V,K,G,R,F,T,I,S,R,D,S,S,R,N,M,V,F,L,Q,M,N,S,L,R,P,D,D,T,A,L,Y,Y,C,V,R,D,R,A,A,S,L,-,-,-,-,-,-,-,-,-,-,-,-,-,-,-,-,-,D,Y,W,G,Q,G,T,L,V,T,V,P,S
"16_p_01_Heavy","141","2","0","1","0","0","0","2",Q,V,Q,L,V,Q,-,-,S,G,A,E,V,K,R,P,G,A,S,V,N,V,S,C,K,T,S,G,Y,T,F,T,D,Y,Y,M,H,-,-,W,V,R,Q,A,P,G,Q,G,L,E,W,M,G,W,I,N,P,-,-,-,N,N,G,G,T,N,Y,A,Q,R,F,Q,G,R,V,T,M,T,R,D,T,S,L,S,T,V,Y,M,E,L,T,S,L,R,S,D,D,T,A,V,Y,Y,C,A,T,Y,Y,F,E,S,S,G,Y,F,R,L,-,-,-,-,-,-,-,-,-,-,-,-,D,Y,W,G,R,G,T,L,V,T,V,S,S
"220_14_IgG_1A03","141","0","0","1","0","0","0","3",E,V,Q,L,V,E,-,-,S,G,G,G,L,V,Q,P,G,G,S,L,R,L,S,C,A,A,S,G,F,T,F,S,N,Y,W,M,N,-,-,W,V,R,Q,G,P,G,K,G,L,V,W,V,A,R,I,N,S,-,-,-,D,G,S,R,T,I,Y,A,D,S,V,K,G,R,F,T,I,S,R,D,N,P,K,N,T,L,Y,L,E,M,N,S,L,R,A,E,D,T,A,V,Y,F,C,A,R,E,P,Y,F,P,L,Y,F,-,-,-,-,-,-,-,-,-,-,-,-,-,-,-,D,Y,W,G,Q,G,A,L,V,T,V,S,S
"220_14_IgG_1E01","141","3","0","1","0","0","0","4",E,V,Q,L,V,E,-,-,S,G,G,G,L,V,Q,P,G,G,S,L,R,L,S,C,A,A,S,G,F,T,S,S,S,Y,E,M,N,-,-,W,V,R,Q,A,P,G,K,G,L,E,W,I,S,F,I,S,K,-,-,-,S,E,S,I,I,S,Y,A,D,S,V,K,G,R,F,T,I,S,R,D,S,A,K,N,S,L,Y,L,Q,L,T,S,L,R,A,E,D,T,A,V,Y,Y,C,A,R,L,G,L,L,G,F,G,E,L,G,P,P,H,W,Y,Y,A,M,-,-,-,-,-,D,V,W,G,Q,G,T,T,V,T,V,S,S
"236_14_IgG_1A06","141","1","0","0","0","0","0","2",Q,V,Q,L,Q,E,-,-,S,G,P,G,L,V,K,P,S,E,T,L,S,L,T,C,T,V,S,G,G,S,I,S,S,S,S,H,Y,C,T,W,I,R,Q,P,P,G,K,G,L,E,W,I,G,G,I,Y,-,-,-,-,Y,T,G,N,A,Y,Y,N,P,S,L,K,S,R,V,T,I,S,V,D,A,S,K,N,Q,F,S,L,K,L,R,S,V,T,A,A,D,T,A,V,F,Y,C,V,G,S,Q,A,I,D,A,F,-,-,-,-,-,-,-,-,-,-,-,-,-,-,-,-,D,F,W,G,Q,G,T,M,V,T,V,S,S
"236_14_IgG_1B03","141","3","0","0","0","0","0","3",Q,V,Q,L,V,Q,-,-,S,G,A,E,V,K,K,P,G,A,S,V,K,V,S,C,K,A,S,G,Y,T,F,A,D,Y,Y,I,H,-,-,W,V,R,Q,A,P,G,Q,G,L,E,W,M,G,W,M,N,P,-,-,-,N,T,G,G,T,N,Y,A,Q,K,F,Q,G,R,V,T,M,T,R,D,T,S,I,R,T,A,Y,M,E,L,S,R,L,R,S,D,D,T,A,I,F,Y,C,A,R,D,L,G,D,T,T,T,S,-,-,-,-,-,-,-,-,-,-,-,-,-,-,-,D,Y,W,G,Q,G,T,L,V,T,V,S,S
"236_14_IgG_1F03","141","0","0","1","0","0","0","4",Q,V,Q,L,V,E,-,-,S,G,G,G,V,V,Q,P,G,R,S,L,R,L,S,C,A,A,F,G,F,T,F,S,S,F,P,M,H,-,-,W,V,R,Q,A,P,G,K,G,L,E,W,V,A,V,I,S,Y,-,-,-,D,G,S,N,K,Y,Y,A,D,S,V,K,G,R,F,T,I,S,R,D,N,S,K,N,T,L,Y,V,Q,M,N,S,L,R,A,E,D,T,A,V,Y,Y,C,S,R,D,Q,G,G,D,Y,G,D,Y,G,G,G,F,-,-,-,-,-,-,-,-,-,-,D,Y,W,G,Q,G,T,L,V,T,V,S,S
"240_14_IgA_2F02","141","1","0","1","0","0","0","3",E,V,Q,L,L,E,-,-,S,G,G,G,L,V,Q,P,G,G,S,L,R,L,S,C,A,A,S,G,F,T,F,S,T,Y,A,M,S,-,-,W,V,R,Q,A,P,G,K,G,L,E,W,V,S,T,I,S,G,-,-,-,S,G,G,S,T,Y,D,A,E,S,V,K,G,R,F,T,I,S,R,D,N,S,K,N,T,L,Y,L,Q,M,N,S,L,R,A,E,D,T,A,V,Y,Y,C,A,K,E,G,G,D,F,W,S,G,Y,Y,A,N,W,F,-,-,-,-,-,-,-,-,-,D,P,W,G,Q,G,T,L,V,T,V,S,S
"240_14_IgG_2E03","141","2","0","0","0","0","0","3",Q,V,Q,L,Q,E,-,-,W,G,A,G,L,L,K,P,S,E,T,L,S,L,T,C,A,V,S,G,D,S,F,S,D,Y,Y,W,S,-,-,W,I,R,Q,P,P,G,K,G,L,E,W,I,G,E,V,Y,-,-,-,-,H,D,G,S,T,N,Y,N,P,S,L,K,S,R,V,T,I,S,I,D,T,S,K,N,Q,F,S,L,K,L,T,S,V,T,A,A,D,T,A,V,Y,F,C,A,R,G,V,L,G,E,L,T,A,I,H,F,-,-,-,-,-,-,-,-,-,-,-,-,D,Y,W,G,Q,G,A,L,V,T,V,S,S
"2_12C","141","1","0","1","0","0","0","3",E,V,Q,L,V,Q,-,-,S,G,A,E,V,K,K,P,G,E,S,L,K,I,S,C,K,G,S,G,N,G,F,T,T,Y,W,I,G,-,-,W,V,R,Q,V,P,G,K,G,L,E,W,M,G,I,I,Y,P,-,-,-,D,D,S,D,T,R,Y,S,P,S,F,Q,G,Q,V,S,I,S,A,D,K,S,I,S,T,A,F,L,Q,W,S,S,L,K,A,S,D,T,A,M,Y,F,C,A,R,L,G,D,V,E,T,A,M,V,G,Q,D,A,F,-,-,-,-,-,-,-,-,-,H,I,W,G,Q,G,T,M,V,T,V,S,S
"31_a_55_Heavy","141","0","0","1","0","0","0","3",E,V,Q,L,L,E,-,-,S,G,G,G,L,V,K,P,G,G,S,L,R,L,S,C,E,A,S,E,F,T,F,S,S,H,A,M,S,-,-,W,V,R,Q,A,P,G,K,G,L,E,W,V,S,A,I,S,G,-,-,-,N,G,G,S,T,Y,Y,A,D,S,V,K,G,R,F,T,I,S,R,D,N,S,K,N,T,L,Y,L,Q,M,N,S,L,R,A,E,D,T,A,L,Y,Y,C,T,K,D,R,S,P,P,V,F,D,L,M,P,G,Y,Y,S,S,F,Y,Y,M,-,-,-,D,V,W,G,K,G,T,T,V,T,V,S,S
"36_a_02_Heavy","141","3","0","1","0","0","0","2",Q,V,Q,L,Q,E,-,-,S,G,P,G,L,V,K,P,S,Q,T,L,S,L,T,C,I,V,S,G,G,S,I,S,S,G,D,Y,F,W,S,W,I,R,Q,P,P,G,K,G,L,E,W,I,A,Y,M,Y,-,-,-,-,Y,T,G,S,T,Y,Y,N,P,S,L,K,S,R,V,A,I,S,V,D,T,S,K,N,H,L,A,L,K,L,T,S,V,T,A,A,D,T,A,V,Y,Y,C,G,R,I,P,R,D,I,V,L,V,P,G,G,S,R,W,A,A,T,I,-,-,-,-,-,D,D,W,G,Q,G,I,L,V,T,V,S,S
"36_d_02_Heavy","141","3","0","1","0","0","0","2",Q,V,Q,L,Q,E,-,-,S,G,P,G,L,V,K,P,S,Q,T,L,S,L,T,C,I,V,S,G,G,S,I,S,S,G,D,Y,F,W,S,W,I,R,Q,P,P,G,K,G,L,E,W,I,A,Y,M,Y,-,-,-,-,Y,T,G,S,T,Y,Y,N,P,S,L,K,S,R,V,A,I,S,V,D,T,S,K,N,H,L,A,L,K,L,T,S,V,T,A,A,D,T,A,V,Y,Y,C,G,R,I,P,R,D,I,V,L,V,P,G,G,S,R,W,A,A,T,I,-,-,-,-,-,D,D,W,G,Q,G,I,L,V,T,V,S,S
"56_b_16_Heavy","141","0","0","1","0","0","0","3",E,V,Q,L,V,E,-,-,S,G,G,G,L,V,Q,P,G,G,S,L,R,L,S,C,S,A,S,G,F,N,V,S,D,Y,A,M,H,-,-,W,V,R,Q,A,P,G,K,G,L,E,Y,V,S,L,I,S,S,-,-,-,N,G,F,S,T,F,Y,T,D,S,V,K,G,R,F,I,I,S,R,D,N,S,K,N,T,L,Y,L,Q,M,S,S,L,R,H,D,D,T,A,V,Y,Y,C,V,R,A,E,S,H,D,F,W,S,G,-,-,-,-,-,-,-,-,-,-,-,-,-,-,Y,Y,W,G,H,G,T,L,V,T,V,S,S
"56_d_01_Heavy","141","1","0","1","0","0","0","3",E,V,Q,L,V,E,-,-,S,G,G,G,L,V,Q,P,G,G,S,L,R,L,S,C,S,A,S,G,F,T,V,S,N,Y,A,M,H,-,-,W,V,R,Q,A,P,G,K,G,L,E,Y,V,S,A,I,S,V,-,-,-,N,G,F,S,T,F,Y,T,D,S,V,K,G,R,F,T,I,S,K,D,N,S,K,N,T,L,Y,L,Q,M,S,S,L,R,P,E,D,T,A,V,Y,Y,C,V,K,A,E,S,Y,D,F,W,S,G,-,-,-,-,-,-,-,-,-,-,-,-,-,-,Y,D,W,G,Q,G,T,Q,V,T,V,S,S
"56_e_01_Heavy","141","4","0","0","0","0","0","2",Q,V,Q,L,V,Q,-,-,S,G,A,E,V,K,K,P,G,A,S,V,K,V,S,C,K,V,S,G,H,T,L,T,E,L,S,I,H,-,-,W,V,R,Q,A,P,G,N,V,L,E,W,M,G,G,F,D,P,-,-,-,E,D,G,E,S,I,Y,A,Q,M,F,Q,G,R,V,I,M,T,G,D,S,S,T,D,T,A,Y,M,E,L,S,S,L,T,S,E,D,T,A,V,Y,Y,C,A,T,G,S,Y,C,S,A,T,Y,C,S,F,-,-,-,-,-,-,-,-,-,-,-,-,D,Y,W,G,Q,G,T,L,V,T,V,S,S
"56_f_01_Heavy","141","4","0","0","0","0","0","3",Q,V,H,L,V,Q,-,-,S,G,A,E,V,K,K,P,G,A,S,V,K,V,S,C,K,V,S,G,H,T,L,S,E,L,S,I,H,-,-,W,V,R,Q,A,P,G,N,V,L,E,W,M,G,G,F,D,P,-,-,-,E,D,G,E,S,I,S,A,Q,M,F,Q,G,R,V,I,M,T,E,D,S,S,K,D,T,A,Y,M,E,L,S,S,L,T,S,E,D,T,A,V,Y,Y,C,A,T,G,S,Y,C,S,A,T,Y,C,S,F,-,-,-,-,-,-,-,-,-,-,-,-,D,Y,W,G,Q,G,T,L,V,T,V,S,S
"56_j_01_Heavy","141","1","0","1","0","0","0","3",Q,V,Q,L,V,Q,-,-,S,G,A,E,M,K,K,P,G,A,S,V,K,V,S,C,K,A,S,G,Y,T,F,T,N,Y,Y,I,H,-,-,W,M,R,Q,A,P,A,Q,G,L,E,W,M,G,I,I,N,P,-,-,-,S,D,D,S,T,T,Y,A,Q,R,F,Q,G,R,V,T,M,T,S,D,T,S,T,S,T,V,Y,M,E,L,S,S,L,R,S,E,D,T,A,V,Y,Y,C,A,K,L,G,Y,W,T,D,-,-,-,-,-,-,-,-,-,-,-,-,-,-,-,-,-,D,Y,W,G,Q,G,T,L,V,T,V,S,S
"AG10_3A02","141","2","0","2","0","0","0","4",E,V,Q,L,V,E,-,-,S,G,G,G,L,V,Q,P,G,G,S,L,R,L,S,C,L,G,S,G,F,T,F,S,R,Y,S,M,N,-,-,W,V,R,Q,A,P,G,K,G,L,E,W,V,S,Y,I,S,D,-,-,-,S,S,R,T,I,Y,Y,A,D,S,V,K,G,R,F,T,I,F,R,D,N,A,K,N,S,L,Y,L,Q,M,N,S,L,R,D,E,D,T,A,V,Y,Y,C,A,R,D,P,D,T,A,H,D,R,Y,F,-,-,-,-,-,-,-,-,-,-,-,-,-,D,S,W,G,Q,G,T,L,V,T,V,S,S
"AG10_3C01","141","1","0","1","0","0","0","3",E,V,Q,L,L,E,-,-,S,G,G,D,L,I,Q,P,G,G,S,L,R,L,S,C,A,A,S,G,F,A,F,G,R,Y,A,M,G,-,-,W,V,R,Q,A,P,G,K,G,L,E,W,V,S,S,I,S,G,G,F,G,V,F,G,V,T,Y,Y,A,D,S,V,K,G,R,F,T,I,S,R,D,N,S,K,N,T,L,Y,L,Q,M,N,S,L,R,A,E,D,T,A,I,Y,Y,C,V,K,D,F,T,P,P,G,T,W,G,W,R,P,G,Y,C,-,-,-,-,-,-,-,-,D,Y,W,G,Q,G,T,L,V,T,V,S,S
"AG10_A05","141","1","0","1","0","0","0","3",Q,V,Q,L,Q,E,-,-,S,G,P,R,L,I,K,P,S,E,T,L,S,L,T,C,T,V,S,G,G,S,I,S,S,S,P,Y,F,W,G,W,I,R,Q,P,P,G,K,G,L,E,W,I,G,S,S,Y,-,-,-,-,Y,S,G,N,T,D,Y,N,P,S,L,K,S,R,V,T,I,S,V,D,T,S,K,N,Q,F,S,L,K,L,R,S,V,T,A,A,D,T,A,V,Y,Y,C,A,R,R,T,H,D,Y,G,D,Y,Y,Y,W,F,-,-,-,-,-,-,-,-,-,-,-,D,P,W,G,Q,G,T,L,V,T,V,S,S
"AG11_2A01","141","1","0","1","0","0","0","2",E,V,Q,L,V,E,-,-,S,G,G,A,V,V,Q,P,G,G,S,L,T,L,S,C,A,A,S,G,F,T,F,D,D,Y,A,M,H,-,-,W,V,R,E,V,P,G,K,G,L,E,W,V,S,L,I,S,W,-,-,-,D,A,G,N,T,Y,Y,G,D,S,V,K,G,R,F,N,I,S,R,D,N,S,K,N,F,L,Y,L,Q,M,N,S,L,R,A,D,D,T,A,L,Y,Y,C,A,K,D,I,G,G,G,N,Y,D,Y,Y,H,G,M,-,-,-,-,-,-,-,-,-,-,D,A,W,G,Q,G,T,T,V,T,V,S,S
"AG11_2B01","141","1","0","0","0","0","0","4",Q,V,Q,L,Q,E,-,-,S,G,P,G,L,V,R,P,S,E,T,L,S,L,T,C,S,L,S,G,G,S,F,S,E,A,T,D,Y,W,G,W,V,R,Q,A,P,G,K,G,L,E,W,I,G,S,M,S,-,-,-,-,P,S,G,I,T,Y,I,S,P,S,L,T,S,R,V,T,M,S,V,D,T,S,K,K,Q,F,S,L,R,L,S,F,V,V,A,A,D,A,A,M,Y,Y,C,I,K,D,R,D,I,V,S,R,G,G,F,-,-,-,-,-,-,-,-,-,-,-,-,-,D,L,W,G,Q,G,T,L,V,T,V,S,S
"AG11_2C03","141","1","0","0","0","0","0","4",Q,V,Q,L,Q,E,-,-,S,G,P,G,L,V,K,P,S,E,T,L,S,L,T,C,R,V,S,G,G,S,I,D,G,D,T,Y,Y,W,G,W,V,R,Q,P,P,G,K,G,P,E,W,I,G,S,M,S,-,-,-,-,P,N,G,I,T,Y,Y,G,P,S,L,K,S,R,V,T,M,S,V,D,S,S,L,K,S,F,S,L,R,M,T,S,V,T,T,T,D,T,A,V,Y,Y,C,A,R,D,R,D,I,V,S,R,G,G,F,-,-,-,-,-,-,-,-,-,-,-,-,-,D,N,W,G,R,G,T,L,V,T,V,S,S
"AG11_2F01","141","1","0","0","0","0","0","3",Q,V,Q,L,Q,E,-,-,S,G,P,G,L,V,K,P,S,E,T,L,S,L,T,C,A,V,S,G,N,S,I,S,S,E,Y,Y,W,A,-,W,I,R,Q,P,P,G,M,P,P,E,W,V,G,T,I,Y,-,-,-,-,H,T,G,N,T,Y,Y,N,P,S,L,K,S,R,T,T,I,S,M,D,T,S,K,N,Q,F,S,L,R,L,R,S,V,T,A,A,D,S,A,V,Y,Y,C,A,R,A,G,V,T,I,F,G,L,T,L,P,N,Y,F,-,-,-,-,-,-,-,-,-,H,H,W,G,Q,G,T,L,V,T,V,S,S
"AG11_3C06","141","1","0","1","0","0","0","2",E,V,Q,L,V,E,-,-,S,G,G,V,V,V,Q,P,G,G,S,L,N,L,S,C,A,A,S,G,F,T,F,D,D,Y,A,M,H,-,-,W,V,R,Q,G,P,G,K,G,L,E,W,V,S,L,I,S,W,-,-,-,D,G,G,S,R,Y,Y,A,D,S,V,K,G,R,F,T,I,S,R,D,N,S,K,N,S,L,Y,L,E,M,N,S,L,R,T,E,D,T,A,L,Y,Y,C,A,K,D,L,G,S,S,W,Y,Q,L,G,E,K,A,F,-,-,-,-,-,-,-,-,-,D,S,W,G,Q,G,T,L,V,T,V,S,S
"AG11_3F04","141","1","0","1","0","0","0","3",E,V,Q,L,V,Q,-,-,S,G,A,E,V,K,K,P,G,E,S,L,K,I,S,C,K,G,S,G,Y,S,F,T,S,F,W,I,A,-,-,W,V,R,Q,M,P,G,K,G,L,E,W,M,G,I,I,Y,P,-,-,-,G,D,S,E,T,R,Y,S,P,S,F,Q,G,Q,V,T,I,S,A,D,K,S,I,S,T,A,Y,L,Q,W,T,S,L,K,A,A,D,T,A,I,Y,Y,C,A,R,P,Q,C,T,A,G,G,C,Y,S,G,Y,Y,A,L,-,-,-,-,-,-,-,-,E,V,W,G,H,G,T,T,V,T,V,S,S
"AG11_E04","141","2","0","0","0","0","0","1",Q,V,Q,L,Q,E,-,-,S,G,P,G,L,V,K,P,S,E,T,L,S,L,T,C,S,V,S,G,D,S,I,S,S,D,Y,Y,W,G,-,W,I,R,Q,P,P,G,K,G,L,E,W,I,G,S,L,Y,-,-,-,-,A,G,G,I,T,Y,Y,S,P,S,L,E,S,R,L,S,M,A,M,D,T,S,R,N,E,F,S,M,S,L,T,S,V,T,A,A,D,A,A,V,Y,Y,C,V,R,D,R,N,I,L,S,R,E,G,F,-,-,-,-,-,-,-,-,-,-,-,-,-,D,F,W,G,Q,G,I,L,V,T,V,S,S
"AG12_3A03","141","2","0","2","0","0","0","4",E,V,Q,L,V,E,-,-,S,G,G,G,L,A,Q,P,G,R,S,L,R,L,S,C,R,T,S,G,F,R,F,V,D,Y,G,M,S,-,-,W,F,R,Q,A,P,G,K,G,L,E,W,V,S,F,I,G,S,K,S,-,Y,G,A,T,K,D,Y,A,A,S,V,R,D,R,F,I,I,S,R,D,D,S,K,S,I,A,Y,L,E,M,N,S,L,K,T,D,D,T,A,I,Y,Y,C,S,R,V,P,L,L,W,R,N,G,W,D,D,-,-,-,-,-,-,-,-,-,-,-,-,D,Y,W,G,Q,G,T,L,V,T,V,S,S
"AG12_3D05","141","1","0","2","1","0","0","2",E,V,Q,L,V,E,-,-,S,G,A,E,V,K,K,P,G,E,S,L,R,L,S,C,Q,A,S,G,Y,N,F,T,D,S,W,I,S,-,-,W,V,R,Q,V,P,G,K,G,L,E,W,M,G,R,I,D,P,-,-,-,E,D,S,Y,T,N,Y,S,P,S,F,Q,G,R,V,T,I,S,A,D,T,S,I,T,T,A,Y,V,Q,W,R,S,L,R,P,S,D,T,A,I,Y,F,C,G,R,Y,S,V,G,R,K,A,-,-,-,-,-,-,-,-,-,-,-,-,-,-,-,-,D,Y,W,G,Q,G,T,L,V,T,V,S,S
"AG12_C05","141","1","0","0","0","0","1","2",Q,V,Q,L,Q,E,-,-,S,G,P,G,L,V,K,P,L,Q,T,L,S,L,T,C,T,V,S,G,V,S,I,A,N,N,G,F,Y,W,T,W,V,R,Q,R,P,G,K,G,L,E,W,I,G,N,I,F,-,-,-,-,Y,S,G,D,T,S,Y,S,P,S,V,E,R,R,L,T,I,S,L,D,T,S,K,N,Q,F,S,L,R,L,A,S,V,T,A,A,D,T,A,V,Y,Y,C,T,V,E,S,W,Y,S,S,G,P,G,E,N,H,F,-,-,-,-,-,-,-,-,-,-,D,S,W,G,Q,G,T,L,V,T,V,S,S
"AG12_C06","141","3","0","0","0","0","0","2",Q,V,Q,L,Q,E,-,-,S,G,P,G,M,V,R,P,S,Q,T,L,S,L,F,C,T,V,S,G,D,S,I,G,S,G,T,D,Y,W,N,W,V,R,Q,P,P,G,K,G,L,E,W,V,G,D,I,P,-,-,-,-,D,R,G,N,P,N,Y,N,P,S,L,R,S,R,L,S,I,S,R,D,T,S,K,N,R,I,S,L,T,L,T,S,V,T,A,A,D,T,A,V,Y,Y,C,A,R,A,S,G,T,R,V,A,T,I,T,D,Y,Y,G,M,-,-,-,-,-,-,-,-,D,V,W,G,Q,G,T,T,V,T,V,S,S
"AG13_3B01","141","3","0","2","0","0","0","3",Q,V,Q,L,V,E,-,-,S,G,G,G,L,V,K,P,G,G,S,L,R,L,S,C,A,A,S,G,F,T,F,S,D,Y,Y,M,T,-,-,W,I,R,Q,A,P,G,K,G,L,E,W,V,S,Y,I,D,S,-,-,-,W,S,T,Y,T,D,Y,P,D,S,V,K,G,R,F,T,V,S,R,D,N,A,K,N,S,L,Y,L,Q,M,N,S,L,R,A,D,D,T,A,V,Y,F,C,A,R,D,R,G,D,C,S,R,T,T,C,S,F,-,-,-,-,-,-,-,-,-,-,-,D,S,W,G,Q,G,T,L,V,T,V,S,S
"AG13_3D02","141","3","0","2","0","0","0","3",Q,V,Q,L,V,E,-,-,S,G,G,G,L,V,K,P,G,G,S,L,R,L,S,C,A,A,S,G,F,T,F,S,D,Y,Y,M,T,-,-,W,I,R,Q,A,P,G,K,G,L,E,W,V,S,Y,I,D,S,-,-,-,W,S,T,Y,T,D,Y,P,D,S,V,K,G,R,F,T,V,S,R,D,N,A,K,N,S,L,Y,L,Q,M,N,S,L,R,A,E,D,T,A,V,Y,F,C,A,R,D,R,G,D,C,S,R,T,T,C,S,F,-,-,-,-,-,-,-,-,-,-,-,D,S,W,G,Q,G,T,L,V,T,V,S,S
"AG13_3E04","141","0","0","1","0","0","0","3",E,V,Q,L,L,E,-,-,S,G,G,G,L,V,Q,P,G,G,S,L,R,L,S,C,T,A,S,G,F,T,F,N,N,Y,A,M,N,-,-,W,V,R,Q,A,P,G,K,G,L,E,W,V,S,S,L,S,G,-,-,-,G,G,R,N,I,Y,Y,A,D,S,V,K,G,R,F,T,I,S,R,D,N,F,K,N,T,V,Y,L,Q,M,N,S,L,R,A,E,D,T,A,I,Y,Y,C,A,K,P,A,P,M,M,V,V,V,K,N,W,F,-,-,-,-,-,-,-,-,-,-,-,D,T,W,G,Q,G,T,L,V,T,V,S,S
"AG13_3E05","141","3","0","1","0","0","1","4",Q,V,Q,L,Q,E,-,-,S,G,P,G,L,V,S,P,S,E,T,L,S,L,T,C,T,V,S,A,D,S,I,N,S,Y,Y,W,N,-,-,W,I,R,Q,P,P,G,K,G,L,E,W,I,G,Y,I,H,-,-,-,-,Y,S,G,R,S,I,H,N,P,S,L,N,R,R,V,T,I,S,M,D,T,S,K,N,Q,F,S,L,R,L,T,S,V,T,A,A,D,T,A,M,Y,Y,C,A,S,L,K,K,G,E,T,S,P,F,-,-,-,-,-,-,-,-,-,-,-,-,-,-,D,Y,W,G,Q,G,T,L,V,T,V,S,S
"AG13_3F04","141","1","0","1","0","0","0","3",Q,V,Q,L,V,Q,-,-,S,G,A,E,M,Q,K,P,G,A,S,V,K,V,S,C,K,A,S,G,F,T,F,T,G,F,Y,L,H,-,-,W,V,R,Q,A,P,G,Q,G,L,E,W,M,G,W,I,N,L,-,-,-,N,S,G,D,T,D,T,A,Q,K,F,Q,G,R,V,T,M,T,S,D,T,S,I,S,T,A,Y,M,D,L,S,S,L,K,S,D,D,T,A,V,Y,Y,C,A,T,W,Y,I,S,G,W,Y,D,G,M,-,-,-,-,-,-,-,-,-,-,-,-,-,D,V,W,G,Q,G,T,T,V,T,V,S,S
"AG13_3G01","141","1","0","0","0","0","0","3",Q,V,Q,L,V,Q,-,-,S,G,P,E,V,K,K,P,G,A,S,V,K,V,S,C,K,A,S,G,Y,T,F,T,S,N,H,I,H,-,-,W,L,R,Q,A,P,G,Q,G,I,E,W,M,G,W,I,N,P,-,-,-,D,T,G,D,T,E,Y,S,R,K,F,Q,G,R,V,T,M,T,R,D,T,S,M,T,S,A,Y,M,D,L,N,W,L,G,S,A,D,T,G,V,Y,Y,C,A,R,D,R,E,N,R,L,D,I,V,T,V,P,P,D,N,W,F,-,-,-,-,-,-,D,S,W,G,Q,G,T,L,V,T,V,S,S
"AG1_A01","141","1","0","0","0","0","0","2",E,V,Q,L,V,E,-,-,S,G,G,G,F,V,Q,A,G,R,S,L,R,L,S,C,A,A,S,G,F,I,F,D,D,F,A,M,H,-,-,W,V,R,Q,A,P,G,G,G,L,E,W,V,S,H,I,S,S,-,-,-,N,S,G,L,I,V,Y,A,E,S,V,K,G,R,F,T,I,S,R,D,N,A,M,D,A,L,Y,L,Q,M,N,S,L,T,I,E,D,T,A,F,Y,Y,C,M,K,G,G,H,Y,S,D,S,R,G,Y,G,-,-,-,-,-,-,-,-,-,-,-,-,S,N,W,G,R,G,T,L,V,T,V,S,S
"AG1_E04","141","0","0","1","0","0","0","3",Q,V,Q,L,V,E,-,-,S,G,G,G,V,V,Q,P,G,R,S,L,R,L,S,C,S,A,S,G,F,T,F,R,S,F,A,M,H,-,-,W,V,R,Q,A,P,G,R,G,L,E,W,V,A,V,M,W,I,-,-,-,D,G,R,G,K,D,Y,A,D,S,V,K,G,R,F,T,I,S,R,D,N,S,K,S,T,L,Y,L,Q,M,N,N,L,R,A,E,D,T,A,V,Y,Y,C,A,R,D,Q,A,T,K,G,L,-,-,-,-,-,-,-,-,-,-,-,-,-,-,-,-,K,P,W,G,Q,G,T,L,V,T,V,S,S
"AG2_B01","141","0","0","1","1","0","0","5",E,V,Q,L,V,E,-,-,S,G,G,G,L,I,Q,P,G,G,S,L,R,L,S,C,A,V,S,G,F,G,V,S,S,K,Y,M,S,-,-,W,V,R,Q,T,P,G,K,R,L,E,W,V,S,I,I,Y,-,-,-,-,A,G,G,N,T,Y,Y,G,G,S,L,R,G,R,F,T,I,S,R,D,T,V,K,N,I,V,F,L,D,M,K,S,L,R,G,E,D,T,A,V,Y,Y,C,A,R,G,L,S,N,V,Y,P,N,T,F,-,-,-,-,-,-,-,-,-,-,-,-,-,D,L,W,G,Q,G,T,L,V,T,V,S,S
"AG2_B02","141","1","0","1","0","0","0","3",E,V,Q,L,V,Q,-,-,S,G,A,E,V,K,K,P,G,E,S,L,K,I,S,C,R,A,S,G,Y,N,F,D,R,H,W,I,G,-,-,W,V,R,Q,T,P,G,K,G,L,E,W,M,A,I,I,Y,P,-,-,-,H,D,S,G,H,R,Y,S,P,A,F,E,G,Q,V,A,I,S,A,D,K,S,T,S,T,A,Y,L,Q,W,S,S,L,K,A,S,D,T,A,T,Y,Y,C,A,K,L,P,S,K,Y,Y,Y,D,N,S,G,P,F,-,-,-,-,-,-,-,-,-,-,D,V,W,G,Q,G,T,L,V,T,V,S,S
"AG2_F02","141","0","0","1","0","0","0","3",Q,V,Q,L,V,E,-,-,S,G,G,G,V,V,Q,P,G,R,S,L,S,L,S,C,A,A,S,G,F,T,F,S,N,Y,A,M,H,-,-,W,V,R,Q,A,P,G,K,G,L,E,W,I,F,H,I,S,Y,-,-,-,D,S,S,N,R,Y,S,A,D,S,V,K,G,R,F,T,L,S,R,D,N,S,K,N,T,L,S,L,Q,M,D,S,L,K,V,E,D,T,A,V,Y,Y,C,A,R,G,E,V,I,N,G,P,L,Y,Y,F,-,-,-,-,-,-,-,-,-,-,-,-,D,Y,W,G,H,G,T,L,V,T,V,S,S
"AG2_G02","141","1","0","1","0","0","0","4",Q,V,Q,L,V,Q,-,-,S,G,A,E,M,K,K,P,G,A,S,V,K,V,S,C,K,A,S,G,Y,T,F,S,A,Y,Y,I,H,-,-,W,V,R,Q,A,P,G,Q,G,L,E,W,M,G,R,I,N,T,-,-,-,D,S,G,G,T,N,F,A,Q,Q,F,E,G,R,V,T,M,T,R,D,T,S,I,S,T,A,Y,M,E,L,S,S,L,R,S,D,D,T,A,V,Y,Y,C,A,R,G,Y,D,F,W,L,G,S,Y,R,A,G,G,W,F,-,-,-,-,-,-,-,-,D,P,W,G,Q,G,T,L,V,T,V,S,S
"AG3_D06","141","2","0","1","0","0","0","2",Q,L,Q,L,Q,E,-,-,S,G,P,G,L,V,K,P,S,E,T,L,S,L,T,C,S,V,S,G,G,S,I,S,E,T,I,Y,Y,W,G,W,I,R,Q,P,P,G,K,G,L,E,W,I,G,T,I,Y,-,-,-,-,S,D,G,N,T,Y,Y,N,P,S,L,K,S,R,V,N,M,F,V,D,T,S,D,N,Q,F,S,L,K,M,K,S,L,S,A,A,D,T,A,V,Y,Y,C,A,R,L,R,D,G,Y,K,Y,Y,Y,G,M,-,-,-,-,-,-,-,-,-,-,-,-,D,V,W,G,Q,G,T,T,V,T,V,S,S
"AG4_C01","141","1","0","1","0","0","0","3",Q,V,Q,L,Q,E,-,-,S,G,P,G,L,V,K,P,S,E,T,L,S,L,T,C,T,V,S,G,G,S,V,T,S,G,N,Y,H,W,S,W,I,R,Q,S,P,G,K,G,L,E,W,I,A,Y,K,Y,-,-,-,-,Y,S,G,N,T,K,Y,N,P,S,L,K,S,R,V,T,I,S,L,D,T,S,K,N,Q,I,S,L,K,M,T,S,V,T,A,E,D,T,A,V,Y,Y,C,A,R,V,V,L,Y,G,S,G,S,Y,M,W,F,-,-,-,-,-,-,-,-,-,-,-,D,P,W,G,Q,G,T,L,V,T,V,S,S
"AG6_3E02","141","3","0","0","0","0","0","3",Q,L,Q,L,Q,E,-,-,S,G,P,R,L,V,R,P,S,E,T,L,S,L,T,C,T,V,S,G,G,S,I,S,S,S,T,Y,Y,W,G,W,I,R,Q,P,P,G,K,G,L,E,W,I,G,S,V,F,-,-,-,-,Y,S,G,T,T,Y,K,I,P,S,L,N,S,R,V,T,I,S,I,D,T,S,K,K,E,F,S,L,T,L,T,S,V,T,A,A,D,T,A,V,Y,Y,C,A,R,H,T,Y,N,R,G,S,W,F,D,H,P,W,N,Y,F,Y,G,M,-,-,-,-,D,I,W,G,Q,G,T,T,V,T,V,S,S
"AG7_3B02","141","2","0","1","0","0","0","3",E,V,Q,L,V,E,-,-,S,G,G,V,V,V,Q,P,G,G,S,L,R,L,S,C,A,A,S,G,F,T,F,D,D,C,A,M,H,-,-,W,V,R,Q,A,P,G,K,G,L,E,W,V,S,L,I,T,W,-,-,-,D,G,G,S,T,Y,Y,A,D,S,V,K,G,R,F,T,I,S,R,D,N,N,K,N,S,L,Y,L,Q,M,N,S,L,R,A,E,D,T,A,L,Y,Y,C,A,K,D,M,S,S,G,Y,Y,S,I,F,-,-,-,-,-,-,-,-,-,-,-,-,-,D,S,W,G,Q,G,T,L,V,T,V,S,S
"AG8_2B02","141","1","0","1","0","0","0","4",Q,V,Q,L,V,E,-,-,S,G,G,G,V,V,Q,P,G,R,S,L,R,L,S,C,V,A,S,G,F,D,S,N,E,Y,G,M,H,-,-,W,V,R,Q,A,P,G,K,G,L,E,W,V,G,V,I,W,F,-,-,-,D,G,T,T,K,Y,Y,A,D,S,V,K,G,R,F,T,V,S,R,D,N,S,K,N,T,V,Y,L,E,M,N,S,L,R,V,E,D,T,A,V,Y,Y,C,A,R,E,H,L,P,Y,Y,Y,D,V,G,I,Y,Y,Y,Y,G,M,-,-,-,-,-,-,N,V,W,G,Q,G,T,T,V,T,V,S,S
"AG8_2D02","141","1","0","1","0","0","0","3",Q,V,Q,L,V,Q,-,-,S,G,A,E,V,K,K,P,G,A,S,V,R,L,S,C,K,A,S,G,F,R,F,T,N,Y,Y,F,N,-,-,W,V,R,Q,A,P,G,Q,G,L,E,W,M,G,I,I,N,P,-,-,-,S,G,G,A,T,T,Y,A,Q,K,F,Q,G,R,V,T,M,T,R,D,T,S,T,S,T,V,Y,M,E,L,G,S,L,R,S,E,D,T,A,V,Y,Y,C,A,R,M,A,T,L,T,A,S,Y,F,Y,S,Y,G,M,-,-,-,-,-,-,-,-,-,D,V,W,G,Q,G,T,T,V,T,V,S,S
"AG9_4A02","141","0","0","2","0","0","0","2",Q,V,Q,L,V,E,-,-,S,G,G,G,W,V,K,P,G,G,S,L,R,L,S,C,E,A,S,G,F,K,F,S,D,H,Y,M,A,-,-,W,I,R,Q,A,P,G,K,G,L,E,W,I,S,Y,I,S,D,-,-,-,N,G,K,T,E,Y,Y,A,D,S,V,R,G,R,F,T,V,S,R,D,N,G,Q,Y,F,L,Y,L,E,M,N,N,V,R,V,E,D,T,A,V,Y,Y,C,A,R,E,P,G,Q,W,L,E,G,W,F,-,-,-,-,-,-,-,-,-,-,-,-,-,D,P,W,G,Q,G,T,L,V,T,V,S,S
"AG9_4B03","141","2","0","0","0","0","0","2",Q,V,Q,L,Q,E,-,-,S,G,P,G,L,V,K,P,S,E,T,L,S,L,T,C,A,D,P,H,S,L,I,S,S,R,Y,Y,W,G,-,W,I,R,Q,P,P,G,K,G,L,E,W,I,G,T,I,F,-,-,-,-,Q,S,G,D,T,F,Y,N,P,S,L,E,S,R,V,T,L,F,V,D,T,S,K,N,Q,T,S,L,Q,L,T,S,V,T,A,A,D,A,A,V,Y,Y,C,A,R,G,L,A,A,T,G,D,Y,Y,W,Y,A,L,-,-,-,-,-,-,-,-,-,-,D,V,W,G,Q,G,T,T,V,T,V,S,S
"C1_2A02","141","1","0","2","0","0","0","2",E,V,Q,L,V,E,-,-,S,G,G,G,L,V,Q,P,G,G,S,L,R,L,S,C,V,A,S,G,F,D,F,N,Q,Y,S,M,N,-,-,W,V,R,Q,A,P,G,K,G,L,E,W,L,S,Y,I,S,S,-,-,-,S,A,A,T,V,F,Y,A,D,S,V,Q,G,R,L,T,I,S,R,D,N,G,K,N,S,L,F,L,Q,M,N,S,L,R,V,E,D,T,A,V,Y,Y,C,V,R,E,A,V,I,V,D,G,M,P,F,-,-,-,-,-,-,-,-,-,-,-,-,-,E,Y,W,G,Q,G,A,L,V,T,V,S,S
"C1_2B06","141","2","0","1","0","0","0","3",Q,V,Q,L,Q,E,-,-,S,G,P,G,L,V,K,P,S,E,T,L,S,L,T,C,S,V,S,G,D,S,I,S,E,T,I,Y,Y,W,G,W,I,R,Q,S,Q,G,K,G,L,E,W,I,G,N,V,Y,-,-,-,-,Y,D,A,S,T,Y,Y,N,P,S,L,K,S,R,V,T,M,S,I,D,T,S,K,N,Q,F,S,L,K,V,S,S,V,T,A,A,D,T,A,V,Y,Y,C,A,R,V,P,D,G,Y,K,Y,Y,Y,G,M,-,-,-,-,-,-,-,-,-,-,-,-,D,V,W,G,Q,G,T,T,V,T,V,S,S
"C1_2D03","141","2","0","1","0","0","0","2",E,V,Q,L,V,E,-,-,S,G,G,G,L,V,K,P,G,G,S,L,R,L,S,C,A,A,S,G,F,T,F,S,N,A,W,M,S,-,-,W,V,R,Q,A,P,G,K,G,L,E,W,V,G,R,I,Q,S,Q,H,-,E,G,G,T,T,D,Y,A,A,P,V,K,G,R,F,T,I,S,R,D,E,S,K,N,T,L,Y,L,Q,M,N,S,L,K,T,E,D,T,A,V,Y,Y,C,T,T,A,S,N,P,Y,N,W,N,G,P,Y,F,-,-,-,-,-,-,-,-,-,-,-,D,Y,W,G,Q,G,T,L,V,T,V,S,S
"C1_2E01","141","0","0","1","0","0","0","3",E,V,Q,L,V,E,-,-,S,G,G,G,G,V,R,P,G,R,S,L,R,L,S,C,A,A,S,G,F,N,F,E,H,Y,G,M,I,-,-,W,V,R,Q,V,P,G,K,G,L,E,W,V,S,A,I,T,W,-,-,-,N,G,G,D,T,Y,Y,V,D,S,V,R,G,R,F,T,I,S,R,D,N,A,K,R,S,L,F,L,Q,M,N,S,L,R,V,E,D,T,A,F,Y,Y,C,A,R,E,M,R,D,P,Y,D,A,F,-,-,-,-,-,-,-,-,-,-,-,-,-,-,D,L,W,G,Q,G,T,M,V,T,V,S,S
"C1_2_2D06","141","2","0","0","0","0","0","2",Q,V,Q,L,Q,E,-,-,S,G,P,G,L,V,K,P,S,E,T,L,S,L,T,C,T,V,S,D,Y,F,I,N,N,G,Y,Y,W,A,-,W,I,R,Q,A,P,G,K,G,L,E,W,I,G,S,I,Y,-,-,-,-,H,S,G,S,T,F,Y,N,P,S,L,K,S,R,V,T,I,S,V,D,T,S,E,N,Q,I,S,L,R,L,R,S,V,T,A,A,D,S,A,V,Y,Y,C,A,R,Q,S,I,Y,T,G,N,H,F,P,K,F,-,-,-,-,-,-,-,-,-,-,-,D,P,W,G,Q,G,T,L,V,T,V,S,S
"C1_2_2F03","141","2","0","1","0","0","0","4",Q,V,Q,L,Q,E,-,-,S,G,P,G,L,V,K,P,S,E,T,L,S,L,T,C,S,V,F,G,D,S,I,S,S,H,Y,W,S,-,-,W,I,R,Q,P,P,G,K,G,L,E,W,I,G,Y,I,Y,-,-,-,-,Y,S,S,R,T,D,Y,N,P,S,L,K,S,R,V,T,I,S,V,D,T,S,K,N,Q,V,S,L,S,L,R,S,V,T,A,A,D,T,A,V,Y,Y,C,A,R,T,M,D,T,S,G,W,Q,P,Y,Y,Y,G,M,-,-,-,-,-,-,-,-,-,D,V,W,G,Q,G,T,T,V,T,V,S,S
"C1_2_2F04","141","0","0","2","0","0","0","3",Q,V,Q,L,V,E,-,-,S,G,G,G,V,V,Q,P,G,G,S,L,R,L,S,C,A,A,S,G,F,I,F,T,D,Y,V,M,H,-,-,W,L,R,L,T,P,G,K,G,L,E,W,V,A,I,I,S,F,-,-,-,D,G,S,N,T,Y,Y,T,D,S,V,K,G,R,F,T,I,S,R,D,Q,S,A,N,T,L,Y,L,L,M,N,S,L,R,P,D,D,T,A,V,Y,Y,C,V,R,G,Q,D,S,S,H,Y,F,-,-,-,-,-,-,-,-,-,-,-,-,-,-,-,D,A,W,G,Q,G,A,L,V,T,V,S,S
"C1_2_B02","141","3","0","0","0","0","0","2",Q,V,Q,L,V,Q,-,-,S,G,A,E,L,K,K,P,G,A,S,V,K,V,S,C,K,A,S,G,Y,T,F,T,D,Y,Y,L,H,-,-,W,V,R,Q,A,P,G,Q,G,L,E,W,M,G,W,I,K,P,-,-,-,N,F,G,G,T,I,Y,A,Q,K,F,Q,G,R,V,T,V,T,S,D,T,S,I,N,T,A,Y,M,E,L,S,R,L,T,S,D,D,T,A,V,Y,Y,C,A,R,A,V,Y,Y,D,L,T,S,D,F,C,V,D,C,Y,D,A,F,-,-,-,-,-,D,V,W,G,Q,G,T,M,V,T,V,S,S
"C1_2_C06","141","0","0","1","0","0","0","1",E,V,Q,L,L,E,-,-,S,G,G,G,L,V,Q,P,G,G,S,L,R,L,S,C,V,A,S,G,F,S,F,S,K,Y,G,M,S,-,-,W,V,R,Q,V,P,G,K,G,L,E,G,V,A,S,V,S,V,-,-,-,G,G,G,Y,S,H,Y,S,D,Y,V,A,G,R,F,V,I,S,K,E,V,S,S,N,T,L,H,L,Q,M,S,R,L,R,A,E,D,T,A,V,Y,Y,C,V,K,N,R,G,W,Q,L,G,P,D,A,F,-,-,-,-,-,-,-,-,-,-,-,-,D,S,W,G,Q,G,T,M,V,T,V,S,S
"C1_2_E05","141","1","0","2","1","0","0","3",E,V,Q,L,V,E,-,-,S,G,G,G,L,V,Q,P,G,G,S,L,R,L,S,C,A,A,S,G,F,S,F,S,L,Y,S,M,N,-,-,W,V,R,Q,A,P,G,K,R,L,E,W,I,S,Y,I,S,S,-,-,-,S,S,G,T,K,L,Y,A,D,S,V,K,G,R,L,T,T,S,R,D,N,A,K,S,S,L,Y,L,Q,M,T,N,L,R,P,E,D,T,A,V,Y,Y,C,V,R,E,E,V,I,V,G,G,I,P,F,-,-,-,-,-,-,-,-,-,-,-,-,-,D,Y,W,G,Q,G,A,L,V,T,V,S,S
"C1_3A03","141","2","0","0","0","0","0","3",Q,L,Q,L,Q,E,-,-,S,G,P,G,L,V,K,P,S,E,T,L,S,L,T,C,T,V,D,G,G,S,I,S,S,S,S,Y,Y,W,D,W,I,R,Q,P,P,G,K,G,L,E,W,I,G,S,I,Y,-,-,-,-,Y,S,G,E,T,Y,H,N,P,S,L,K,T,R,V,T,T,S,V,D,T,S,K,N,Q,F,S,L,R,L,S,S,V,T,A,A,D,T,A,V,Y,Y,C,A,R,R,C,G,G,Y,Q,Y,Y,Y,G,M,-,-,-,-,-,-,-,-,-,-,-,-,D,V,W,G,Q,G,T,T,V,T,V,S,S
"C1_3E03","141","3","0","2","0","0","0","4",E,V,Q,L,V,E,-,-,S,G,G,G,L,V,Q,P,G,G,S,L,R,L,S,C,V,V,S,G,F,S,F,S,K,Y,E,M,N,-,-,W,V,R,Q,A,P,G,K,G,L,E,W,I,S,Y,I,S,S,-,-,-,S,G,E,T,I,F,Y,A,D,S,V,R,G,R,F,T,T,S,R,D,N,A,H,N,S,L,Y,L,Q,M,N,S,L,R,A,E,D,T,A,I,Y,Y,C,A,N,M,R,A,W,F,W,Y,D,P,A,D,D,I,-,-,-,-,-,-,-,-,-,-,G,H,W,G,Q,G,T,L,V,T,V,S,S
"C1_3E05","141","2","0","1","0","0","0","2",Q,V,Q,L,Q,E,-,-,S,G,P,G,L,V,T,P,S,E,T,L,S,L,T,C,T,V,S,G,G,S,I,S,S,T,I,H,Y,W,G,W,I,R,Q,P,P,G,K,G,L,E,W,I,G,S,V,Y,-,-,-,-,Y,D,G,M,T,Y,H,N,P,S,L,K,S,R,V,T,M,S,A,D,T,S,K,N,Q,F,S,L,E,L,S,S,V,T,A,A,D,T,A,V,Y,F,C,A,R,Q,Q,E,G,Y,Y,Y,Y,Y,G,M,-,-,-,-,-,-,-,-,-,-,-,-,D,V,W,G,Q,G,T,T,V,T,V,S,S
"C1_3_7F02","141","2","0","1","0","0","0","1",Q,V,Q,L,V,Q,-,-,S,E,A,E,V,K,K,P,G,A,S,V,T,V,S,C,K,T,S,G,Y,P,F,S,T,Y,F,M,H,-,-,W,V,R,Q,A,P,G,Q,G,L,E,W,M,G,I,I,N,P,-,-,-,N,G,G,S,T,N,E,A,Q,K,F,Q,G,R,L,I,M,T,A,D,T,S,T,G,T,L,F,M,E,L,K,G,L,R,S,D,D,T,A,V,Y,Y,C,A,R,G,G,V,G,P,T,W,G,Y,D,A,F,-,-,-,-,-,-,-,-,-,-,-,N,M,W,G,Q,G,T,M,V,T,V,S,S
"C1_B01","141","1","0","2","0","0","0","3",E,V,Q,L,V,E,-,-,S,G,G,G,L,V,Q,P,G,G,S,L,R,L,S,C,A,A,S,G,F,P,F,A,T,Y,S,M,N,-,-,W,V,R,Q,A,P,G,K,G,L,E,W,L,S,Y,I,S,S,-,-,-,S,S,A,T,V,F,Y,A,D,S,V,K,G,R,L,T,I,S,R,D,N,A,K,N,S,L,Y,L,Q,M,Y,S,L,R,A,E,D,T,A,V,Y,Y,C,A,R,E,E,V,V,V,A,G,T,P,F,-,-,-,-,-,-,-,-,-,-,-,-,-,D,S,W,G,Q,G,A,L,V,T,V,S,S
"C1_C02","141","2","0","1","0","0","0","3",E,V,Q,L,V,E,-,-,S,G,G,G,L,V,K,P,G,G,S,L,R,I,S,C,A,A,S,G,F,S,F,S,N,A,W,M,N,-,-,W,V,R,Q,A,P,G,R,G,L,E,W,V,G,R,I,K,S,K,T,-,D,G,G,I,T,D,Y,G,A,P,V,K,G,R,F,S,I,S,R,D,D,S,K,K,T,L,Y,L,Q,M,N,S,L,K,T,E,D,T,A,V,Y,Y,C,A,T,G,G,G,S,A,S,G,M,Y,Y,Y,N,G,L,-,-,-,-,-,-,-,-,-,D,V,W,G,Q,G,T,T,V,T,V,S,S
"C1_E04","141","1","0","1","0","0","0","3",Q,V,Q,L,Q,E,-,-,S,G,P,G,L,V,K,P,S,E,T,L,S,L,T,C,T,V,S,G,D,S,I,I,S,S,G,S,Y,W,A,W,I,R,Q,P,P,G,K,G,L,E,W,I,G,F,V,Y,-,-,-,-,Y,S,G,S,T,Y,Y,S,T,S,L,K,S,R,V,T,I,S,V,D,T,S,K,N,Q,F,S,L,K,L,T,S,V,T,A,A,D,T,A,V,Y,F,C,A,R,D,R,G,G,E,E,Y,Y,Y,G,M,-,-,-,-,-,-,-,-,-,-,-,-,D,V,W,G,P,G,T,T,V,T,V,S,S
"C1_F02","141","2","0","0","0","0","0","3",Q,V,Q,L,Q,E,-,-,S,G,P,G,L,V,K,P,S,E,T,L,S,L,T,C,T,V,S,G,G,S,I,Y,S,T,I,H,Y,W,G,W,I,R,Q,P,P,G,K,G,L,E,W,I,G,S,I,Y,-,-,-,-,Y,D,A,N,T,Y,Y,N,P,S,L,K,S,R,V,T,M,S,I,D,T,S,K,N,Q,F,S,L,R,V,Y,S,V,T,A,A,D,T,A,V,Y,Y,C,A,K,I,N,S,G,Y,E,Y,Y,Y,G,M,-,-,-,-,-,-,-,-,-,-,-,-,D,V,W,G,Q,G,T,T,V,T,V,S,S
"C2_3_D06","141","1","0","1","0","0","0","4",Q,V,Q,L,Q,E,-,-,S,G,P,G,L,V,K,P,S,E,T,L,S,L,T,C,T,V,S,A,D,S,I,S,S,Y,F,W,T,-,-,W,I,R,Q,P,P,G,K,G,L,E,W,I,G,Y,I,Y,-,-,-,-,Y,S,G,S,T,N,Y,N,P,S,L,K,S,R,V,T,I,S,L,D,T,S,K,R,L,L,S,L,K,L,S,S,V,T,A,A,D,T,A,V,Y,Y,C,A,R,D,S,T,V,F,P,R,I,F,-,-,-,-,-,-,-,-,-,-,-,-,-,-,D,S,W,G,Q,G,T,L,V,T,V,S,S
"C2_3_F04","141","1","0","1","0","0","0","4",Q,V,Q,L,V,E,-,-,S,G,G,G,V,V,Q,P,G,R,S,L,R,L,S,C,A,A,S,G,F,S,F,R,D,F,S,M,H,-,-,W,V,R,Q,A,P,G,M,G,L,E,W,V,T,L,I,S,Y,-,-,-,D,G,T,N,T,F,Y,A,D,S,V,K,G,R,F,T,I,S,R,D,N,S,K,N,T,L,F,L,Q,L,N,S,L,R,T,E,D,T,A,V,Y,Y,C,A,R,D,Y,R,H,G,L,I,-,-,-,-,-,-,-,-,-,-,-,-,-,-,-,-,D,F,W,G,Q,G,T,L,V,T,V,S,S
"C2_3_G03","141","0","0","1","0","0","0","3",E,V,Q,L,V,E,-,-,S,G,G,R,L,V,Q,P,G,G,S,L,R,L,S,C,A,A,S,G,F,I,F,S,N,Y,W,M,H,-,-,W,V,R,Q,A,P,G,K,G,L,V,W,V,S,R,I,N,S,-,-,-,D,G,S,S,I,V,Y,A,D,S,V,K,G,R,F,T,V,S,R,D,N,A,K,N,T,L,Y,L,Q,M,N,S,L,R,A,E,D,T,A,V,Y,Y,C,A,R,E,P,Y,H,P,P,Q,F,-,-,-,-,-,-,-,-,-,-,-,-,-,-,-,D,Y,W,G,Q,G,T,L,V,T,V,S,S
"C2_3_G05","141","1","0","0","0","0","0","3",Q,V,Q,L,Q,E,-,-,S,G,P,G,L,V,K,P,S,E,T,L,S,L,T,C,T,V,S,G,G,S,I,S,Y,S,N,F,Y,W,G,W,I,R,Q,P,P,G,K,G,L,E,W,I,G,S,V,Y,-,-,-,-,Y,S,G,T,T,Y,Y,N,P,S,L,K,S,R,V,T,I,S,I,D,T,S,K,N,Q,I,S,L,K,L,N,F,V,T,A,A,D,T,A,L,Y,Y,C,S,R,L,Q,P,Y,T,N,Y,G,R,S,H,Y,Y,F,Y,A,L,-,-,-,-,-,-,D,V,W,G,Q,G,T,T,V,T,V,S,S
"C3_2_3C01","141","0","0","1","0","0","0","3",E,V,Q,L,L,E,-,-,S,G,G,G,L,V,Q,P,G,G,S,L,R,L,S,C,A,A,S,G,F,T,L,S,S,N,A,M,A,-,-,W,V,R,Q,V,P,G,K,G,L,Q,W,V,S,G,I,G,G,-,-,-,I,G,G,S,T,Y,Y,A,D,S,V,K,G,R,F,T,M,S,R,D,N,S,R,N,T,L,Y,L,Q,M,N,S,L,R,V,E,D,T,A,V,Y,Y,C,A,K,G,V,G,R,I,F,M,V,R,G,F,Y,F,-,-,-,-,-,-,-,-,-,-,D,Y,W,G,Q,G,A,L,V,T,V,S,S
"C3_2_3F02","141","0","0","2","0","0","0","4",Q,V,Q,L,V,E,-,-,S,G,G,G,V,V,R,P,G,G,S,L,R,L,S,C,E,A,S,G,F,T,F,R,V,Y,D,M,H,-,-,W,V,R,Q,A,P,G,K,G,L,E,W,V,A,F,I,R,R,-,-,-,D,G,S,N,E,Y,V,I,D,S,V,K,G,R,F,T,I,S,R,D,N,S,K,N,T,V,Y,L,R,M,N,S,L,R,P,E,D,T,A,L,Y,Y,C,A,K,L,P,Q,R,L,D,E,G,D,Y,Y,F,D,M,-,-,-,-,-,-,-,-,-,E,V,W,G,Q,G,T,T,V,T,V,S,S
"C6_2_2C06","141","1","0","2","0","0","0","3",E,V,Q,L,L,E,-,-,S,G,G,G,L,V,Q,P,G,G,S,L,R,L,S,C,A,A,S,G,F,T,F,S,F,S,A,M,S,-,-,W,I,R,Q,T,P,A,K,G,L,E,W,V,A,A,I,S,G,-,-,-,N,G,G,A,T,F,Y,T,D,S,V,K,G,R,F,T,I,S,R,D,N,S,K,S,T,V,H,L,Q,M,H,S,L,R,A,E,D,T,A,V,Y,Y,C,A,K,K,S,P,N,D,Y,D,-,-,-,-,-,-,-,-,-,-,-,-,-,-,-,-,H,Y,W,G,Q,G,A,L,V,T,V,S,S
"C6_2_C01","141","1","0","1","1","0","0","3",E,V,Q,L,V,E,-,-,S,G,G,G,L,V,K,P,G,A,S,L,R,L,S,C,V,G,S,G,F,I,F,S,N,A,W,M,N,-,-,W,V,R,Q,A,P,G,K,G,L,E,W,V,G,R,M,K,I,Y,T,-,D,G,G,T,T,D,Y,A,A,P,V,K,G,R,F,T,I,S,R,D,D,S,K,N,T,L,Y,L,Q,M,S,S,L,K,T,E,D,T,A,M,Y,Y,C,V,T,D,F,S,G,R,R,-,-,-,-,-,-,-,-,-,-,-,-,-,-,-,-,-,P,Y,W,G,Q,G,T,L,V,T,V,S,S
"C6_2_D02","141","1","0","1","0","0","0","3",Q,V,Q,L,V,E,-,-,S,G,G,G,L,V,Q,P,G,G,S,L,R,L,S,C,A,A,S,G,F,T,F,N,T,H,L,M,Y,-,-,W,V,R,Q,A,P,G,K,G,L,E,W,V,S,L,I,S,P,-,-,-,A,G,R,N,K,F,Y,A,D,S,V,R,A,R,F,T,I,S,R,V,N,S,R,N,T,L,Y,L,Q,I,D,T,V,R,P,E,D,T,A,V,Y,Y,C,A,T,R,S,V,G,A,T,G,Y,L,S,W,G,P,K,D,Y,S,Y,N,D,V,-,-,D,V,W,G,Q,G,T,T,V,T,V,S,S
"C6_C01","141","0","0","1","0","0","0","3",Q,V,Q,L,V,E,-,-,S,G,G,G,V,V,Q,P,G,K,S,L,R,L,S,C,T,A,S,G,F,T,F,S,S,Y,A,M,H,-,-,W,V,R,Q,A,P,G,K,G,L,E,W,V,A,V,V,A,Y,-,-,-,D,G,S,N,R,Y,Y,V,D,S,V,K,G,R,F,T,I,S,R,D,N,S,K,N,T,L,Y,L,Q,M,N,N,I,R,P,E,D,T,A,V,Y,Y,C,A,R,V,A,S,M,I,L,V,D,I,K,Y,Y,F,-,-,-,-,-,-,-,-,-,-,D,Y,W,G,Q,G,T,L,V,T,V,S,S
"C6_G03","141","1","0","1","0","0","0","3",E,V,Q,L,V,E,-,-,S,G,G,G,L,V,Q,P,G,R,S,L,R,L,S,C,A,A,S,G,F,S,F,D,D,F,A,M,H,-,-,W,V,R,Q,A,P,G,K,G,L,E,W,V,S,G,V,T,W,-,-,-,N,S,G,S,R,D,Y,A,D,S,V,K,G,R,F,T,I,S,R,D,N,D,K,N,S,L,S,L,Q,M,N,S,L,R,P,E,D,T,A,V,Y,Y,C,V,K,G,R,G,G,V,Y,T,G,Y,G,P,R,Y,L,-,-,-,-,-,-,-,-,-,D,Y,W,G,Q,G,T,L,V,T,V,S,S
"C7_3_A05","141","1","0","1","0","0","0","3",Q,V,Q,L,V,Q,S,G,A,E,V,K,K,P,G,P,G,A,S,V,K,V,S,C,K,A,S,G,D,S,F,T,N,Y,Y,M,H,-,-,W,V,R,Q,A,P,G,Q,G,L,E,W,M,G,M,I,N,P,-,-,-,N,G,G,N,V,T,Y,A,Q,N,F,Q,D,R,V,T,M,T,I,D,T,S,T,S,T,V,Y,M,E,L,S,S,L,R,S,E,D,T,A,V,Y,F,C,V,R,V,F,E,E,Q,W,L,-,-,-,-,-,-,-,-,-,-,-,-,-,-,-,-,A,Y,W,G,Q,G,T,L,V,T,V,S,S
"C7_3_C02","141","2","0","2","0","0","0","1",Q,V,Q,L,Q,E,-,-,S,G,P,G,L,V,K,P,S,E,T,L,S,L,T,C,N,V,S,G,D,S,V,S,S,G,N,Y,Y,W,S,W,I,R,Q,P,P,G,K,A,L,E,W,I,G,Y,I,Y,-,-,-,-,N,R,G,R,T,K,Y,N,S,A,L,K,S,R,V,T,I,S,E,D,T,A,N,N,Q,F,S,L,R,L,T,S,V,T,A,A,D,T,A,I,Y,Y,C,A,R,D,N,V,V,S,L,G,R,F,G,E,F,A,L,Y,I,-,-,-,-,-,-,-,D,Y,W,G,R,G,T,L,V,T,V,S,S
"C8_A06","141","2","0","1","0","0","0","3",Q,V,Q,L,V,Q,-,-,S,G,V,E,V,K,K,P,G,A,S,V,K,V,S,C,K,T,S,G,Y,T,F,T,S,F,D,I,D,-,-,W,V,R,Q,A,P,G,Q,G,L,E,W,M,G,W,M,N,P,-,-,-,N,S,G,T,T,G,Y,A,Q,K,F,Q,G,R,V,T,M,T,R,N,T,S,I,S,T,A,Y,M,E,L,S,S,L,R,S,D,D,T,A,V,Y,Y,C,A,R,G,K,S,T,I,T,T,Y,W,F,-,-,-,-,-,-,-,-,-,-,-,-,-,D,P,W,G,Q,G,T,L,V,T,V,S,S
"C8_B04","141","1","0","1","0","0","0","5",Q,V,Q,L,Q,E,-,-,S,G,P,G,L,V,K,P,S,E,T,L,S,L,T,C,T,V,S,G,G,S,I,G,N,Y,Y,W,N,-,-,W,V,R,Q,P,P,G,K,G,L,E,W,I,G,Y,V,Y,-,-,-,-,N,N,G,G,T,S,Y,N,T,S,L,K,S,R,V,T,I,S,V,D,T,S,K,K,Q,F,S,L,R,L,S,S,V,T,A,A,D,T,A,M,Y,Y,C,A,R,L,G,F,G,E,V,F,S,F,K,R,Y,Y,Y,Y,G,L,-,-,-,-,-,-,D,V,W,G,R,G,T,T,V,T,V,S,S
"K77_1A06","141","0","0","1","0","0","0","4",E,V,Q,L,V,E,-,-,S,G,G,G,L,V,Q,P,G,G,S,L,R,L,S,C,A,A,S,G,F,T,F,S,S,Y,G,M,N,-,-,W,V,R,Q,A,P,G,K,G,L,E,W,I,S,D,I,S,S,-,-,-,D,R,S,T,I,Y,Y,T,D,S,V,K,G,R,F,T,I,S,R,N,N,A,K,N,S,L,Y,L,Q,M,N,S,L,R,V,D,D,T,A,V,Y,Y,C,A,R,D,F,M,S,Y,F,F,-,-,-,-,-,-,-,-,-,-,-,-,-,-,-,-,D,Y,W,G,Q,G,T,L,V,T,V,S,S
"K77_1B01","141","1","0","1","0","0","0","2",E,V,Q,L,V,E,-,-,S,G,G,V,V,V,Q,P,G,G,S,L,N,L,S,C,A,A,S,G,F,T,F,D,D,Y,A,M,H,-,-,W,V,R,Q,T,P,G,K,G,L,E,W,V,S,L,I,S,W,-,-,-,D,G,G,H,T,Y,Y,A,D,S,V,K,G,R,F,T,I,S,R,D,N,S,K,N,F,L,Y,L,E,G,H,S,L,R,P,E,D,T,A,L,Y,Y,C,V,R,D,P,G,A,G,N,Y,Y,Y,Y,G,M,-,-,-,-,-,-,-,-,-,-,-,D,V,W,G,H,G,T,T,V,T,V,S,S
"K77_1B02","141","1","0","1","0","0","0","3",E,V,Q,L,V,E,-,-,S,G,G,G,L,E,R,P,G,G,S,L,R,L,S,C,A,A,S,G,F,T,F,D,D,H,G,M,S,-,-,W,V,R,Q,A,P,G,K,G,L,E,W,V,S,G,I,N,W,-,-,-,N,G,G,S,T,G,Y,A,D,S,V,K,G,R,F,T,I,S,R,D,N,A,K,S,S,L,F,L,Q,M,N,S,L,R,A,E,D,T,A,L,Y,Y,C,A,R,D,S,Q,Q,G,I,A,A,A,G,I,F,-,-,-,-,-,-,-,-,-,-,-,H,Y,W,G,Q,G,T,L,V,T,V,S,S
"K77_1B07","141","1","0","1","0","0","0","3",Q,V,Q,L,V,Q,-,-,S,G,A,E,V,K,K,P,G,A,S,V,K,V,S,C,K,A,S,D,Y,S,L,T,N,Y,Y,L,H,-,-,W,V,R,Q,P,P,G,Q,G,L,E,W,M,G,I,I,H,P,-,-,-,N,G,I,T,T,T,Y,A,Q,K,F,L,G,R,V,T,M,T,R,D,T,S,T,S,T,V,Y,M,E,L,T,S,L,R,S,D,D,T,A,V,Y,Y,C,A,R,R,G,V,V,I,T,S,E,G,Y,H,Y,Y,G,L,-,-,-,-,-,-,-,-,D,V,W,G,Q,G,T,T,V,T,V,S,S
"K77_1B08","141","1","0","1","0","0","0","3",E,V,Q,L,V,Q,-,-,S,G,A,E,V,K,K,P,G,E,S,L,K,I,S,C,K,G,F,G,F,S,F,T,N,Y,W,I,G,-,-,W,V,R,Q,M,P,G,K,G,L,D,W,M,G,I,I,Y,P,-,-,-,G,D,S,D,P,R,Y,S,P,S,F,Q,G,Q,V,T,I,S,A,D,K,S,L,S,T,A,F,L,Q,W,N,S,L,K,A,S,D,T,A,M,Y,Y,C,A,S,N,I,L,N,Y,R,K,N,W,Y,L,G,G,A,F,-,-,-,-,-,-,-,-,D,I,W,G,Q,G,T,M,V,T,V,S,S
"K77_1C04","141","1","0","0","0","0","0","4",Q,V,Q,L,Q,E,-,-,S,G,P,G,L,V,K,P,S,E,T,L,S,L,T,C,T,V,S,G,G,S,I,S,S,S,R,Y,Y,W,G,W,I,R,Q,P,P,G,K,G,L,E,C,I,G,T,I,Y,-,-,-,-,Y,T,G,N,T,Y,Y,N,P,S,L,K,S,R,V,T,I,S,V,D,T,S,K,N,Q,F,S,L,K,L,R,S,V,T,A,A,D,T,A,V,Y,Y,C,A,R,E,G,Q,W,L,D,P,N,Y,F,-,-,-,-,-,-,-,-,-,-,-,-,-,D,Y,W,G,Q,G,A,L,V,T,V,S,S
"K77_1C10","141","1","0","1","0","0","0","2",E,V,Q,L,V,E,-,-,S,G,G,G,P,V,K,P,G,G,S,L,R,L,S,C,V,G,S,G,F,T,F,S,Y,F,S,M,N,-,-,W,V,R,Q,A,P,G,K,G,L,E,W,V,S,S,I,S,S,-,-,-,A,S,N,F,I,E,Y,A,E,S,V,R,G,R,F,T,V,S,R,D,N,A,K,N,A,V,Y,L,Q,M,D,N,L,R,A,D,D,T,A,V,Y,Y,C,A,R,E,G,P,G,E,I,V,V,V,T,C,Y,-,-,-,-,-,-,-,-,-,-,-,D,H,W,G,Q,G,T,L,V,S,V,S,S
"K77_1C11","141","3","0","0","0","0","0","3",Q,V,Q,L,Q,E,-,-,S,G,P,G,L,V,K,P,S,E,T,L,S,L,S,C,T,V,S,G,G,S,I,S,T,Y,D,W,S,-,-,W,I,R,Q,S,P,G,K,G,L,E,W,I,G,C,I,Y,-,-,-,-,Y,I,G,R,T,E,Y,N,P,S,L,K,S,R,V,T,I,S,V,D,T,S,K,N,Q,F,S,L,K,L,S,S,V,T,A,A,D,T,A,V,Y,Y,C,A,R,D,G,R,G,Y,S,G,Y,D,Y,Y,N,Y,Y,G,M,-,-,-,-,-,-,-,D,A,W,G,Q,G,T,T,V,T,V,S,S
"K77_1C12","141","0","0","1","0","0","0","3",E,V,Q,L,V,E,-,-,S,G,G,G,V,V,Q,P,G,G,S,L,R,L,S,C,A,A,S,G,F,T,F,S,N,Y,G,M,H,-,-,W,V,R,Q,A,P,G,K,G,L,E,W,V,A,F,I,R,Y,-,-,-,D,G,S,N,E,Y,Y,G,D,S,A,K,G,R,F,T,I,S,R,D,N,S,K,N,T,L,Y,L,Q,L,I,S,L,R,P,D,D,T,A,V,Y,Y,C,A,N,E,P,D,P,Q,S,G,G,L,R,N,D,G,V,V,H,H,-,-,-,-,-,-,D,H,W,G,Q,G,T,L,V,T,V,S,S
"K77_1D03","141","1","0","2","0","0","0","3",E,V,Q,L,F,E,-,-,S,G,G,D,L,I,Q,P,G,G,S,L,R,L,S,C,A,A,F,A,F,T,F,S,S,Y,A,M,T,-,-,W,V,R,Q,A,P,G,K,G,L,E,W,V,S,G,I,S,G,-,-,-,S,G,Y,R,T,H,Y,A,D,S,V,K,G,R,F,T,I,S,R,D,N,S,K,N,T,L,Y,L,Q,M,N,S,L,R,G,E,D,T,A,V,Y,Y,C,A,K,V,S,S,D,F,T,I,Y,G,E,G,Y,Y,Y,Y,D,M,-,-,-,-,-,-,D,V,W,G,Q,G,T,T,V,T,V,S,S
"K77_1D04","141","1","0","2","0","0","0","3",E,V,Q,L,V,E,-,-,S,G,G,G,V,V,Q,P,G,G,S,L,R,L,S,C,G,A,S,G,F,T,F,S,D,Y,G,M,H,-,-,W,V,R,Q,A,P,G,K,G,L,E,W,V,T,Y,I,R,Y,-,-,-,D,G,S,N,E,F,Y,A,D,S,V,K,G,R,F,T,V,S,R,D,N,S,K,N,T,L,Y,L,E,M,H,S,L,R,P,E,D,T,A,V,Y,F,C,A,N,S,A,L,G,Y,C,S,G,E,N,C,P,K,F,-,-,-,-,-,-,-,-,-,D,F,W,G,Q,G,T,L,V,T,V,S,S
"K77_1D09","141","2","0","0","0","0","0","3",Q,V,Q,L,Q,E,-,-,S,G,P,G,L,V,K,P,S,E,T,L,S,L,T,C,T,V,S,D,G,S,V,S,S,S,S,Y,F,W,G,W,I,R,Q,P,P,G,K,G,L,E,W,I,G,S,I,Y,-,-,-,-,Y,T,G,D,T,D,Y,N,P,S,L,K,G,R,V,T,I,S,V,D,S,S,K,N,Q,F,S,L,R,L,S,S,L,T,A,A,D,T,A,V,Y,Y,C,A,R,E,G,P,A,W,V,R,Y,S,F,-,-,-,-,-,-,-,-,-,-,-,-,-,D,Y,W,G,Q,G,S,L,V,T,V,S,S
"K77_1D10","141","2","0","0","0","0","0","1",Q,V,Q,L,Q,E,-,-,S,G,P,G,L,V,K,T,S,G,T,L,S,L,T,C,A,V,S,G,G,S,M,S,S,S,D,W,W,S,-,W,V,R,Q,P,P,G,K,G,L,E,W,I,G,E,I,H,-,-,-,-,R,S,G,T,S,N,Y,N,P,S,L,Q,T,R,V,T,I,S,V,D,K,S,K,N,Q,F,S,L,K,L,T,S,V,T,A,A,D,T,A,V,Y,Y,C,A,R,V,A,T,L,Y,Y,D,D,N,T,P,Y,S,S,Y,Y,F,-,-,-,-,-,-,D,F,W,G,Q,G,I,L,V,P,V,S,S
"K77_1E03","141","2","0","1","0","0","0","3",L,V,Q,L,Q,E,-,-,S,G,P,G,L,V,K,P,S,E,T,L,S,L,T,C,T,V,S,D,G,S,I,S,N,Y,Y,W,S,-,-,W,I,R,Q,P,P,G,K,G,L,E,W,I,G,Y,I,F,-,-,-,-,Y,S,G,S,T,N,Y,N,P,S,L,K,S,R,V,S,I,S,V,D,T,S,K,N,Q,F,S,L,K,L,R,S,V,T,A,A,D,T,A,V,Y,Y,C,A,R,R,Q,G,W,F,H,N,A,F,-,-,-,-,-,-,-,-,-,-,-,-,-,-,D,I,W,G,Q,G,T,M,V,I,V,S,S
"K77_1E06","141","0","0","1","0","0","0","4",E,V,Q,V,V,E,-,-,S,G,G,R,L,V,R,P,G,G,S,L,R,L,S,C,A,A,S,G,F,I,L,S,N,F,W,M,T,-,-,W,V,R,Q,A,P,G,K,G,L,E,F,V,A,N,I,K,Q,-,-,-,D,G,S,L,K,Y,Y,V,D,S,V,K,G,R,F,T,I,S,R,D,N,A,M,N,S,V,Y,L,Q,M,N,S,V,R,A,E,D,S,A,V,Y,Y,C,A,R,D,W,F,G,R,E,L,G,A,M,-,-,-,-,-,-,-,-,-,-,-,-,-,D,I,W,G,Q,G,T,T,V,T,V,S,S
"K77_1F01","141","0","0","1","0","0","0","4",E,V,Q,L,V,E,-,-,S,G,G,G,L,V,Q,P,G,G,S,L,R,L,S,C,A,A,S,G,F,T,F,S,S,Y,G,M,N,-,-,W,V,R,Q,A,P,G,K,G,L,E,W,I,S,D,I,S,S,-,-,-,D,R,S,T,I,Y,Y,A,D,S,V,K,G,R,F,T,I,S,R,D,N,A,K,N,S,L,Y,L,Q,M,N,S,L,R,V,E,D,T,A,V,Y,Y,C,A,R,D,F,M,S,Y,F,F,-,-,-,-,-,-,-,-,-,-,-,-,-,-,-,-,D,Y,W,G,Q,G,T,L,V,T,V,S,S
"K77_1F06","141","1","0","1","0","0","0","3",Q,V,L,L,V,Q,-,-,S,G,P,E,V,K,K,P,G,A,S,V,K,V,S,C,K,A,S,G,Y,T,F,T,A,S,Y,M,H,-,-,W,V,R,Q,A,P,G,Q,G,L,E,W,M,G,V,I,N,P,-,-,-,R,H,G,N,I,A,Y,A,K,K,F,L,G,R,V,T,M,T,R,D,T,S,T,S,T,V,Y,M,E,L,T,S,L,R,S,E,D,T,A,V,Y,Y,C,A,R,D,L,R,E,M,D,V,P,G,P,Y,G,M,-,-,-,-,-,-,-,-,-,-,D,V,W,G,Q,G,T,T,V,I,V,S,S
"K77_1F11","141","1","0","1","0","0","1","2",Q,V,Q,L,V,Q,-,-,S,A,A,E,V,K,K,P,G,A,S,V,K,V,S,C,K,A,S,G,Y,S,F,T,S,Y,Q,V,H,-,-,W,V,R,Q,A,P,G,Q,G,L,E,W,M,G,M,I,I,P,-,-,-,T,P,G,S,I,N,Y,A,Q,K,F,Q,G,R,V,T,M,T,R,D,T,S,T,N,T,V,Y,M,E,V,S,G,L,R,S,D,D,T,A,V,Y,Y,C,A,R,R,G,S,Y,I,S,G,H,Y,T,Y,Y,G,M,-,-,-,-,-,-,-,-,-,D,V,W,G,Q,G,T,T,V,T,V,S,S
"K77_1G04","141","3","0","1","0","0","0","3",Q,V,H,L,V,Q,-,-,S,G,A,E,V,K,N,P,G,A,S,V,K,V,S,C,K,A,S,G,Y,T,F,T,E,Y,Y,M,H,-,-,W,V,R,Q,S,P,G,Q,G,L,E,W,M,G,W,I,N,P,-,-,-,K,T,G,G,T,N,Y,A,Q,K,F,Q,G,W,V,T,M,T,R,D,T,S,I,K,T,V,Y,M,E,L,S,R,L,R,C,D,D,T,A,V,Y,Y,C,A,R,D,D,G,Y,T,T,G,A,-,-,-,-,-,-,-,-,-,-,-,-,-,-,-,D,V,W,G,R,G,T,T,V,T,V,S,S
"K77_1G05","141","0","0","1","0","0","0","4",E,V,Q,L,V,E,-,-,S,G,G,G,V,V,Q,P,G,R,S,L,R,L,S,C,A,A,S,G,F,T,F,S,S,Y,S,L,D,-,-,W,V,R,Q,A,P,G,K,G,L,E,W,V,A,V,I,S,Y,-,-,-,D,G,S,D,K,Y,F,A,D,S,V,K,G,R,F,T,I,S,R,D,N,S,K,N,T,L,Y,L,Q,M,N,S,L,R,A,E,D,T,A,V,Y,Y,C,A,R,D,S,T,G,Y,Y,S,F,-,-,-,-,-,-,-,-,-,-,-,-,-,-,-,D,Y,W,G,Q,G,T,L,V,T,V,S,S
"K77_1G08","141","1","0","0","0","0","1","2",L,V,Q,P,Q,E,-,-,S,G,P,G,L,V,K,P,S,E,T,L,S,L,T,C,T,V,S,N,G,S,I,S,S,G,N,F,Y,W,G,W,I,R,Q,P,P,G,K,G,L,E,W,L,G,A,I,Y,-,-,-,-,Y,T,G,I,T,Y,Y,S,P,S,L,K,R,R,L,T,I,S,V,D,T,S,M,N,Q,F,S,L,R,L,N,S,V,T,A,A,D,T,A,V,Y,Y,C,A,R,D,L,A,P,Y,Y,Y,G,S,G,T,F,Y,N,I,F,-,-,-,-,-,-,-,D,H,W,G,Q,G,T,L,I,T,V,S,S
"K77_2A03","141","1","0","0","0","0","0","3",L,V,Q,L,Q,E,-,-,S,G,P,G,L,V,K,P,S,E,T,L,S,L,T,C,T,V,S,G,G,S,I,S,S,S,T,Y,Y,W,G,W,I,R,Q,P,P,G,K,G,L,E,W,I,G,S,I,Y,-,-,-,-,Y,T,G,D,T,Y,Y,N,P,S,L,K,S,R,V,T,I,S,V,D,S,S,K,N,Q,F,S,L,K,L,S,S,L,T,A,A,D,T,A,V,Y,Y,C,A,R,E,R,A,W,L,R,G,P,F,-,-,-,-,-,-,-,-,-,-,-,-,-,-,D,F,W,G,R,G,T,L,V,T,V,S,S
"K77_2A04","141","1","0","0","0","0","0","3",Q,V,H,L,Q,E,-,-,S,G,P,G,L,V,K,P,S,G,T,L,S,L,T,C,D,V,S,G,V,S,I,R,S,P,N,W,W,S,-,W,V,R,Q,S,P,G,K,G,L,E,W,I,G,E,I,Y,-,-,-,-,H,S,A,D,T,N,Y,N,P,S,L,K,S,R,V,T,I,S,L,D,K,S,K,N,Q,F,S,L,K,L,I,S,V,T,A,A,D,T,A,V,Y,Y,C,G,R,D,R,Y,D,S,S,G,F,Y,R,G,Y,Y,Y,G,I,-,-,-,-,-,-,-,D,V,W,G,Q,G,T,T,V,T,V,S,S
"K77_2A05","141","0","0","1","0","0","0","4",E,V,Q,L,V,E,-,-,S,G,G,G,V,V,Q,P,G,R,S,L,R,L,S,C,A,A,S,G,F,T,F,A,S,Y,G,L,H,-,-,W,V,R,Q,A,P,G,K,G,L,E,W,V,A,H,V,S,S,-,-,-,E,G,S,E,K,Y,Y,A,D,S,V,K,G,R,F,T,I,S,R,D,N,P,K,N,K,L,Y,L,Q,M,T,S,L,R,A,E,D,T,A,V,Y,Y,C,A,R,D,R,S,G,Y,F,Q,V,-,-,-,-,-,-,-,-,-,-,-,-,-,-,-,D,Y,W,G,Q,G,T,L,V,T,V,S,S
"K77_2A09","141","0","0","2","0","0","0","1",E,V,Q,V,V,E,-,-,S,G,G,T,V,V,Q,P,G,G,S,L,T,L,S,C,T,T,S,G,F,T,F,D,N,F,A,M,H,-,-,W,V,R,Q,A,P,G,K,G,L,E,W,V,A,L,V,G,W,-,-,-,D,S,A,V,I,Y,Y,A,D,S,V,Q,G,R,F,N,I,S,R,D,N,S,K,N,S,L,Y,L,Q,M,N,S,L,R,A,E,D,T,A,L,Y,Y,C,A,K,D,D,D,P,G,N,Y,G,Y,F,H,Y,S,L,-,-,-,-,-,-,-,-,-,D,V,W,G,Q,G,T,A,V,T,V,T,S
"K77_2A10","141","0","0","2","0","0","0","3",E,V,Q,L,V,E,-,-,S,G,G,G,L,V,Q,P,G,G,S,L,R,L,S,C,E,A,S,G,F,I,F,S,T,Y,S,M,N,-,-,W,V,R,Q,A,P,G,K,G,L,E,W,V,S,Y,I,S,D,-,-,-,S,S,R,T,I,Y,Y,A,D,S,V,K,G,R,F,T,I,S,R,D,N,T,K,N,S,L,F,L,Q,M,N,N,L,R,A,E,D,T,A,L,Y,Y,C,A,R,D,P,D,T,P,F,I,R,A,F,-,-,-,-,-,-,-,-,-,-,-,-,-,D,S,W,G,Q,G,T,L,V,T,V,S,S
"K77_2B03","141","0","0","1","0","0","0","2",E,V,Q,L,V,E,-,-,S,G,G,I,V,V,R,P,G,G,S,L,T,L,S,C,T,T,S,G,F,T,F,D,A,H,A,M,H,-,-,W,V,R,Q,A,P,G,K,G,L,E,W,V,S,L,I,G,W,-,-,-,D,S,A,V,T,F,Y,A,D,S,V,R,G,R,F,N,I,S,R,D,N,S,K,N,S,L,Y,L,Q,I,N,S,L,R,L,E,D,T,A,L,Y,Y,C,V,R,D,D,G,S,G,S,Y,G,Y,H,H,F,D,L,-,-,-,-,-,-,-,-,-,D,V,W,G,R,G,T,M,V,I,V,S,S
"K77_2B11","141","1","0","0","0","0","0","2",L,V,Q,F,Q,E,-,-,S,G,P,G,L,V,K,P,S,E,T,L,S,L,T,C,T,V,S,G,G,S,I,S,S,S,T,Y,Y,W,G,W,I,R,Q,P,P,G,K,G,L,E,W,I,G,S,I,Y,-,-,-,-,Y,D,G,S,T,Y,Y,N,P,S,L,K,S,R,V,T,I,S,V,D,T,S,K,S,R,F,S,L,T,L,S,S,V,T,A,A,D,T,A,I,F,Y,C,A,R,V,A,Q,W,L,R,P,G,Y,F,-,-,-,-,-,-,-,-,-,-,-,-,-,D,Y,W,G,Q,G,T,L,V,T,V,S,S
"K77_2C09","141","1","0","1","0","0","0","3",Q,V,Q,L,V,Q,-,-,S,G,A,E,V,K,K,P,G,A,S,V,K,V,S,C,K,A,S,G,Y,T,F,N,K,Y,Y,M,H,-,-,W,V,R,Q,A,P,G,Q,G,L,E,W,M,G,V,I,N,P,-,-,-,S,G,G,S,T,T,Y,A,Q,K,F,Q,G,R,V,T,M,T,R,D,T,S,T,S,T,V,F,M,D,L,S,S,L,R,S,E,D,T,A,V,Y,Y,C,A,T,D,I,A,I,V,P,T,A,P,F,Y,G,M,-,-,-,-,-,-,-,-,-,-,D,G,W,G,Q,G,T,A,V,T,V,S,S
"K77_2D01","141","2","0","1","0","0","0","4",Q,V,Q,L,V,Q,-,-,S,G,A,E,V,K,K,P,G,A,S,V,K,V,S,C,K,A,S,G,Y,T,F,T,D,H,H,M,H,-,-,W,V,R,Q,A,P,G,Q,G,L,E,W,M,G,M,I,N,P,-,-,-,S,A,A,S,I,T,Y,A,P,R,F,L,G,R,V,T,M,T,R,D,T,S,T,S,T,V,Y,M,E,L,S,S,L,R,P,E,D,T,A,V,Y,Y,C,A,K,V,G,I,A,V,T,G,R,G,P,H,F,Y,Y,Y,G,L,-,-,-,-,-,-,D,V,W,G,Q,G,T,T,V,T,V,S,S
"K77_2D02","141","1","0","3","0","0","0","1",E,V,Q,L,V,E,-,-,S,G,G,G,V,V,Q,P,G,G,A,L,R,L,S,C,A,A,S,G,F,T,F,S,S,Y,G,M,H,-,-,W,V,R,Q,A,P,G,K,G,L,E,W,V,A,Y,I,S,Y,-,-,-,D,G,S,E,K,T,Y,A,D,P,L,K,G,R,F,T,I,A,R,D,R,S,T,N,T,L,Y,L,Q,M,N,R,L,R,P,E,D,T,A,V,Y,H,C,A,R,V,K,D,S,Y,Y,L,-,-,-,-,-,-,-,-,-,-,-,-,-,-,-,-,E,Y,W,G,Q,G,T,L,V,T,V,S,S
"K77_2D08","141","1","0","1","0","0","0","2",E,V,Q,L,V,E,-,-,S,G,G,G,V,V,Q,P,G,G,S,L,R,L,S,C,A,A,S,G,F,S,F,S,S,H,D,M,H,-,-,W,V,R,Q,A,P,G,K,G,L,E,W,V,A,F,I,R,Y,-,-,-,D,G,S,N,E,Y,Y,A,D,S,A,E,G,R,F,A,V,S,R,D,N,S,K,N,T,L,S,L,Q,L,N,S,L,R,S,D,D,T,A,V,Y,Y,C,A,N,A,A,D,E,W,G,G,G,L,Q,H,-,-,-,-,-,-,-,-,-,-,-,-,D,Y,W,G,P,G,T,L,V,I,V,S,S
"K77_2E05","141","1","0","1","0","0","0","3",Q,V,Q,L,V,Q,-,-,S,G,A,E,V,K,R,P,G,A,S,V,K,V,S,C,K,A,S,G,Y,T,F,T,S,H,Y,V,T,-,-,W,V,R,Q,A,P,G,Q,G,L,E,W,M,G,P,I,I,P,-,-,-,S,A,G,S,I,S,Y,A,Q,K,F,Q,G,R,V,V,M,T,R,D,T,S,T,S,T,V,Y,M,E,L,S,S,L,R,S,E,D,T,A,V,Y,Y,C,A,R,V,G,V,Q,V,E,R,E,L,R,Y,Y,G,M,-,-,-,-,-,-,-,-,-,D,V,W,G,Q,G,T,T,V,T,V,S,S
"K77_2E07","141","1","0","1","0","0","0","4",Q,V,Q,L,V,Q,-,-,S,G,D,E,V,K,K,P,G,A,S,M,K,V,S,C,R,S,S,G,F,T,L,T,T,F,Y,M,H,-,-,W,V,R,Q,A,P,G,Q,G,L,E,W,V,G,L,I,H,P,-,-,-,N,G,I,T,T,T,Y,A,Q,N,F,L,G,R,V,A,M,T,R,D,T,S,T,N,T,V,Y,M,D,L,R,S,L,R,S,D,D,T,A,V,Y,F,C,A,R,G,R,A,E,E,T,W,T,Q,R,W,P,P,Y,S,L,-,-,-,-,-,-,-,D,V,W,G,Q,G,T,R,V,T,V,S,S
"K77_2F01","141","1","0","0","0","0","0","0",Q,V,Q,L,Q,E,-,-,S,G,P,G,L,V,K,P,S,G,T,L,S,L,T,C,A,V,S,G,G,S,I,S,S,S,H,W,W,S,-,W,V,R,Q,P,P,G,K,G,L,E,W,I,G,E,I,H,-,-,-,-,H,S,G,T,S,N,H,N,P,S,V,E,S,R,V,N,I,S,V,D,K,S,K,N,H,F,S,L,E,L,T,S,V,T,A,A,D,T,A,V,Y,F,C,A,R,V,S,T,V,A,G,H,R,S,S,Y,C,L,-,-,-,-,-,-,-,-,-,-,D,S,W,G,Q,G,T,L,V,A,V,S,S
"K77_2F02","141","2","0","1","0","0","0","4",E,V,Q,L,V,E,-,-,S,G,G,V,V,V,Q,P,G,G,S,V,R,L,S,C,A,A,S,G,F,T,F,D,D,Y,A,M,H,-,-,W,V,R,Q,A,P,G,K,S,L,E,W,V,S,L,I,S,W,-,-,-,D,G,G,N,T,Y,Y,A,D,S,V,R,A,R,F,T,I,S,R,D,N,D,K,N,S,L,Y,L,Q,I,N,S,S,R,P,E,D,T,A,L,Y,Y,C,A,R,D,Q,G,S,S,W,Y,S,G,K,L,G,I,-,-,-,-,-,-,-,-,-,-,D,Y,W,G,Q,G,A,L,V,T,V,S,S
"K77_2F06","141","0","0","1","0","0","0","3",E,V,Q,L,V,E,-,-,S,G,G,G,L,V,K,P,G,G,S,L,R,L,S,C,A,A,S,G,F,T,F,S,N,F,S,M,N,-,-,W,V,R,Q,A,P,G,K,G,L,E,W,V,S,S,I,S,-,-,-,-,S,T,S,Y,I,Y,Y,A,D,S,V,K,G,R,F,T,I,S,R,D,N,A,K,N,S,L,Y,L,Q,M,N,S,L,R,A,E,D,S,A,V,Y,Y,C,A,R,D,R,G,S,G,T,Y,P,Y,Y,H,Y,G,M,-,-,-,-,-,-,-,-,-,D,V,W,G,Q,G,T,T,V,T,V,S,S
"K77_2F07","141","1","0","0","0","0","0","3",-,G,A,A,Q,E,-,-,S,G,P,G,L,V,K,P,S,E,T,L,S,L,T,C,T,V,S,G,V,S,I,S,S,S,S,Y,Y,W,G,W,I,R,Q,P,P,G,K,G,L,E,W,I,G,S,V,Y,-,-,-,-,Y,T,G,D,T,Y,Y,T,P,S,L,K,S,R,V,T,I,S,V,D,T,S,K,N,Q,F,S,L,K,L,S,S,V,T,A,A,D,T,A,V,Y,F,C,A,R,E,K,Q,W,L,T,R,I,F,-,-,-,-,-,-,-,-,-,-,-,-,-,-,D,Q,W,G,Q,G,A,L,V,M,V,S,S
"K77_2F08","141","1","0","1","0","0","0","3",E,V,Q,L,V,E,-,-,S,G,E,G,V,V,H,P,G,T,S,L,R,L,S,C,A,A,S,G,F,T,F,G,S,Y,G,L,H,-,-,W,V,R,Q,A,P,G,K,G,L,E,W,V,A,F,I,S,Y,-,-,-,D,G,G,E,K,S,Y,A,D,S,L,K,G,R,F,A,I,S,R,D,K,S,K,N,V,L,Y,L,E,M,N,T,L,R,A,E,D,T,A,L,Y,S,C,A,R,T,W,N,S,Y,F,F,-,-,-,-,-,-,-,-,-,-,-,-,-,-,-,-,D,Q,W,G,Q,G,T,L,V,T,V,S,S
"K77_2G04","141","1","0","1","0","0","0","2",E,V,Q,L,V,Q,-,-,S,G,G,G,V,V,R,P,G,G,S,L,R,L,S,C,A,G,S,G,F,A,F,D,E,Y,G,M,T,-,-,W,V,R,Q,V,P,G,K,G,L,E,W,V,S,N,I,N,W,-,-,-,H,G,N,S,A,A,Y,A,D,S,V,K,G,R,F,T,I,S,R,D,N,A,R,N,S,L,Y,L,Q,M,N,R,L,R,A,E,D,T,A,L,Y,Y,C,A,R,N,R,Q,P,D,T,S,M,D,Y,F,Y,Y,F,G,M,-,-,-,-,-,-,-,N,V,W,G,Q,G,T,T,V,T,V,S,S
"K77_2G05","141","1","0","1","0","0","0","2",Q,V,Q,L,Q,E,-,-,S,G,P,G,R,V,K,P,S,E,T,L,S,L,T,C,T,V,S,G,G,S,V,S,S,D,S,F,Y,W,S,W,I,R,Q,P,P,G,R,G,L,E,W,I,G,Y,I,S,-,-,-,-,K,S,G,S,T,N,Y,T,P,S,L,K,S,R,V,T,V,S,I,E,T,S,K,N,Q,I,S,L,N,L,S,S,V,T,A,A,D,T,A,V,Y,Y,C,A,R,A,F,R,G,Y,C,I,T,T,D,C,Y,I,F,-,-,-,-,-,-,-,-,-,D,Y,W,G,Q,G,T,L,V,T,V,S,S
"K77_2G06","141","1","0","0","0","0","0","3",W,C,R,L,Q,Q,-,-,W,G,A,G,L,V,K,P,S,E,T,L,S,L,T,C,A,V,Y,G,G,S,F,S,A,Y,Y,W,S,-,-,W,I,R,Q,P,P,G,R,G,L,E,W,I,G,E,V,N,-,-,-,-,H,S,G,N,T,N,Y,N,P,S,L,K,S,R,V,T,I,S,V,D,T,S,K,R,Q,L,S,L,N,L,S,S,V,T,A,A,D,T,A,V,Y,Y,C,A,R,A,A,S,N,D,V,F,W,S,G,Y,K,H,I,W,F,-,-,-,-,-,-,-,D,P,W,G,Q,G,T,L,V,T,V,S,A
"K77_2G11","141","2","0","1","0","0","0","2",Q,M,H,L,Q,E,-,-,S,G,P,G,L,V,K,P,S,Q,T,L,S,L,T,C,S,V,S,G,G,S,I,N,N,G,G,Y,Y,W,S,W,V,R,Q,H,P,G,K,G,L,E,W,V,G,Y,V,Y,-,-,-,-,H,S,G,N,T,Y,Y,N,P,S,L,K,S,R,I,S,M,S,V,D,T,S,N,N,R,F,S,L,K,L,N,P,V,T,A,A,D,T,A,V,Y,F,C,A,R,V,G,L,T,H,Y,D,V,L,T,A,Y,Y,S,G,Y,S,-,-,-,-,-,-,D,T,W,G,Q,G,T,L,V,T,V,S,S
"K77_2H01","141","1","0","1","0","0","0","3",E,V,Q,L,V,Q,-,-,S,G,A,E,V,K,K,P,G,E,S,L,K,I,S,C,E,A,S,G,D,N,F,S,S,Y,W,I,A,-,-,W,V,R,Q,M,P,G,K,G,L,E,W,M,G,I,I,Y,P,-,-,-,G,D,S,D,T,R,Y,S,P,P,F,Q,G,Q,V,T,I,S,A,D,K,S,I,R,T,A,Y,L,Q,W,S,S,L,K,A,S,D,T,A,M,Y,Y,C,A,T,S,M,M,S,F,Y,Y,D,E,S,D,A,F,R,W,A,L,A,A,F,-,-,-,D,I,W,G,H,G,T,P,V,T,V,S,S
"K77_2H03","141","1","0","1","0","0","0","3",Q,V,Q,L,V,Q,-,-,S,G,A,E,V,R,K,P,G,A,S,V,K,V,S,C,R,A,S,G,Y,T,F,T,S,Y,H,L,H,-,-,W,V,R,Q,A,P,G,Q,G,L,E,W,M,G,I,I,N,L,-,-,-,S,G,G,S,I,T,Y,A,Q,K,F,Q,G,R,V,T,M,T,R,D,T,S,T,S,T,A,Y,M,E,L,S,S,L,R,S,D,D,T,A,V,Y,Y,C,A,R,R,G,F,I,V,T,S,H,L,Y,Y,Y,G,M,-,-,-,-,-,-,-,-,-,D,V,W,G,Q,G,T,T,V,T,V,S,S
"K77_2H08","141","2","0","0","0","0","0","2",Q,V,Q,L,Q,E,-,-,S,G,P,G,L,V,K,P,S,E,T,L,S,L,T,C,S,V,S,G,N,S,I,T,S,G,Y,F,W,G,-,W,I,R,Q,T,P,G,K,G,L,E,F,I,G,S,I,S,-,-,-,-,H,K,G,E,P,Y,Y,N,P,P,L,K,G,R,V,A,V,S,S,D,T,S,K,N,E,F,S,L,T,L,A,S,V,T,A,A,D,T,A,I,Y,Y,C,A,R,E,R,G,G,T,Y,G,Y,F,-,-,-,-,-,-,-,-,-,-,-,-,-,-,D,H,W,G,P,G,S,L,V,T,V,S,S
"R95_1A03","141","1","0","1","0","0","0","3",E,V,Q,L,V,E,-,-,S,G,G,G,L,I,Q,P,G,G,S,L,R,L,S,C,A,A,S,G,F,T,V,S,I,N,Y,M,S,-,-,W,V,R,Q,A,P,G,K,G,L,E,W,V,S,V,I,Y,-,-,-,-,T,G,G,E,T,Y,Y,A,D,S,V,K,G,R,F,T,I,S,R,D,N,S,K,N,T,L,Y,L,Q,M,N,S,L,R,A,E,D,T,A,V,Y,Y,C,A,R,D,G,P,P,G,D,G,S,L,-,-,-,-,-,-,-,-,-,-,-,-,-,-,D,Y,W,G,Q,G,T,L,V,T,V,S,S
"R95_1A04","141","1","0","0","0","0","0","4",L,V,Q,L,Q,E,-,-,S,G,P,G,L,V,K,P,S,E,T,L,S,L,T,C,T,V,S,G,Y,S,I,N,T,G,Y,Y,W,G,-,W,I,R,Q,P,P,G,K,G,L,Q,W,I,G,S,I,Y,-,-,-,-,Y,S,G,R,T,H,Y,N,P,S,L,R,S,R,V,T,I,F,L,D,T,S,K,N,Q,F,S,L,K,L,R,S,V,T,A,A,D,T,A,V,Y,Y,C,A,R,W,W,S,S,S,G,G,S,N,W,F,-,-,-,-,-,-,-,-,-,-,-,-,D,P,W,G,Q,G,T,L,V,T,V,S,S
"R95_1A10","141","2","0","1","0","0","0","2",E,M,A,L,V,E,-,-,S,G,G,T,V,V,Q,P,G,G,S,L,T,L,S,C,E,V,S,G,F,T,F,D,D,Y,A,M,H,-,-,W,V,R,Q,V,P,G,K,G,L,E,W,V,S,L,I,S,W,-,-,-,D,A,G,N,T,N,Y,A,D,S,V,K,G,R,F,N,I,S,R,D,N,T,R,S,I,L,Y,L,Q,M,S,S,L,R,P,E,D,T,A,I,Y,Y,C,T,K,D,D,G,G,G,N,Y,D,Y,Y,R,Y,M,-,-,-,-,-,-,-,-,-,-,D,V,W,G,R,G,T,T,V,T,V,S,S
"R95_1B02","141","1","0","1","0","0","0","2",Q,V,H,L,Q,E,-,-,S,G,P,G,L,V,K,P,S,E,T,L,S,L,T,C,S,V,S,A,G,S,L,T,S,H,F,W,S,-,-,W,I,R,Q,P,P,G,K,G,L,E,W,I,G,Y,I,H,-,-,-,-,H,S,G,T,T,G,Y,N,P,S,L,K,S,R,V,T,I,S,V,D,T,S,K,N,Q,F,S,L,H,L,T,S,V,T,A,A,D,T,A,V,Y,Y,C,A,R,D,G,S,S,T,S,W,Y,F,-,-,-,-,-,-,-,-,-,-,-,-,-,-,D,F,W,G,R,G,T,L,V,T,V,S,S
"R95_1B07","141","2","0","0","0","0","0","2",Q,V,Q,L,Q,G,-,-,S,G,P,G,L,V,K,P,S,G,T,L,S,L,T,C,G,V,S,C,A,S,I,S,S,N,H,V,S,S,-,G,V,P,Q,P,P,G,K,G,G,E,A,I,G,E,L,V,-,-,-,-,H,N,G,R,T,I,Y,N,P,S,L,R,S,R,L,N,I,S,L,D,R,S,K,I,L,F,S,L,K,L,T,S,V,T,A,A,D,T,A,V,Y,Y,C,A,F,F,Q,R,G,Y,T,S,G,S,-,-,-,-,-,-,-,-,-,-,-,-,-,-,D,Y,W,G,Q,G,T,L,V,T,V,S,S
"R95_1C09","141","1","0","1","0","0","0","3",L,V,Q,L,Q,E,-,-,S,G,P,G,L,V,K,P,S,E,T,L,S,L,T,C,T,V,S,G,D,S,V,T,D,Y,Y,W,S,-,-,W,I,R,Q,P,P,G,K,G,L,E,W,I,G,Y,I,Y,-,-,-,-,Y,S,G,I,T,N,Y,N,P,S,L,K,S,R,V,T,M,S,V,D,T,S,K,N,Q,I,S,L,K,L,T,S,V,I,A,A,D,T,A,V,Y,Y,C,A,R,D,G,R,L,F,-,-,-,-,-,-,-,-,-,-,-,-,-,-,-,-,-,-,D,I,W,G,Q,G,T,M,V,A,V,S,S
"R95_1C11","141","2","0","0","0","0","0","3",L,V,Q,L,K,E,-,-,S,G,P,G,L,L,R,P,S,E,T,L,F,L,T,C,S,V,S,G,G,S,I,R,D,T,S,Y,F,W,G,W,V,R,Q,P,P,G,K,G,L,E,W,I,G,N,V,Y,-,-,-,-,Y,S,G,T,T,Y,Y,K,P,S,L,K,S,R,V,T,I,S,V,D,T,S,K,N,Q,F,S,L,N,L,S,S,V,T,A,A,D,T,A,V,Y,Y,C,A,S,L,H,T,V,A,P,-,-,-,-,-,-,-,-,-,-,-,-,-,-,-,-,-,S,F,W,G,Q,G,T,L,V,T,V,S,S
"R95_1D02","141","2","0","1","0","0","0","3",Q,V,Q,L,Q,E,-,-,S,G,P,G,L,V,K,P,S,E,T,L,S,L,T,C,T,V,S,G,D,S,V,S,D,N,F,W,T,-,-,W,I,R,Q,P,P,G,K,A,L,E,W,I,G,Y,M,Y,-,-,-,-,Y,S,G,S,I,K,Y,N,P,S,L,K,S,R,V,T,M,S,L,D,T,S,K,N,Q,F,S,L,E,L,T,S,V,T,A,A,D,T,A,V,Y,Y,C,A,R,A,T,T,W,G,A,P,E,F,-,-,-,-,-,-,-,-,-,-,-,-,-,-,D,Y,W,G,Q,G,T,L,V,T,V,S,S
"R95_1D06","141","0","0","1","0","0","0","4",E,V,Q,L,V,E,-,-,S,G,G,G,L,V,K,P,G,G,S,L,R,L,S,C,A,A,S,G,F,T,F,R,S,Y,T,M,N,-,-,W,V,R,Q,A,P,G,K,G,L,E,W,V,S,S,I,S,T,-,-,-,T,L,S,F,I,Y,Y,A,D,S,V,K,G,R,F,T,I,S,R,D,N,A,K,N,S,L,Y,L,Q,M,N,S,L,R,A,E,D,T,A,V,Y,Y,C,A,R,D,L,N,S,Y,G,T,V,-,-,-,-,-,-,-,-,-,-,-,-,-,-,-,D,Y,W,G,Q,G,T,L,V,T,V,S,S
"R95_1D11","141","1","0","1","0","0","0","2",Q,V,Q,L,V,Q,-,-,S,G,A,E,V,K,K,P,G,A,S,V,K,V,S,C,K,A,S,G,Y,T,F,T,G,Y,F,I,Q,-,-,W,V,R,Q,A,P,G,Q,G,L,E,W,M,G,W,I,S,P,-,-,-,N,T,G,G,T,N,Y,A,Q,K,F,Q,G,W,V,S,M,T,R,D,T,S,I,T,T,V,F,L,E,L,S,R,L,K,F,D,D,T,A,Q,Y,Y,C,G,R,S,Y,D,F,A,G,E,V,-,-,-,-,-,-,-,-,-,-,-,-,-,-,-,D,S,W,G,Q,G,T,L,V,T,V,A,S
"R95_1E01","141","1","0","1","0","0","0","3",E,V,Q,L,V,E,-,-,S,G,G,G,L,V,Q,P,G,R,S,L,R,L,S,C,A,G,D,G,F,S,F,D,D,H,A,M,H,-,-,W,V,R,Q,A,P,G,K,G,L,E,W,V,S,G,I,S,W,-,-,-,N,S,G,S,I,G,Y,V,D,S,V,K,G,R,F,T,I,S,R,D,N,A,K,N,S,L,Y,L,Q,M,N,T,L,R,P,E,D,T,A,L,Y,Y,C,V,R,D,M,N,W,N,S,Q,I,G,G,Y,Y,F,-,-,-,-,-,-,-,-,-,-,D,Y,W,G,Q,G,A,L,V,T,V,S,S
"R95_1E04","141","1","0","1","0","0","0","4",E,V,Q,L,V,E,-,-,S,G,G,G,L,V,Q,P,G,R,S,L,R,L,S,C,A,A,S,G,F,S,F,V,D,Y,D,M,H,-,-,W,V,R,Q,A,P,G,K,G,L,E,W,V,S,S,I,R,W,-,-,-,N,S,G,G,I,A,Y,A,D,S,V,K,G,R,F,T,I,S,R,D,N,A,K,N,S,L,Y,L,Q,M,N,S,L,R,A,E,D,T,A,F,Y,Y,C,A,R,T,E,A,A,T,V,F,G,D,H,Y,S,Y,Y,Y,Y,M,-,-,-,-,-,-,D,V,W,G,K,G,T,T,V,T,V,S,S
"R95_1F02","141","0","0","1","0","0","0","2",E,V,Q,L,L,E,-,-,S,G,G,G,L,V,Q,P,G,G,S,L,R,L,S,C,A,A,S,G,F,T,F,S,S,C,A,M,T,-,-,W,V,R,R,A,P,G,K,G,L,E,W,V,S,A,I,S,A,-,-,-,G,G,G,S,T,W,Y,A,D,S,V,K,G,R,F,T,I,S,R,D,N,S,K,N,T,L,Y,L,Q,M,N,G,L,R,A,E,D,T,A,V,Y,Y,C,A,K,D,L,L,H,W,Y,F,-,-,-,-,-,-,-,-,-,-,-,-,-,-,-,-,D,L,W,G,R,G,T,L,V,T,V,S,S
"R95_1F03","141","2","0","0","0","0","0","3",Q,V,Q,L,Q,E,-,-,S,G,P,G,L,V,K,A,S,G,T,L,S,L,T,C,V,V,S,G,G,S,I,R,S,E,N,W,W,S,-,W,V,R,Q,P,P,G,K,G,L,E,W,I,G,E,V,Y,-,-,-,-,H,S,G,N,A,N,Y,N,P,S,L,K,S,R,V,S,I,S,V,D,E,S,K,T,Q,F,S,L,R,L,T,S,V,T,A,A,D,T,A,V,Y,Y,C,V,K,D,G,A,R,D,S,S,G,Y,Y,N,Y,R,W,G,W,Y,-,-,-,-,-,-,D,P,W,G,Q,G,I,L,V,V,V,S,S
"R95_1G06","141","0","0","1","0","0","0","3",E,V,Q,L,V,E,-,-,S,G,G,G,L,V,R,P,G,G,S,L,R,L,S,C,A,A,S,G,F,T,F,N,S,Y,G,L,N,-,-,W,V,R,Q,A,P,G,K,G,L,E,W,V,S,S,I,G,S,-,-,-,S,F,G,Y,I,Y,Y,A,D,S,V,K,G,R,F,T,I,S,R,D,N,A,K,S,S,L,F,L,Q,M,N,S,L,R,V,E,D,T,A,V,Y,Y,C,T,R,D,G,D,G,Y,A,R,F,-,-,-,-,-,-,-,-,-,-,-,-,-,-,-,D,H,W,G,H,G,T,L,V,S,V,S,S
"R95_1G07","141","1","0","1","0","0","0","4",E,V,Q,L,V,E,-,-,S,G,G,G,V,V,Q,P,G,R,S,L,R,L,S,C,A,A,S,G,F,T,F,G,S,Y,A,I,H,-,-,W,V,R,Q,A,P,G,K,G,L,E,W,V,A,F,D,S,-,-,-,-,-,-,N,N,K,Y,Y,V,D,S,V,K,G,R,F,T,T,S,R,D,N,S,K,N,T,L,Y,L,Q,M,D,S,L,R,A,E,D,T,A,V,Y,Y,C,A,R,E,F,Q,T,Y,A,F,-,-,-,-,-,-,-,-,-,-,-,-,-,-,-,-,D,Y,W,G,Q,G,T,L,V,T,V,S,T
"R95_1G10","141","1","0","2","0","0","0","2",E,V,Q,L,V,E,-,-,S,G,G,G,S,V,Q,P,G,G,S,L,R,L,S,C,A,A,S,G,F,S,F,S,N,Y,W,M,H,-,-,W,V,R,Q,A,P,G,K,G,L,V,W,V,S,R,V,I,S,-,-,-,D,G,T,I,T,S,Y,V,D,S,V,E,G,R,F,T,I,S,R,D,N,A,E,N,T,L,Y,L,Q,M,D,S,L,R,A,E,D,T,A,V,Y,Y,C,A,R,G,Y,S,T,S,S,G,I,W,Y,F,-,-,-,-,-,-,-,-,-,-,-,-,D,L,W,G,R,G,T,L,V,T,V,S,S
"R95_1H04","141","1","0","1","0","0","0","1",Q,V,Q,L,Q,E,-,-,S,G,P,G,L,V,K,P,S,E,T,L,S,L,T,C,S,L,S,S,G,Y,I,G,T,Y,S,W,N,-,-,W,I,R,Q,A,P,G,K,G,L,E,W,I,G,Y,V,S,-,-,-,-,N,S,G,S,T,K,Y,N,P,S,L,Q,S,R,V,T,I,S,V,D,M,S,K,N,Q,F,S,L,E,L,R,S,V,S,A,A,D,T,A,L,Y,Y,C,A,R,A,H,Y,F,G,S,G,N,F,I,Y,G,Y,F,Y,Y,G,M,-,-,-,-,-,D,V,W,G,Q,G,T,M,V,T,V,S,S
"R95_1H06","141","1","0","1","0","0","0","1",L,V,Q,L,Q,E,-,-,S,G,P,G,L,V,K,P,S,E,T,L,S,L,T,C,T,V,S,G,D,S,F,T,T,Y,Y,W,S,-,-,W,I,R,Q,P,P,G,K,G,L,E,W,I,G,Y,I,Y,-,-,-,-,T,I,G,R,T,H,Y,N,P,A,L,K,S,R,V,A,I,S,V,D,T,S,K,N,Q,F,S,L,N,L,T,S,V,T,A,A,D,T,A,V,Y,Y,C,A,R,I,R,I,R,G,A,D,Y,P,F,-,-,-,-,-,-,-,-,-,-,-,-,-,D,H,W,G,Q,G,S,L,V,T,V,H,S
"R95_1H10","141","1","0","1","0","0","0","3",E,V,Q,L,V,E,-,-,S,G,G,V,V,V,Q,P,G,G,S,L,R,L,S,C,A,A,S,G,F,T,F,D,D,F,V,M,H,-,-,W,V,R,Q,A,P,G,K,G,L,E,W,L,S,L,I,T,W,-,-,-,D,G,G,N,S,Y,Y,A,D,S,V,K,G,R,F,T,I,S,R,D,N,N,K,N,S,L,Y,L,Q,M,N,S,L,R,P,E,D,T,A,F,Y,Y,C,A,K,D,I,I,S,G,N,Y,E,D,F,S,G,Y,L,-,-,-,-,-,-,-,-,-,D,S,W,G,Q,G,T,L,V,T,V,S,S
"R95_2A04","141","1","0","1","0","0","0","2",Q,V,Q,L,E,Q,-,-,S,G,A,E,V,K,K,P,G,A,S,M,K,V,S,C,K,T,S,G,Y,S,F,N,A,Y,F,I,H,-,-,W,V,R,Q,A,P,G,Q,G,L,E,W,M,G,R,I,N,P,-,-,-,T,S,G,G,T,D,Y,A,Q,R,F,Q,D,R,V,T,M,T,R,D,T,S,I,N,T,A,Y,M,E,L,S,R,L,K,S,D,D,S,A,L,Y,Y,C,T,R,A,L,Y,Y,D,S,I,A,Y,Y,F,-,-,-,-,-,-,-,-,-,-,-,-,D,Y,W,G,R,G,T,L,V,T,V,S,S
"R95_2A05","141","4","0","1","0","0","0","3",Q,V,H,L,E,Q,-,-,S,G,A,E,V,K,K,P,G,A,S,V,K,V,S,C,K,V,S,G,H,T,L,T,E,L,S,M,H,-,-,W,V,R,Q,A,P,G,K,G,L,E,W,V,G,G,F,D,P,-,-,-,E,V,G,K,P,V,Y,A,Q,N,F,Q,G,R,I,T,M,T,E,D,T,I,W,D,T,A,Y,M,E,L,S,S,L,K,S,E,D,T,A,V,Y,Y,C,A,T,G,T,R,A,G,L,P,T,P,L,Y,Y,Y,G,M,-,-,-,-,-,-,-,-,D,F,W,G,Q,G,T,P,V,T,V,S,S
"R95_2A07","141","1","0","0","0","0","0","1",Q,V,Q,L,V,Q,-,-,S,G,S,E,V,K,K,P,G,A,S,V,K,V,F,C,K,A,S,G,Y,T,F,F,N,H,Y,I,H,-,-,W,V,R,Q,A,P,G,Q,R,L,E,W,L,G,W,V,N,T,-,-,-,G,N,G,D,T,K,Y,A,Q,K,F,Q,G,R,V,T,I,T,R,D,T,A,A,R,A,A,Y,M,E,L,S,S,L,M,S,E,D,T,A,I,Y,Y,C,A,R,E,G,T,L,G,W,G,W,D,L,R,N,E,F,Y,F,M,-,-,-,-,-,-,D,V,W,G,T,G,T,T,V,I,V,S,S
"R95_2B02","141","2","0","1","0","0","0","2",Q,V,Q,L,V,Q,-,-,S,G,A,E,V,K,K,P,G,A,S,V,K,V,S,C,K,A,S,G,Y,T,F,T,G,Y,Y,L,H,-,-,W,V,R,Q,A,P,G,Q,G,L,E,W,M,G,W,I,N,P,-,-,-,D,S,G,G,T,S,F,A,Q,K,F,Q,G,W,A,T,M,T,S,D,T,S,I,S,T,A,Y,M,E,L,S,G,L,K,S,D,D,T,A,V,Y,Y,C,A,R,I,Q,R,A,G,S,G,F,-,-,-,-,-,-,-,-,-,-,-,-,-,-,-,D,L,W,G,Q,G,T,M,V,T,V,S,S
"R95_2B05","141","0","0","1","0","0","0","4",E,V,Q,L,V,E,-,-,S,G,G,G,L,V,K,P,G,G,S,L,R,L,S,C,A,T,S,G,F,T,F,R,S,Y,G,L,N,-,-,W,V,R,Q,A,P,G,K,G,L,E,W,V,S,S,I,S,P,-,-,-,G,I,S,Y,I,Y,Y,A,D,S,V,K,G,R,F,T,I,S,R,D,N,S,K,N,S,L,Y,L,Q,M,N,S,L,R,G,D,D,T,A,V,Y,Y,C,A,R,D,E,D,G,Y,G,R,G,-,-,-,-,-,-,-,-,-,-,-,-,-,-,-,D,Y,W,G,Q,G,T,L,V,T,V,S,S
"R95_2C07","141","0","0","1","0","0","0","4",E,V,Q,L,V,E,-,-,S,G,G,G,L,V,Q,P,G,G,S,L,R,L,S,C,E,V,S,G,F,S,F,S,S,Y,W,M,S,-,-,W,V,R,Q,A,P,G,K,G,L,E,W,V,A,N,I,K,Q,-,-,-,D,G,S,E,K,N,Y,V,D,S,V,K,G,R,L,T,I,S,R,D,N,A,K,N,S,L,Y,L,Q,M,D,S,L,R,A,E,D,T,A,V,Y,Y,C,A,R,D,G,P,H,D,F,W,S,G,Y,P,F,-,-,-,-,-,-,-,-,-,-,-,D,Y,W,G,Q,G,T,L,V,T,V,S,S
"R95_2C10","141","1","0","2","0","0","0","2",E,V,Q,L,V,E,-,-,S,G,G,V,A,V,K,P,G,G,S,L,R,L,S,C,A,A,S,G,F,T,F,D,D,Y,V,M,H,-,-,W,V,R,Q,V,P,G,K,G,L,E,W,V,S,L,I,S,W,-,-,-,D,G,G,S,R,Y,Y,A,D,S,V,K,G,R,F,T,I,S,R,D,N,S,K,N,S,L,Y,L,Q,M,N,N,L,R,P,E,D,T,A,L,Y,Y,C,V,K,D,R,E,S,G,N,Y,Y,H,F,Y,Y,M,-,-,-,-,-,-,-,-,-,-,D,A,W,G,K,G,T,T,V,T,V,S,S
"R95_2E02","141","2","0","1","1","0","0","5",E,V,Q,L,V,E,-,-,S,G,G,G,L,I,Q,P,G,G,S,L,R,L,S,C,T,A,S,G,F,T,F,H,D,H,A,M,H,-,-,W,V,R,Q,P,P,G,K,G,L,E,W,V,S,G,I,S,W,-,-,-,N,G,G,D,M,K,Y,G,G,S,V,K,G,R,F,I,T,S,R,D,N,G,K,K,S,L,Y,L,Q,M,N,S,L,R,P,E,D,T,A,V,Y,Y,C,A,K,E,I,S,V,R,Y,Y,D,F,W,S,G,Y,L,G,K,P,R,G,M,-,-,-,D,V,W,G,Q,G,T,T,V,T,V,S,S
"R95_2E07","141","1","0","1","0","0","0","2",E,V,Q,L,V,E,-,-,S,G,G,G,L,V,Q,P,G,G,S,L,R,L,S,C,A,A,S,G,F,P,F,S,T,Y,W,M,Y,-,-,W,V,R,Q,A,P,G,K,G,L,V,S,V,S,R,I,N,S,-,-,-,D,G,S,G,T,S,Y,A,D,S,V,E,G,R,F,T,I,S,R,D,N,A,K,N,T,L,Y,F,Q,M,N,S,L,R,A,E,D,T,A,V,Y,Y,C,A,R,R,F,G,S,G,W,T,E,W,Y,F,-,-,-,-,-,-,-,-,-,-,-,-,D,L,W,G,R,G,T,L,V,T,V,S,S
"R95_2E11","141","2","0","0","0","0","0","2",E,V,Q,L,V,E,-,-,S,G,G,G,L,V,Q,P,G,R,S,L,R,L,S,C,A,A,S,G,F,T,F,D,D,Y,A,M,H,-,-,W,V,R,Q,A,P,G,K,G,L,E,W,V,S,G,I,S,W,-,-,-,N,S,G,H,L,G,Y,A,D,S,V,K,G,R,F,T,I,S,R,D,N,V,K,N,S,L,Y,L,E,M,N,S,L,G,P,E,D,T,A,L,Y,Y,C,A,K,D,I,V,G,D,Y,G,S,G,S,Y,Y,-,-,-,-,-,-,-,-,-,-,-,D,Y,W,G,Q,G,T,L,V,T,V,S,S
"R95_2E12","141","3","0","0","0","0","0","3",Q,V,Q,L,Q,E,-,-,S,G,P,G,L,V,K,P,S,E,T,L,S,L,T,C,V,V,S,D,G,S,I,S,S,S,T,Y,Y,W,G,W,I,R,Q,P,P,G,K,G,L,E,W,I,G,S,I,Y,-,-,-,-,Y,S,G,D,T,Y,Y,N,P,S,L,K,S,R,V,I,T,S,V,D,T,S,K,N,Q,F,S,L,K,L,S,S,V,T,A,A,D,T,A,V,Y,Y,C,A,R,H,G,P,W,Q,L,S,Y,F,-,-,-,-,-,-,-,-,-,-,-,-,-,-,D,Y,W,G,Q,G,T,L,V,T,V,S,S
"R95_2F01","141","1","0","1","0","0","0","5",Q,V,Q,L,Q,E,-,-,S,G,P,G,L,V,K,P,S,E,T,L,S,L,T,C,T,V,S,G,G,S,I,S,S,H,Y,W,S,-,-,W,I,R,Q,P,P,G,K,G,L,E,W,I,G,Y,I,Y,-,-,-,-,D,S,G,K,T,N,H,N,P,T,L,K,S,R,V,T,I,S,A,D,T,S,K,N,Q,F,S,L,K,L,S,S,V,T,A,A,D,T,A,V,Y,Y,C,A,S,A,R,R,Y,C,S,S,T,S,C,Y,G,L,E,Y,Y,F,G,M,-,-,-,-,D,V,W,G,Q,G,T,T,V,T,V,S,S
"R95_2F07","141","1","0","1","0","0","0","3",E,V,Q,L,V,E,-,-,S,G,G,G,L,V,Q,P,G,R,S,L,R,L,S,C,A,A,S,G,F,S,F,D,D,Y,A,M,H,-,-,W,V,R,Q,T,P,G,K,G,L,E,W,V,S,G,I,S,W,-,-,-,N,S,G,S,I,G,Y,A,D,S,V,K,G,R,F,T,I,S,R,D,N,A,K,N,S,L,Y,L,Q,M,N,S,L,R,A,E,D,T,A,L,Y,Y,C,T,K,D,M,N,R,G,C,D,S,I,N,C,Y,N,Y,Y,Y,Y,Y,Y,G,M,-,-,D,V,W,G,Q,G,T,T,V,T,V,S,S
"R95_2G09","141","1","0","0","0","0","0","3",Q,V,Q,V,Q,E,-,-,S,G,P,G,L,V,K,P,S,E,T,L,S,L,T,C,N,V,S,G,G,S,I,S,S,S,A,Y,Y,W,G,W,I,R,Q,S,P,G,K,G,L,E,W,I,G,S,L,H,-,-,-,-,Y,S,G,S,T,D,Y,N,P,S,L,K,S,R,V,T,I,F,A,D,T,S,K,N,Q,F,S,L,K,L,T,S,V,T,A,A,D,T,A,V,Y,Y,C,A,R,R,G,Y,N,G,N,Y,Y,E,Y,F,-,-,-,-,-,-,-,-,-,-,-,-,H,H,W,G,Q,G,T,L,V,T,V,S,S
"R95_2G10","141","0","0","1","0","0","0","4",E,V,Q,L,V,E,-,-,S,G,G,G,V,V,H,P,G,G,S,L,R,L,S,C,A,A,S,G,F,T,F,S,S,Y,A,M,H,-,-,W,V,R,Q,A,P,G,K,G,L,E,G,V,A,F,I,K,Y,-,-,-,D,G,T,N,K,Y,Y,A,D,S,L,K,G,R,F,T,I,S,R,D,N,S,K,N,T,L,Y,L,Q,M,N,S,L,R,A,D,D,T,A,V,Y,Y,C,A,K,A,H,N,A,A,V,A,G,L,A,E,Y,F,-,-,-,-,-,-,-,-,-,-,E,H,W,G,Q,G,T,L,V,T,V,S,S
"R95_2G12","141","2","0","1","0","0","0","3",E,V,Q,L,V,E,-,-,S,G,G,D,L,V,Q,P,G,R,S,L,R,L,S,C,A,A,S,G,F,S,F,D,E,Y,A,M,H,-,-,W,V,R,Q,P,P,G,K,G,L,E,W,V,S,G,I,N,W,-,-,-,D,G,H,S,M,A,Y,A,D,S,V,K,G,R,F,T,I,S,R,D,N,A,K,N,S,L,Y,L,Q,M,H,S,L,R,P,E,D,T,A,F,Y,Y,C,A,K,S,S,Y,G,L,V,A,P,N,W,F,-,-,-,-,-,-,-,-,-,-,-,-,D,P,W,G,P,G,T,L,V,T,V,S,S
"R95_2H06","141","1","0","1","0","0","0","2",E,V,Q,L,V,E,-,-,S,G,G,V,V,Q,Q,P,G,G,A,L,R,L,S,C,A,A,S,G,L,T,F,D,E,Y,A,M,H,-,-,W,V,R,Q,A,P,G,K,G,L,E,W,V,S,L,I,T,W,-,-,-,D,G,G,T,T,Y,Y,A,D,S,V,K,G,R,F,T,I,S,R,D,N,S,K,N,S,L,Y,L,Q,M,N,S,L,R,P,E,D,S,G,L,Y,Y,C,A,K,D,P,Y,G,S,G,S,A,G,W,F,-,-,-,-,-,-,-,-,-,-,-,-,D,P,W,G,Q,G,T,L,V,T,V,S,P
"R95_2H10","141","1","0","1","0","0","0","3",E,V,Q,L,V,A,-,-,S,G,G,A,L,G,Q,P,D,R,S,L,R,L,S,C,A,A,S,G,F,I,F,E,E,Y,A,L,H,-,-,W,V,R,Q,A,P,G,K,G,L,E,W,V,S,N,V,S,W,-,-,-,N,S,G,Y,R,A,Y,A,D,S,V,K,G,R,F,T,I,S,R,D,N,A,E,K,S,L,S,L,Q,M,N,S,V,R,R,E,D,T,A,F,Y,Y,C,A,K,D,R,A,G,H,L,G,S,G,S,Y,F,-,-,-,-,-,-,-,-,-,-,-,D,S,W,G,Q,G,T,L,V,T,V,S,S
"SFV009_3A02","141","0","0","1","0","0","0","2",E,V,Q,L,L,E,-,-,S,G,G,G,L,V,Q,P,G,G,S,L,R,L,S,C,E,A,S,G,F,T,F,I,S,Y,A,M,S,-,-,W,V,R,Q,A,P,G,K,G,L,E,W,V,S,V,I,S,G,-,-,-,S,G,G,A,R,Y,Y,A,D,S,V,K,G,R,F,T,I,S,R,D,N,S,K,N,T,L,Y,L,E,M,N,N,V,R,A,E,D,T,A,V,Y,F,C,A,K,D,R,I,L,P,Y,D,T,D,A,F,-,-,-,-,-,-,-,-,-,-,-,-,D,I,W,G,Q,G,T,M,V,T,V,S,S
"SFV015_1F04","141","0","0","2","0","0","0","2",Q,V,Q,L,V,E,-,-,S,G,G,G,V,V,Q,P,G,R,S,L,R,L,S,C,T,A,S,G,I,I,F,S,N,Y,A,M,H,-,-,W,V,R,Q,A,P,G,K,G,L,E,W,V,A,V,I,S,Y,-,-,-,D,G,Y,I,P,Y,Y,T,D,S,V,Q,G,R,F,I,I,S,R,D,N,S,K,N,T,L,Y,L,E,M,N,S,L,R,A,E,D,T,A,F,Y,F,C,A,R,D,K,Y,R,D,G,D,R,L,D,Y,Y,Y,Y,M,-,-,-,-,-,-,-,-,D,L,W,G,Q,G,T,T,V,T,V,S,S
"SFV018_4D01","141","1","0","1","0","0","0","2",Q,V,Q,L,Q,E,-,-,S,G,P,G,L,V,K,P,S,E,T,L,S,L,T,C,S,V,S,G,G,S,I,S,P,H,Y,W,S,-,-,W,I,R,Q,P,P,G,K,G,L,E,W,I,G,Y,I,Y,-,-,-,-,Y,A,G,S,T,N,Y,S,P,S,L,K,N,R,V,T,I,S,V,D,T,S,K,N,H,F,S,L,Q,L,R,S,V,T,A,A,D,T,A,V,Y,Y,C,A,R,G,G,F,P,A,E,L,P,P,P,L,-,-,-,-,-,-,-,-,-,-,-,-,D,P,W,G,Q,G,N,L,V,T,V,S,S
"W85_1A11","141","0","0","0","0","0","0","3",E,V,Q,L,L,E,-,-,S,G,G,G,L,V,Q,P,G,G,S,L,R,L,S,C,T,A,S,G,F,T,F,S,N,Y,A,M,T,-,-,W,V,R,Q,P,P,G,K,G,L,E,W,V,S,S,I,S,G,-,-,-,S,G,G,R,T,Y,Y,A,D,S,V,K,G,R,F,T,I,S,R,D,N,S,K,N,T,L,Y,L,Q,M,N,S,L,R,A,E,D,T,A,V,F,Y,C,A,A,A,S,P,L,L,R,W,Y,C,L,-,-,-,-,-,-,-,-,-,-,-,-,-,D,Y,W,G,Q,G,T,L,V,P,V,S,S
"W85_1B04","141","1","0","1","0","0","0","3",L,V,Q,L,Q,Q,-,-,W,G,A,G,L,L,K,P,S,E,T,L,S,L,T,C,A,V,Y,G,G,S,F,S,G,Y,Y,W,S,-,-,W,I,R,Q,P,P,G,K,G,L,E,W,I,G,E,I,N,-,-,-,-,H,S,G,S,S,N,Y,K,P,S,L,K,S,R,V,A,I,S,V,D,T,S,K,N,Q,F,S,L,K,L,S,S,V,T,A,A,D,T,A,V,Y,Y,C,A,R,G,G,R,D,G,Y,N,Y,T,P,F,R,A,F,-,-,-,-,-,-,-,-,-,D,I,W,G,Q,G,T,M,V,T,V,S,S
"W85_1C01","141","1","0","1","0","0","0","3",Q,V,Q,L,Q,E,-,-,S,G,P,R,L,V,K,P,S,E,T,L,S,L,T,C,T,V,S,G,G,S,I,S,T,T,N,Y,Y,W,G,W,I,R,Q,T,P,G,K,G,L,E,Y,I,G,S,V,S,-,-,-,-,Y,S,G,K,P,Y,Y,N,P,S,L,R,G,R,V,T,I,S,V,D,T,S,K,T,Q,F,S,L,T,V,I,S,V,T,A,A,D,T,A,V,Y,Y,C,T,R,Q,A,E,G,G,W,Y,G,G,F,S,-,-,-,-,-,-,-,-,-,-,-,-,N,S,W,G,Q,G,T,L,V,T,V,S,S
"W85_1C02","141","1","0","0","0","0","0","2",E,V,Q,V,V,E,-,-,S,G,G,G,L,V,Q,P,G,G,S,L,R,L,S,C,A,A,S,G,F,T,V,S,G,N,Y,M,H,-,-,W,V,R,Q,A,P,G,K,G,L,E,W,V,S,V,L,Y,-,-,-,-,A,G,G,R,T,Y,Y,A,D,S,V,K,G,R,F,T,I,S,R,D,N,S,K,N,M,L,Y,L,Q,M,N,S,L,S,V,E,D,T,A,V,Y,Y,C,A,G,L,S,L,E,W,L,-,-,-,-,-,-,-,-,-,-,-,-,-,-,-,-,-,D,V,W,G,Q,G,T,T,V,A,V,S,S
"W85_1C11","141","0","0","1","0","0","0","4",E,V,Q,L,V,E,-,-,S,G,G,G,L,V,Q,P,G,G,S,L,R,L,S,C,A,A,S,G,F,I,L,S,P,Y,W,M,H,-,-,W,V,R,Q,A,P,G,K,G,L,V,W,V,S,R,I,N,S,-,-,-,D,G,S,N,R,N,Y,A,D,S,V,K,G,R,F,T,I,S,R,D,N,A,K,N,T,L,Y,L,Q,M,N,S,L,R,V,E,D,T,A,V,Y,Y,C,A,R,Q,G,Y,Y,Y,D,S,S,G,Y,Q,D,W,F,-,-,-,-,-,-,-,-,-,D,P,W,G,Q,G,T,L,V,T,V,S,S
"W85_1D12","141","1","0","0","0","0","0","4",Q,V,Q,L,Q,E,-,-,S,G,P,G,L,V,Q,P,S,E,T,L,S,L,T,C,T,V,S,G,G,S,S,S,G,H,Y,W,S,-,-,W,I,R,Q,P,P,G,K,G,L,E,W,M,G,H,V,Y,-,-,-,-,N,S,G,S,T,N,Y,N,P,S,L,K,S,R,V,T,I,S,V,D,T,S,K,S,Q,F,S,L,K,L,T,A,V,T,A,A,D,T,A,V,Y,Y,C,A,R,G,A,G,Y,D,Y,A,W,G,S,Y,R,W,N,Y,F,-,-,-,-,-,-,-,D,N,W,G,Q,G,T,P,V,T,V,S,S
"W85_1E01","141","3","0","1","0","0","0","2",E,V,Q,L,V,E,-,-,S,G,G,G,L,V,R,P,G,R,S,L,T,L,S,C,A,T,S,G,F,T,F,G,D,Y,G,L,S,-,-,W,V,R,Q,A,P,G,K,G,L,E,W,V,G,F,I,R,S,K,P,-,Y,G,A,T,T,E,Y,A,A,S,V,K,G,R,F,T,I,S,R,D,D,S,K,S,I,A,Y,L,Q,M,N,S,L,K,I,E,D,T,A,V,Y,F,C,G,R,D,P,H,S,G,S,Y,L,-,-,-,-,-,-,-,-,-,-,-,-,-,-,-,D,Y,W,G,Q,G,T,L,V,T,V,S,S
"W85_1E02","141","0","0","1","0","0","0","6",E,V,Q,L,V,E,-,-,S,G,G,G,V,V,Q,S,G,R,S,L,R,L,S,C,A,A,S,G,F,T,F,S,S,Y,A,L,H,-,-,W,V,R,Q,A,P,G,K,G,L,E,W,V,A,V,I,S,Y,-,-,-,D,A,S,E,K,Y,Y,A,D,S,V,K,G,R,F,T,I,S,R,D,K,S,K,K,T,L,Y,L,Q,M,N,S,L,R,A,E,D,T,A,V,Y,Y,C,A,R,S,H,F,Y,Y,D,S,G,-,-,-,-,-,-,-,-,-,-,-,-,-,-,-,D,Y,W,G,Q,G,T,L,V,T,V,S,S
"W85_1E04","141","1","0","1","0","0","0","4",E,V,Q,L,V,E,-,-,S,G,G,G,V,V,Q,P,G,G,S,L,R,L,S,C,A,A,S,G,F,T,F,G,D,Y,A,M,H,-,-,W,V,R,Q,P,P,G,K,G,L,E,W,V,S,L,I,T,G,-,-,-,D,G,G,S,T,K,Y,A,D,S,V,K,G,R,F,T,I,S,R,D,N,S,K,N,S,L,S,L,E,M,N,S,L,R,T,E,D,S,A,L,Y,Y,C,A,K,D,I,V,S,V,V,A,A,V,-,-,-,-,-,-,-,-,-,-,-,-,-,-,D,Y,W,G,Q,G,A,R,V,T,V,S,S
"W85_1E07","141","0","0","1","0","0","0","3",E,V,Q,L,V,E,-,-,S,G,G,G,L,V,Q,P,G,G,S,L,R,L,S,C,A,A,S,G,F,K,V,G,D,N,Y,M,S,-,-,W,V,R,Q,A,P,G,K,G,L,E,W,V,S,I,I,Y,-,-,-,-,G,G,G,R,T,Y,Y,A,D,S,V,K,G,R,F,T,L,S,R,D,N,S,K,N,T,L,S,L,Q,M,N,S,L,R,G,E,D,T,A,V,Y,Y,C,A,R,D,G,V,A,G,G,E,G,A,Y,-,-,-,-,-,-,-,-,-,-,-,-,-,D,I,W,G,Q,G,T,M,V,T,V,S,S
"W85_1F04","141","3","0","1","0","0","0","3",Q,V,Q,L,V,Q,-,-,S,G,A,E,V,K,K,P,G,A,S,V,K,V,S,C,K,A,S,G,Y,T,F,T,T,Y,D,I,N,-,-,W,V,R,Q,A,T,G,Q,G,L,E,W,M,G,W,M,N,P,-,-,-,N,S,G,N,T,G,S,A,Q,N,F,Q,G,R,V,T,M,T,R,N,T,S,I,N,T,A,Y,M,E,L,S,S,L,R,S,D,D,T,A,V,Y,Y,C,V,R,G,L,G,Y,C,T,S,T,S,C,Y,G,S,W,F,-,-,-,-,-,-,-,-,D,P,W,G,Q,G,T,L,V,T,V,S,S
"W85_1F07","141","2","0","1","0","0","0","4",Q,V,Q,L,A,Q,-,-,S,G,P,E,V,K,K,P,G,T,S,V,K,V,S,C,K,A,S,G,F,T,F,S,R,A,A,V,Q,-,-,W,V,R,Q,A,R,G,Q,P,L,E,W,M,G,W,I,V,G,-,-,-,G,S,G,K,A,N,Y,A,Q,K,F,Q,E,R,V,T,I,T,R,D,M,S,T,S,T,A,Y,M,E,L,S,S,L,R,S,E,D,T,A,V,Y,Y,C,A,A,D,A,S,G,Y,D,L,H,Y,Y,Y,Y,Y,G,M,-,-,-,-,-,-,-,-,D,V,W,G,Q,G,T,T,V,T,V,S,S
"W85_1G05","141","2","0","1","0","0","0","3",Q,V,Q,L,V,Q,-,-,S,R,A,E,V,R,K,P,G,A,S,V,R,L,S,C,K,A,A,G,Y,S,F,I,N,Y,Y,I,H,-,-,W,V,R,Q,A,P,G,Q,G,L,E,W,M,G,L,I,N,P,-,-,-,S,G,G,G,T,T,Y,A,Q,N,F,Q,G,R,L,T,M,T,R,D,T,S,S,N,T,V,Y,M,E,V,G,S,L,R,S,D,D,S,A,V,Y,Y,C,A,R,D,G,R,P,P,R,F,G,S,G,I,D,P,-,-,-,-,-,-,-,-,-,-,D,D,W,G,Q,G,T,L,L,T,V,S,S
"W85_1H07","141","1","0","1","0","0","0","3",E,V,Q,L,V,E,-,-,S,G,G,G,L,V,K,P,G,G,S,L,R,L,S,C,A,A,S,G,F,H,F,S,G,Y,S,M,N,-,-,W,V,R,Q,A,P,G,K,G,L,E,W,V,A,S,I,S,G,-,-,-,S,V,S,D,I,H,Y,A,D,S,V,K,G,R,F,T,I,S,R,D,N,A,R,N,S,L,Y,L,Q,M,T,S,L,R,A,E,D,T,A,L,Y,Y,C,V,R,D,S,Y,N,W,N,D,R,E,F,-,-,-,-,-,-,-,-,-,-,-,-,-,D,P,W,G,Q,G,T,L,V,T,V,S,S
"W85_1H08","141","0","0","1","0","0","0","3",E,V,Q,V,V,E,-,-,S,G,G,G,V,V,Q,P,G,R,S,L,R,L,S,C,A,A,S,G,F,T,F,G,S,Y,A,M,Y,-,-,W,V,R,Q,A,P,G,K,G,L,E,W,V,A,V,I,S,Y,-,-,-,D,G,S,D,K,Y,Y,G,D,F,V,K,G,R,F,T,I,S,R,D,N,S,K,N,T,L,Y,L,Q,M,N,S,L,R,V,E,D,T,A,V,Y,Y,C,L,R,G,R,Y,G,D,P,P,T,-,-,-,-,-,-,-,-,-,-,-,-,-,-,-,D,F,W,G,Q,G,T,L,V,T,V,S,S
"W85_2A08","141","0","0","1","0","0","0","2",E,V,Q,L,V,E,-,-,S,G,G,G,L,V,K,P,G,E,S,L,T,L,S,C,A,A,S,Q,F,A,F,R,D,Y,A,M,N,-,-,W,V,R,Q,A,P,G,R,G,L,E,W,V,S,C,I,N,G,-,-,-,N,S,R,Y,T,Y,Y,A,D,S,V,R,G,R,F,A,I,S,R,D,N,A,G,E,T,L,Y,L,Q,L,N,S,L,R,A,E,D,T,A,L,Y,Y,C,A,R,G,S,F,G,P,G,S,Y,Y,T,F,E,H,Y,H,M,-,-,-,-,-,-,-,D,V,W,G,K,G,T,T,V,T,V,S,S
"W85_2A10","141","1","0","1","0","0","0","4",R,C,S,L,V,E,-,-,S,G,G,G,V,V,Q,P,G,R,S,L,R,L,S,C,A,A,S,G,F,T,F,S,T,Y,S,M,H,-,-,W,V,R,Q,A,P,G,K,G,L,E,W,V,A,F,I,S,S,-,-,-,D,G,T,Y,K,Y,Y,A,D,S,V,K,G,R,F,T,I,S,R,D,N,S,R,N,T,L,S,L,Q,L,N,S,L,R,A,E,D,T,A,V,Y,Y,C,A,R,D,L,C,S,T,S,S,C,Y,I,-,-,-,-,-,-,-,-,-,-,-,-,-,D,Y,W,G,Q,G,T,L,V,T,V,S,S
"W85_2B03","141","1","0","1","0","0","0","1",Q,V,Q,L,V,E,-,-,S,G,G,G,V,V,H,P,G,R,S,L,R,L,S,C,A,A,S,G,F,D,F,S,D,Y,A,M,H,-,-,W,V,R,Q,A,P,G,K,G,L,E,W,V,A,L,I,S,S,-,-,-,D,G,G,N,K,Y,S,A,D,S,M,E,G,R,F,T,I,S,R,D,N,Y,K,N,T,V,Y,L,Q,M,N,R,L,R,A,E,D,T,A,V,Y,Y,C,A,T,D,F,C,S,S,S,S,C,Y,L,-,-,-,-,-,-,-,-,-,-,-,-,-,E,Y,W,G,Q,G,T,L,V,T,V,S,S
"W85_2B08","141","3","0","1","0","0","0","3",E,V,Q,L,V,E,-,-,S,G,G,G,L,V,Q,A,G,R,S,L,R,L,S,C,T,A,S,G,F,T,F,G,D,Y,G,M,S,-,-,W,V,R,Q,A,P,G,K,G,L,E,W,V,G,F,I,R,S,K,A,-,Y,G,G,T,T,D,F,A,A,S,V,K,G,R,F,I,I,S,R,D,D,S,K,S,I,A,Y,L,Q,M,H,S,L,K,T,E,D,T,A,V,Y,Y,C,C,R,D,P,Y,S,G,S,Y,I,-,-,-,-,-,-,-,-,-,-,-,-,-,-,-,D,S,W,G,R,G,T,L,V,T,V,S,S
"W85_2B12","141","0","0","1","0","0","0","3",E,V,Q,L,V,E,-,-,S,G,G,G,V,V,Q,P,G,R,S,L,R,L,S,C,A,V,S,G,F,T,F,S,S,F,A,M,H,-,-,W,V,R,Q,A,P,G,K,G,L,E,W,M,A,V,I,S,Y,-,-,-,N,G,I,N,K,D,Y,A,D,S,V,K,G,R,F,T,I,S,R,D,N,S,K,N,T,L,Y,L,Q,V,S,S,L,R,P,E,D,T,A,V,Y,Y,C,A,S,G,Q,R,Q,F,D,Y,F,P,D,G,D,Y,Y,Y,F,-,-,-,-,-,-,-,D,S,W,G,Q,G,T,L,V,T,V,S,S
"W85_2C10","141","1","0","1","0","0","0","4",E,V,Q,L,V,E,-,-,S,G,G,G,V,V,Q,P,G,R,S,L,R,L,S,C,A,A,S,G,S,T,F,S,D,R,A,M,H,-,-,W,V,R,Q,A,P,G,R,G,M,E,W,I,G,F,I,L,F,-,-,-,H,G,T,N,N,Y,H,A,D,S,V,K,G,R,F,T,I,S,R,D,N,S,K,N,T,L,Y,L,Q,M,N,S,L,R,T,E,D,T,A,M,Y,Y,C,A,R,D,R,G,A,A,V,V,D,L,T,A,E,A,F,-,-,-,-,-,-,-,-,-,D,L,W,G,Q,G,T,M,V,T,V,S,S
"W85_2D05","141","3","0","1","0","0","0","4",K,C,S,L,V,E,-,-,S,G,G,G,L,V,Q,P,G,R,S,L,R,L,S,C,R,A,S,G,F,T,F,G,D,Y,A,L,S,-,-,W,V,R,Q,A,P,G,K,G,L,E,W,V,G,F,I,R,G,K,S,-,Y,G,G,A,T,Q,Y,A,A,S,V,K,G,R,F,I,I,S,R,D,D,S,K,S,I,A,Y,L,Q,M,N,S,L,K,T,E,D,T,A,V,Y,Y,C,T,R,E,G,I,D,A,F,-,-,-,-,-,-,-,-,-,-,-,-,-,-,-,-,-,D,V,W,G,Q,G,T,M,V,T,V,S,S
"W85_2D08","141","4","0","0","0","0","0","3",Q,V,Q,L,V,Q,-,-,S,G,A,E,V,K,K,P,G,A,S,V,K,V,S,C,K,A,S,G,Y,S,F,T,T,F,D,I,N,-,-,W,V,R,Q,A,T,G,Q,G,L,E,W,V,G,W,M,N,P,-,-,-,N,S,G,N,T,G,Y,A,Q,K,F,Q,G,R,V,S,M,T,R,N,T,S,K,S,T,A,Y,M,E,L,S,S,L,T,S,E,D,T,A,V,Y,F,C,A,R,G,V,G,F,C,D,T,T,S,C,Y,G,S,W,F,-,-,-,-,-,-,-,-,D,P,W,G,Q,G,T,L,V,T,V,S,S
"W85_2E02","141","1","0","1","0","0","0","2",W,C,R,L,Q,Q,-,-,W,G,A,G,L,L,K,P,S,E,T,L,S,L,T,C,A,V,Y,G,G,S,F,T,G,Y,F,W,S,-,-,W,I,R,Q,P,P,G,K,G,L,E,E,I,G,E,I,N,-,-,-,-,L,G,G,G,T,T,Y,S,P,S,L,K,S,R,V,T,I,S,V,D,T,S,K,N,Q,F,S,L,N,V,R,S,V,T,A,A,D,T,A,V,Y,Y,C,A,R,A,G,R,D,G,Y,N,Y,T,P,F,R,S,F,-,-,-,-,-,-,-,-,-,D,I,W,G,Q,G,T,T,V,T,V,S,S
"W85_2E09","141","3","0","0","0","0","1","3",E,V,Q,L,V,E,-,-,S,G,G,G,L,V,Q,P,G,R,S,L,R,L,S,C,T,A,S,G,F,T,F,S,D,Y,T,M,N,-,-,W,V,R,Q,A,P,G,K,G,L,E,W,I,G,F,I,R,S,N,L,-,Y,G,G,T,S,P,Y,P,A,S,V,R,D,R,F,T,I,S,R,D,D,S,K,N,I,A,Y,L,Q,M,N,S,L,N,T,E,D,T,A,V,Y,F,C,S,R,R,R,R,G,S,T,P,L,P,-,-,-,-,-,-,-,-,-,-,-,-,-,-,D,L,W,G,Q,G,T,L,V,T,V,S,S
"W85_2F03","141","3","0","1","0","0","0","3",E,V,Q,L,V,E,-,-,S,G,G,G,L,V,Q,P,G,R,S,L,R,L,S,C,T,T,S,E,F,T,F,D,E,Y,T,M,S,-,-,W,V,R,Q,A,P,G,K,G,L,E,W,V,G,F,I,G,S,K,A,-,Y,R,G,T,T,E,Y,A,A,S,V,K,G,R,F,T,I,S,R,D,D,F,R,S,I,A,Y,L,Q,M,N,S,L,K,T,E,D,T,A,V,Y,Y,C,T,R,D,S,G,F,G,D,Y,F,-,-,-,-,-,-,-,-,-,-,-,-,-,-,-,D,Y,W,G,Q,G,T,L,V,T,V,S,S
"W85_2F05","141","1","0","2","0","0","0","4",E,V,Q,L,V,E,-,-,S,G,G,G,V,V,Q,P,G,R,S,L,R,L,S,C,A,A,S,G,F,S,F,S,S,Y,A,M,H,-,-,W,V,R,Q,A,P,G,K,G,L,E,W,V,A,V,I,S,Y,-,-,-,D,G,S,N,K,Y,Y,A,D,S,V,K,G,R,F,T,I,S,R,D,N,S,K,I,T,L,F,L,Q,M,N,S,L,R,P,E,D,T,A,I,Y,Y,C,A,R,T,T,D,Y,N,V,Y,Y,S,G,M,-,-,-,-,-,-,-,-,-,-,-,-,D,V,W,G,Q,G,T,T,V,T,V,S,S
"W85_2F12","141","1","0","0","0","0","0","3",Q,V,Q,L,Q,E,-,-,S,G,P,G,L,V,K,P,S,E,T,L,S,L,T,C,S,V,S,G,G,S,L,S,S,S,T,Y,Y,W,G,W,I,R,Q,P,P,G,K,G,L,E,W,I,G,S,V,Y,-,-,-,-,Y,T,G,S,T,D,Y,N,P,S,L,R,S,R,V,S,I,S,I,D,T,S,K,N,Q,F,S,L,K,M,S,S,V,T,A,A,D,T,A,V,F,Y,C,A,R,Y,L,Q,W,L,A,P,A,P,L,-,-,-,-,-,-,-,-,-,-,-,-,-,D,C,W,G,Q,G,T,L,V,T,V,S,S
"W85_2G01","141","2","0","1","0","0","0","2",E,V,Q,L,V,E,-,-,S,G,G,G,L,V,K,P,G,G,S,L,S,L,S,C,A,A,S,G,F,T,F,S,D,Y,T,M,N,-,-,W,V,R,Q,A,P,G,K,G,L,E,W,V,S,S,I,S,G,-,-,-,S,G,N,Y,I,Y,Y,A,D,S,V,K,G,R,F,T,I,S,R,D,N,A,K,N,S,L,Y,L,Q,M,S,S,L,R,A,D,D,T,A,V,Y,Y,C,A,R,D,E,S,G,Y,D,F,-,-,-,-,-,-,-,-,-,-,-,-,-,-,-,-,G,C,W,G,Q,G,I,L,V,T,V,S,S
"W85_2G05","141","2","0","0","0","0","0","4",L,V,Q,P,Q,E,-,-,S,G,P,G,L,V,K,P,S,E,T,L,S,L,T,C,S,V,S,G,D,S,M,Y,D,Y,Y,W,S,-,-,W,I,R,Q,P,P,G,K,G,L,E,W,I,G,C,I,H,-,-,-,-,Y,S,G,S,T,N,Y,N,P,S,L,K,S,R,V,T,I,S,V,D,T,S,K,N,Q,F,S,L,K,L,S,S,V,T,A,A,D,T,A,L,Y,Y,C,A,T,G,R,S,S,N,S,G,W,Y,P,Y,F,Y,Y,G,L,-,-,-,-,-,-,-,D,V,W,G,Q,G,T,T,V,T,V,S,S
"W85_3B03","141","1","0","1","0","0","0","2",E,V,Q,L,V,E,-,-,S,G,G,G,L,V,K,P,G,G,S,L,R,L,S,C,A,A,S,G,F,T,F,S,S,Y,T,M,N,-,-,W,V,R,Q,A,P,G,K,G,L,E,W,V,S,S,I,S,G,-,-,-,S,S,G,Y,V,Y,Y,A,D,S,V,R,G,R,F,T,I,S,R,D,N,A,M,K,S,L,Y,L,Q,M,Y,R,L,R,A,D,D,T,A,T,Y,Y,C,V,R,D,E,S,G,Y,D,F,-,-,-,-,-,-,-,-,-,-,-,-,-,-,-,-,V,Y,W,G,Q,G,A,L,V,T,V,T,S
"W85_3B05","141","0","0","1","0","0","0","4",E,V,Q,L,M,E,-,-,S,G,G,G,V,V,H,P,G,R,S,L,R,L,S,C,A,A,S,G,F,T,F,S,S,Y,A,M,H,-,-,W,V,R,Q,A,P,G,K,G,L,E,W,V,A,I,I,S,H,-,-,-,D,G,S,N,K,Y,Y,A,D,S,L,K,G,R,F,T,I,S,R,E,N,S,R,S,M,V,Y,L,H,V,S,S,L,R,T,E,D,T,A,V,Y,Y,C,A,R,D,L,C,S,T,S,S,C,Y,V,-,-,-,-,-,-,-,-,-,-,-,-,-,D,H,W,G,Q,G,T,L,V,T,V,S,S
"W85_3B07","141","1","0","2","0","0","0","3",Q,V,Q,L,Q,E,-,-,S,G,P,G,L,V,K,P,S,E,T,L,S,L,T,C,S,V,S,G,D,S,I,T,S,Y,Y,C,S,-,-,W,I,R,Q,S,P,G,K,G,L,E,W,I,G,Y,I,Y,-,-,-,-,Y,T,G,S,T,N,Y,N,P,S,L,K,S,R,V,T,I,S,V,D,T,S,K,N,Q,F,S,L,K,L,S,S,V,T,A,A,D,T,A,V,Y,Y,C,A,R,H,G,Q,L,Y,D,V,W,S,G,Y,Y,R,G,P,E,H,R,Y,F,-,-,-,D,L,W,G,R,G,T,L,V,T,V,S,S
"W85_3B09","141","1","0","1","0","0","0","3",E,V,Q,L,L,E,-,-,S,G,G,G,L,V,Q,P,G,G,S,L,R,L,S,C,A,A,S,G,F,T,F,S,D,Y,A,M,S,-,-,W,V,R,Q,A,P,G,K,G,L,E,W,V,A,I,L,S,G,-,-,-,S,S,G,H,T,Y,Y,P,D,S,V,K,G,R,F,T,I,S,R,D,N,S,K,N,T,L,Y,L,Q,L,T,S,L,R,A,E,D,T,A,V,Y,Y,C,A,K,G,G,G,Q,Q,P,T,W,D,G,M,-,-,-,-,-,-,-,-,-,-,-,-,D,V,W,G,Q,G,T,T,V,T,V,S,S
"W85_3C05","141","0","0","1","0","0","0","2",E,V,Q,L,V,E,-,-,S,G,G,G,L,V,Q,P,G,G,S,L,R,L,S,C,A,A,S,G,F,T,V,S,S,N,Y,L,S,-,-,W,V,R,Q,A,P,G,K,G,L,E,W,V,S,V,I,Y,-,-,-,-,G,G,G,N,T,Y,Y,A,D,S,V,K,G,R,F,T,I,S,R,H,N,S,K,N,T,L,Y,L,Q,M,N,N,L,R,A,E,D,T,A,V,Y,Y,C,A,S,H,V,L,R,F,L,E,E,G,F,-,-,-,-,-,-,-,-,-,-,-,-,-,D,M,W,G,Q,G,T,M,V,T,V,S,S
"W85_3C08","141","1","0","2","0","0","0","2",A,S,L,V,E,F,-,-,W,G,E,G,L,V,P,A,G,G,P,L,R,L,S,C,A,A,S,G,F,S,V,S,S,N,S,M,S,-,-,W,V,R,Q,A,P,G,R,G,L,E,W,V,S,L,I,Y,-,-,-,-,T,G,G,S,T,V,Y,A,D,S,V,R,G,R,F,T,I,S,R,D,N,F,K,N,T,L,L,L,Q,M,N,S,L,R,T,E,D,T,A,V,Y,Y,C,A,R,A,E,R,D,G,D,Y,E,-,-,-,-,-,-,-,-,-,-,-,-,-,-,-,G,N,W,G,Q,G,T,L,V,T,V,S,A
"W85_3D10","141","1","0","1","1","0","0","3",E,V,Q,L,V,E,-,-,S,G,G,G,L,V,Q,P,G,G,S,L,R,L,S,C,A,A,S,G,L,S,V,S,G,N,Y,I,S,-,-,W,V,R,Q,A,P,G,K,G,L,E,W,V,S,V,M,Y,-,-,-,-,A,G,G,R,K,Y,Y,A,D,S,V,K,G,R,F,S,I,S,R,D,Q,S,K,N,T,V,Y,L,Q,M,D,S,L,R,V,E,D,T,A,V,Y,Y,C,A,G,T,Y,L,E,W,L,-,-,-,-,-,-,-,-,-,-,-,-,-,-,-,-,-,D,Y,W,G,Q,G,T,L,V,A,V,S,S
"W85_3F01","141","2","0","2","0","0","0","2",E,V,Q,L,V,E,-,-,S,G,G,D,L,V,Q,P,G,R,S,L,R,L,S,C,E,A,S,G,F,T,F,S,S,Y,E,M,S,-,-,W,V,R,Q,P,P,G,K,G,L,E,W,V,S,Y,I,S,S,-,-,-,S,G,A,T,F,Y,Y,A,D,A,V,K,G,R,F,T,I,S,R,D,N,A,K,N,S,L,Y,L,Q,M,N,S,L,R,A,E,D,T,A,V,Y,Y,C,A,S,L,I,T,G,Y,N,S,Y,W,Y,W,V,D,H,L,-,-,-,-,-,-,-,-,D,S,W,G,H,G,T,L,V,T,V,S,S
"W85_3F09","141","0","0","1","0","0","0","3",E,V,Q,L,V,E,-,-,S,G,G,G,V,V,Q,P,G,R,S,L,R,L,S,C,A,A,S,G,F,T,F,S,S,F,G,M,H,-,-,W,V,R,Q,A,P,G,K,G,L,E,W,M,A,V,I,S,Y,-,-,-,N,G,I,N,K,D,Y,A,D,S,V,K,G,R,F,T,I,S,R,D,N,S,K,N,T,L,Y,L,Q,M,N,S,L,R,A,E,D,T,A,V,Y,Y,C,A,A,G,Q,R,Q,F,D,Y,F,P,D,G,D,Y,Y,Y,F,-,-,-,-,-,-,-,D,S,W,G,Q,G,T,L,V,T,V,S,S
"W85_3G10","141","0","0","1","0","0","0","3",E,V,Q,L,V,D,-,-,S,G,G,G,V,V,R,P,G,R,S,L,R,L,S,C,A,A,S,G,F,T,F,S,S,Y,A,M,H,-,-,W,V,R,Q,A,P,G,R,G,L,E,W,V,T,F,I,S,H,-,-,-,D,G,S,N,V,Y,Y,A,D,S,V,T,G,R,F,T,I,S,R,D,N,S,K,N,T,L,Y,L,Q,M,N,S,L,R,V,E,D,T,A,V,Y,Y,C,A,R,D,Y,C,S,T,S,S,C,Y,V,-,-,-,-,-,-,-,-,-,-,-,-,-,D,Y,W,G,Q,G,T,L,V,T,V,S,S
