"LIGHT",,,,,,,,
Accession,Length,CK2Phos,Hydrox,TyrKinPhos,Amid,ATPPhos,CampPhos,PKCPhos,L1,L2,L3,L4,L5,L6,L7,L8,L9,L10,L11,L12,L13,L14,L15,L16,L17,L18,L19,L20,L21,L22,L23,L24,L25,L26,L27,L27A,L27B,L27C,L27D,L27E,L27F,L28,L29,L30,L31,L32,L33,L34,L35,L36,L37,L38,L39,L40,L41,L42,L43,L44,L45,L46,L47,L48,L49,L50,L51,L52,L53,L54,L55,L56,L57,L58,L59,L60,L61,L62,L63,L64,L65,L66,L66A,L66B,L67,L68,L69,L70,L71,L72,L73,L74,L75,L76,L77,L78,L79,L80,L81,L82,L83,L84,L85,L86,L87,L88,L89,L90,L91,L92,L93,L94,L95,L95A,L95B,L95C,L95D,L96,L97,L98,L99,L100,L101,L102,L103,L104,L105,L106,L106A,L107
"008_10053_5D03","120","2","0","0","0","0","0","1",D,I,Q,M,T,Q,S,P,S,S,L,S,A,S,V,G,D,R,V,T,I,T,C,R,A,R,Q,-,-,-,-,-,-,T,I,N,R,Y,L,N,W,Y,Q,Q,K,P,G,K,A,P,K,L,L,I,Y,A,A,T,N,L,Q,S,G,V,P,S,R,F,S,G,T,G,-,-,S,G,T,L,F,T,L,T,I,S,S,L,Q,P,E,D,L,A,T,Y,F,C,Q,Q,T,Y,S,T,L,-,-,-,-,G,T,F,G,P,G,T,K,V,D,I,-,K
"008_10053_6F06","120","4","0","0","0","0","0","0",D,I,Q,M,T,Q,S,P,S,S,L,S,A,S,V,G,D,R,V,T,I,T,C,Q,A,S,Q,-,-,-,-,-,-,D,I,N,K,Y,L,I,W,Y,Q,Q,R,P,E,K,A,P,K,L,L,I,Y,D,A,S,N,L,E,T,G,V,P,S,R,F,S,G,S,G,-,-,S,G,T,D,F,T,F,T,I,S,N,L,Q,P,E,D,I,A,T,Y,Y,C,Q,Q,Y,E,S,F,P,-,-,-,-,L,T,F,G,G,G,T,K,V,E,I,-,K
"008_10_1C03","120","4","0","0","0","0","0","2",E,I,V,L,T,Q,S,P,A,T,L,S,L,S,P,G,E,R,A,T,L,S,C,R,A,S,Q,-,-,-,-,-,-,S,V,S,S,Y,L,A,W,Y,Q,Q,R,P,G,Q,A,P,R,L,L,I,H,D,A,S,N,R,A,T,G,I,P,A,R,F,S,G,S,G,-,-,S,G,T,D,F,T,L,T,I,S,S,L,E,P,E,D,F,A,V,Y,Y,C,Q,Q,G,N,K,W,P,-,-,-,-,R,T,F,G,Q,G,T,K,V,E,I,-,K
"008_10_5E02","120","3","0","0","0","0","0","1",D,I,Q,M,T,Q,S,P,S,S,L,S,A,S,V,G,D,R,V,T,I,T,C,R,A,S,Q,-,-,-,-,-,-,S,I,S,T,Y,L,N,W,Y,Q,R,K,P,G,K,A,P,K,F,L,I,Y,A,A,S,N,L,Q,S,G,V,P,S,R,F,S,G,S,G,-,-,S,G,T,D,F,T,L,T,I,S,N,L,Q,P,E,D,F,A,T,Y,Y,C,Q,Q,S,Y,S,T,P,S,-,-,-,W,T,F,G,Q,G,T,K,V,E,I,-,K
"008_10_6C04","120","1","0","0","0","0","0","2",Q,S,A,L,T,Q,P,A,S,-,V,S,G,S,P,G,Q,S,I,T,I,S,C,T,G,T,S,S,D,V,-,-,-,G,G,Y,K,Y,V,S,W,Y,Q,Q,H,P,G,K,A,P,K,I,M,I,Y,E,V,S,N,R,P,S,G,L,S,N,R,F,S,G,S,K,-,-,S,G,N,T,A,S,L,T,I,S,G,L,Q,A,E,D,E,A,D,Y,Y,C,-,-,-,-,-,-,-,-,-,-,-,-,-,-,-,-,-,-,-,-,-,-,-,-
"009_10_1G06","120","0","0","0","0","0","0","0",Q,S,V,L,T,Q,P,P,S,-,V,S,G,A,P,G,Q,R,V,A,I,S,C,T,G,S,S,S,N,I,-,-,-,G,A,G,Y,D,V,H,W,Y,Q,Q,L,P,G,T,A,P,K,L,L,I,Y,D,N,N,S,R,P,S,G,V,P,D,R,F,S,G,S,K,-,-,S,G,T,S,A,S,L,A,I,T,G,L,Q,A,E,D,E,A,D,Y,Y,C,Q,S,Y,D,S,G,V,S,G,-,-,Y,V,F,G,T,G,T,K,V,T,V,L,-
"009_10_2F01","120","4","0","0","0","0","0","4",D,I,V,M,T,Q,S,P,R,S,L,T,V,T,P,G,E,P,A,S,I,S,C,R,S,S,Q,S,L,L,H,S,-,N,G,Y,N,Y,L,D,W,Y,L,Q,K,P,G,Q,S,P,Q,L,L,I,Y,L,G,S,N,R,A,S,G,V,P,D,R,F,S,G,S,G,-,-,S,G,T,D,F,T,L,K,I,S,R,V,E,A,E,D,V,G,V,Y,Y,C,M,Q,A,L,Q,T,S,-,-,-,-,W,T,F,G,Q,G,T,K,V,E,I,-,K
"009_10_2G06","120","1","0","0","0","0","0","1",S,Y,E,L,T,Q,P,P,S,-,M,S,V,A,P,G,Q,T,A,K,I,T,C,G,G,D,H,-,-,-,-,-,-,I,G,I,R,S,V,H,W,Y,L,R,R,P,G,R,A,P,V,L,V,L,Y,D,L,N,D,R,P,L,G,I,P,E,R,F,S,G,S,N,-,-,S,G,H,T,A,T,L,T,I,S,G,V,E,A,G,D,E,G,D,Y,Y,C,Q,V,W,D,G,S,G,D,N,R,-,G,I,F,G,G,G,T,K,L,T,V,L,-
"011_10069_2G04","120","2","0","1","0","0","0","0",N,F,M,L,T,Q,P,H,S,-,V,S,E,S,P,G,K,T,V,T,I,S,C,T,R,S,S,G,N,-,-,-,-,I,A,S,Y,F,V,Q,W,Y,Q,Q,R,P,G,S,A,P,T,T,V,I,F,E,D,D,Q,R,P,S,G,V,P,D,R,F,S,G,S,I,D,S,S,S,N,S,A,S,L,T,I,S,G,L,R,T,E,D,E,A,D,Y,Y,C,Q,S,Y,D,T,I,N,P,H,-,-,V,I,F,G,G,G,T,K,L,T,V,L,-
"013_10_3F02","120","3","0","0","0","0","0","2",D,I,Q,M,T,Q,S,P,S,S,L,S,A,S,V,G,D,R,V,T,I,S,C,R,A,S,Q,-,-,-,-,-,-,S,I,G,T,Y,L,N,W,Y,Q,Q,K,P,G,K,A,P,N,L,L,I,Y,G,T,S,T,L,K,S,G,V,P,S,R,F,S,G,S,G,-,-,S,G,T,D,F,T,L,T,I,G,S,L,Q,P,E,D,F,A,T,Y,F,C,Q,Q,S,F,S,P,P,-,-,-,-,L,T,F,G,R,G,T,R,L,E,I,-,K
"013_10_4A03","120","1","0","0","0","0","0","0",Q,S,V,L,T,Q,P,P,S,-,A,S,G,T,P,G,Q,R,V,T,I,S,C,S,G,S,S,S,N,-,-,-,-,I,G,S,N,T,V,N,W,Y,Q,Q,F,P,G,T,A,P,K,F,L,I,N,S,T,N,Q,R,P,S,G,V,P,D,R,F,S,G,S,K,-,-,S,G,T,S,A,S,L,A,I,S,G,L,Q,S,E,D,E,A,D,Y,Y,C,A,A,W,D,D,S,L,S,G,-,-,W,V,F,G,G,G,T,M,L,T,V,L,-
"014_10_1D05","120","0","0","0","0","0","1","0",S,Y,E,L,T,Q,P,P,-,-,S,V,S,V,S,P,G,T,A,S,I,T,C,S,G,D,K,-,-,-,-,-,-,L,G,D,K,Y,V,C,W,Y,Q,Q,K,P,G,Q,S,P,V,L,V,I,Y,Q,D,N,K,R,P,S,G,I,P,E,R,F,S,G,S,N,-,-,S,G,N,T,A,T,L,T,I,S,G,T,Q,A,M,D,E,A,D,Y,Y,C,Q,A,W,D,S,S,H,H,-,-,-,F,V,F,G,T,G,S,K,V,T,V,L,-
"014_10_1G06","120","3","0","0","0","0","0","2",E,I,V,M,T,Q,S,P,A,T,L,S,V,S,P,G,E,R,A,T,L,S,C,R,A,S,Q,-,-,-,-,-,-,S,L,T,I,N,L,A,W,Y,Q,Q,R,P,G,Q,A,P,R,L,L,I,Y,G,A,S,T,R,A,T,G,I,P,A,R,F,S,G,S,G,-,-,S,G,T,E,F,T,L,T,I,S,S,L,Q,S,E,D,F,A,V,Y,Y,C,Q,Q,Y,H,N,W,P,P,-,-,-,L,T,F,G,G,G,T,K,V,E,I,-,K
"014_10_3C04","120","4","0","0","0","0","0","2",E,I,V,L,T,Q,S,P,G,T,L,S,L,S,P,G,E,R,A,T,L,S,C,R,A,S,Q,S,-,-,-,-,-,V,S,S,F,Y,L,A,W,Y,Q,Q,K,P,G,Q,A,P,R,L,L,L,Y,G,T,S,N,R,A,T,G,I,P,D,R,F,S,G,S,G,-,-,S,G,T,D,F,T,L,T,I,S,R,L,E,P,E,D,F,A,V,Y,Y,C,Q,Q,Y,D,T,S,-,-,-,-,-,L,T,F,G,P,G,T,K,V,D,I,-,K
"014_10_3F03","120","1","0","0","0","0","1","1",Q,S,A,L,T,Q,P,R,S,-,V,S,G,S,P,G,Q,S,V,T,I,S,C,T,G,T,S,S,D,V,-,-,-,G,Y,Y,N,Y,V,S,W,Y,Q,Q,E,P,G,K,A,T,K,L,M,I,Y,E,V,T,K,R,P,S,G,V,P,D,R,F,S,G,S,K,-,-,S,G,N,T,A,S,L,T,I,S,G,L,Q,G,E,D,E,A,D,Y,Y,C,F,S,Y,A,G,R,Y,T,-,-,-,W,V,F,G,G,G,T,K,L,T,V,L,-
"017_10116_3D04","120","2","0","0","0","0","0","1",S,Y,E,L,T,Q,P,H,S,-,V,S,V,A,P,G,Q,T,A,T,I,T,C,G,G,D,Y,-,-,-,-,-,-,I,E,R,K,S,V,H,W,Y,Q,Q,K,P,G,Q,A,P,V,L,V,V,Y,D,D,S,D,R,P,S,G,I,P,E,R,L,S,G,S,N,-,-,S,G,N,T,A,T,L,T,I,S,R,V,E,G,G,D,E,A,D,Y,Y,C,Q,V,W,D,S,S,C,D,C,-,-,W,V,F,G,G,G,T,K,V,T,V,L,-
"017_10116_4G04","120","4","0","0","0","0","0","2",E,I,V,L,T,Q,S,P,G,T,L,S,L,S,S,G,E,R,A,T,L,S,C,R,A,S,Q,T,-,-,-,-,-,I,S,S,N,Y,L,A,W,Y,Q,L,K,P,G,Q,A,P,R,L,L,I,Y,G,A,S,S,R,A,T,G,V,P,D,R,F,S,G,S,G,-,-,S,G,T,D,F,T,L,T,I,S,R,L,E,P,E,D,F,A,V,Y,Y,C,Q,Q,Y,G,T,S,P,P,-,-,-,W,T,F,G,Q,G,T,K,V,E,I,-,K
"017_10_5E01","120","2","0","0","0","0","0","2",D,I,Q,M,T,Q,S,P,S,S,L,S,A,S,V,G,D,R,V,T,I,T,C,R,A,S,Q,-,-,-,-,-,-,R,I,N,T,F,L,N,W,Y,Q,L,K,P,G,K,A,P,K,L,L,I,Y,A,A,S,H,L,Q,S,G,V,P,S,R,F,S,A,T,G,-,-,F,G,T,D,F,T,L,S,I,S,S,L,Q,P,E,D,L,A,T,Y,Y,C,Q,P,T,F,T,P,S,-,-,-,-,Y,T,F,G,Q,G,T,K,V,E,I,-,K
"019_10117_3C04","120","2","0","0","0","0","0","0",S,Y,E,L,T,Q,P,P,S,-,V,S,V,A,P,G,Q,T,A,M,I,T,C,G,G,N,H,-,-,-,-,-,-,I,G,T,K,S,V,H,W,Y,Q,Q,R,P,G,Q,A,P,V,L,V,V,Y,D,N,R,V,R,S,S,G,I,P,E,R,F,S,G,S,N,-,-,S,G,N,T,A,T,L,T,I,S,R,V,E,A,G,D,E,A,D,Y,Y,C,Q,V,W,D,S,S,S,D,H,N,-,V,V,F,G,G,G,T,K,L,T,V,L,-
"019_10117_3E02","120","1","0","0","0","0","1","1",S,Y,E,L,T,Q,P,A,S,-,V,S,V,S,P,G,Q,T,A,N,I,T,C,S,G,D,K,-,-,-,-,-,-,L,G,D,K,Y,T,S,W,Y,Q,Q,K,P,G,Q,A,P,V,L,V,I,Y,Q,D,T,K,R,P,S,G,I,P,E,R,F,F,G,S,S,-,-,S,G,D,A,A,T,L,T,I,S,G,T,Q,A,M,D,E,A,D,Y,Y,C,Q,A,W,V,W,D,S,R,-,-,-,V,V,F,G,G,G,T,K,L,T,V,L,-
"019_10117_3G01","120","4","0","0","0","0","0","2",N,F,M,L,T,Q,P,R,S,-,V,S,G,S,P,G,E,T,V,T,I,S,C,T,S,S,G,R,-,-,-,-,-,I,V,S,G,Y,V,Q,W,C,Q,Q,R,P,G,S,A,P,I,T,V,I,Y,E,S,D,Q,R,P,S,G,V,P,N,R,F,S,G,S,I,D,S,S,S,Q,S,A,S,L,T,I,S,G,L,E,T,E,D,E,A,D,Y,Y,C,Q,S,S,D,R,D,N,Q,-,-,-,G,I,F,G,G,G,T,R,L,T,V,L,-
"019_10117_4G04","120","0","0","0","0","0","1","1",S,Y,E,L,T,Q,P,P,S,-,V,S,V,S,P,G,Q,T,A,N,I,T,C,S,G,D,K,-,-,-,-,-,-,L,G,D,K,Y,T,S,W,Y,Q,Q,K,S,G,Q,S,P,V,L,V,I,Y,H,D,T,R,R,P,S,G,I,P,E,R,F,S,G,S,S,-,-,S,G,N,T,A,T,L,T,I,S,G,T,Q,V,M,D,E,A,D,Y,Y,C,Q,A,W,V,W,D,S,Y,-,-,-,V,V,F,G,G,G,T,K,L,T,V,L,-
"01_ac_01_Heavy","120","3","0","0","0","0","0","2",E,I,V,L,T,Q,S,P,V,S,L,S,L,S,P,G,E,R,A,T,L,S,C,R,A,S,Q,S,-,-,-,-,-,V,S,I,I,Y,L,A,W,Y,Q,Q,R,P,G,Q,A,P,R,L,L,I,Y,G,A,S,S,R,A,T,G,I,P,D,R,F,S,G,S,G,-,-,C,G,T,D,F,T,L,T,I,S,R,L,E,H,E,D,S,A,V,Y,Y,C,Q,Q,C,G,G,T,Y,-,-,-,-,P,T,F,G,Q,G,T,K,V,E,I,-,K
"01_ad_01_Heavy","120","4","0","0","0","0","0","3",E,I,V,L,T,Q,S,P,V,S,L,S,L,S,P,G,E,R,A,A,L,S,C,R,A,S,Q,S,-,-,-,-,-,L,S,S,R,F,L,A,W,Y,Q,Q,K,P,G,Q,A,P,R,L,L,I,H,G,A,S,S,R,A,T,G,I,P,D,R,F,S,G,S,G,-,-,S,G,T,D,F,T,L,T,I,S,R,L,E,P,E,D,F,A,V,Y,Y,C,Q,Q,Y,G,S,A,P,-,-,-,-,L,T,F,G,G,G,T,K,V,E,M,-,K
"01_ae_01_Heavy","120","2","0","0","0","0","0","1",D,I,Q,M,T,Q,S,P,S,S,L,S,A,S,I,G,D,R,V,T,I,T,C,R,A,S,Q,-,-,-,-,-,-,G,I,S,N,Y,L,A,W,Y,Q,Q,R,P,G,K,A,P,K,L,V,I,Y,A,A,S,T,L,Q,S,G,V,P,S,R,F,S,G,S,G,-,-,S,G,T,Y,F,T,L,T,I,S,S,L,Q,P,E,D,F,A,T,Y,Y,C,Q,Q,L,N,T,Y,P,-,-,-,-,R,T,F,G,P,G,T,K,V,D,I,-,K
"01_d_04_Heavy","120","4","0","0","0","0","0","1",D,I,Q,M,T,Q,V,P,V,S,L,S,A,S,V,G,D,R,V,T,I,T,C,R,A,S,Q,-,-,-,-,-,-,G,I,S,N,Y,L,N,W,Y,Q,Q,K,P,G,K,A,P,K,L,L,I,Y,A,I,S,N,L,F,S,G,V,P,S,R,F,S,G,S,E,-,-,S,G,T,D,F,T,L,T,I,S,S,L,Q,P,E,D,F,A,T,Y,Y,C,Q,Q,T,Y,T,T,P,-,-,-,-,Q,T,F,G,Q,G,T,K,V,E,I,-,K
"01_e_01_Heavy","120","4","0","0","0","0","0","3",D,I,V,M,T,P,R,S,V,S,L,S,V,T,P,G,E,P,A,S,I,S,C,R,S,S,Q,S,L,L,H,S,-,N,G,Y,N,Y,L,D,W,Y,V,Q,K,P,G,Q,S,P,Q,L,L,I,Y,L,S,S,N,R,A,S,G,V,P,D,R,F,S,G,S,G,-,-,S,G,T,D,F,T,L,E,I,S,R,V,E,A,E,D,V,A,V,Y,Y,C,M,Q,A,R,Q,T,P,-,-,-,-,P,T,F,G,Q,G,T,K,V,E,I,-,K
"01_f_01_Heavy","120","4","0","0","0","0","0","3",D,I,V,M,T,Q,S,P,V,S,L,P,V,T,P,G,E,P,A,S,I,S,C,R,S,S,Q,S,L,L,H,T,-,S,E,Y,N,Y,L,D,W,Y,L,Q,K,P,G,Q,S,P,Q,L,L,I,Y,L,G,S,H,R,A,S,G,V,P,D,R,F,S,G,S,G,-,-,S,G,T,D,F,T,L,K,I,S,R,V,E,A,E,D,V,G,V,Y,Y,C,M,Q,A,L,Q,T,P,-,-,-,-,Q,T,F,G,Q,G,T,K,L,E,I,-,K
"01_g_01_Heavy","120","3","0","0","0","0","0","2",E,I,V,M,T,Q,S,P,A,T,L,S,V,S,P,G,E,R,A,T,L,S,C,R,A,S,Q,-,-,-,-,-,-,S,V,S,S,N,L,A,W,Y,Q,Q,K,P,G,Q,A,P,R,L,L,I,Y,G,A,S,T,R,A,T,G,I,P,A,R,F,S,G,S,G,-,-,S,G,T,E,F,T,L,T,I,S,S,L,Q,S,E,D,F,A,V,Y,Y,C,Q,H,Y,N,N,W,P,P,-,-,-,W,T,F,G,Q,G,T,K,V,E,I,-,K
"01_h_02_Heavy","120","3","0","0","0","0","0","2",D,I,V,M,T,Q,D,P,V,T,L,P,V,S,L,G,E,R,A,T,I,K,C,K,S,S,Q,S,V,L,S,S,S,N,N,K,N,Q,L,A,W,Y,Q,Q,R,P,G,Q,P,P,K,L,L,I,Y,W,A,S,T,R,Q,S,G,V,P,E,R,F,S,G,S,G,-,-,S,G,T,D,F,T,L,T,V,D,V,L,L,P,E,D,V,A,V,Y,Y,C,Q,Q,Y,V,S,T,P,-,-,-,-,Y,T,F,G,Q,G,T,K,L,E,I,-,K
"01_i_01_Heavy","120","4","0","0","0","0","0","2",D,I,V,M,T,Q,S,P,D,S,L,A,V,S,L,G,E,R,A,T,I,N,C,K,S,S,Q,S,V,L,Y,S,S,N,N,K,N,Y,L,A,W,Y,Q,Q,K,S,G,Q,P,P,K,L,L,I,Y,W,A,S,T,R,E,S,G,V,P,D,R,F,S,G,S,G,-,-,S,G,T,D,F,T,L,T,I,S,S,L,Q,A,E,D,V,A,V,Y,Y,C,Q,Q,Y,Y,S,T,P,-,-,-,-,R,T,F,G,Q,G,T,K,V,E,I,-,K
"01_l_01_Heavy","120","3","0","0","0","0","0","2",D,I,Q,M,T,Q,S,P,S,S,L,S,A,S,V,G,D,R,V,T,I,T,C,R,A,S,Q,-,-,-,-,-,-,S,I,T,T,Y,L,N,W,Y,Q,Q,K,P,G,K,A,P,K,L,L,I,H,T,A,S,N,L,Q,S,G,V,P,S,R,F,S,G,S,G,-,-,S,G,T,D,F,T,L,T,I,S,S,L,Q,P,E,D,F,A,T,Y,Y,C,Q,Q,S,Y,S,T,R,-,-,-,-,F,T,F,G,P,G,T,K,V,D,I,-,K
"01_m_01_Heavy","120","3","0","0","0","0","0","1",D,I,H,M,T,Q,S,P,S,S,L,S,A,S,V,G,D,R,V,T,I,T,C,R,A,S,Q,-,-,-,-,-,-,G,I,R,S,Y,L,A,W,Y,Q,Q,K,P,G,K,A,P,K,L,L,I,Y,A,A,S,T,L,Q,S,G,V,P,S,R,F,S,G,S,G,-,-,S,G,T,D,F,T,L,T,I,S,S,L,Q,P,E,D,F,A,T,Y,Y,C,Q,Q,V,D,D,Y,P,-,-,-,-,Y,L,F,A,Q,G,T,K,L,E,I,-,K
"01_q_01_Heavy","120","2","0","0","0","0","0","1",D,I,Q,L,T,Q,S,P,S,S,L,S,A,S,V,G,D,R,V,T,I,T,C,R,A,S,Q,-,-,-,-,-,-,G,I,S,S,Y,L,A,W,Y,Q,Q,K,P,G,K,A,P,K,L,L,I,Y,A,A,S,T,L,Q,S,G,V,P,S,R,F,S,G,S,G,-,-,S,G,T,Y,F,T,L,T,I,S,S,L,Q,P,E,D,F,A,T,Y,Y,C,Q,Q,L,N,R,D,-,-,-,-,-,L,T,F,G,G,G,S,K,V,E,I,-,K
"01_r_01_Heavy","120","2","0","0","0","0","0","1",D,I,Q,M,T,Q,S,L,S,S,V,S,A,S,I,G,D,R,V,T,I,I,C,R,A,S,Q,-,-,-,-,-,-,G,V,G,N,W,L,V,W,Y,Q,Q,K,P,G,K,A,R,K,L,L,M,Y,A,A,S,T,L,Q,T,D,V,P,S,R,V,S,G,R,G,-,-,Y,G,T,E,F,T,L,T,I,S,S,E,Q,H,E,D,Y,A,N,Y,Y,C,Q,Q,A,H,S,Q,P,-,-,-,-,R,T,F,G,Q,G,T,K,V,E,V,-,K
"01_y_01_Heavy","120","4","0","0","0","0","0","2",D,I,Q,M,T,Q,R,P,V,S,L,S,A,S,V,G,D,T,V,T,I,T,C,R,A,S,H,-,-,-,-,-,-,S,I,A,T,Y,L,N,W,Y,Q,Q,K,P,G,K,A,P,N,L,L,I,S,T,A,S,D,L,Q,S,G,V,P,S,R,F,S,G,S,G,-,-,S,G,T,D,F,T,L,T,I,D,S,L,Q,P,E,D,F,A,T,Y,Y,C,Q,Q,S,Y,S,I,P,-,-,-,-,L,T,F,G,G,G,T,R,V,E,I,-,K
"01_z_01_Heavy","120","3","0","0","0","0","0","2",E,I,V,M,T,Q,S,P,A,T,L,S,V,S,P,G,E,R,A,T,L,S,C,R,A,G,Q,-,-,-,-,-,-,S,V,N,T,N,L,A,W,F,Q,Q,K,P,G,Q,A,P,R,L,L,I,Y,G,A,S,T,R,A,T,G,I,P,A,R,F,S,G,S,G,-,-,S,G,T,E,F,T,L,T,I,S,S,L,Q,S,E,D,C,A,V,Y,Y,C,Q,Q,Y,N,Q,W,P,L,-,-,-,N,T,F,G,Q,G,T,K,L,E,I,-,K
"024_10128_3E01","120","2","0","0","0","0","0","2",S,Y,E,L,T,Q,A,P,S,-,V,S,V,A,P,G,Q,T,A,R,I,P,C,G,G,N,N,-,-,-,-,-,-,I,G,T,K,S,V,H,W,Y,Q,Q,R,P,G,Q,A,P,V,L,V,V,Y,D,D,S,D,R,P,S,G,I,P,E,R,F,S,G,S,N,-,-,S,G,N,T,A,T,L,T,I,S,R,V,E,A,G,D,E,A,D,Y,Y,C,Q,V,W,D,S,S,G,-,-,-,-,D,Q,F,G,G,G,T,K,L,T,V,L,-
"024_10128_3E05","120","4","0","0","0","0","0","2",E,I,V,L,T,Q,S,P,G,T,L,S,L,S,P,G,E,R,A,T,L,S,C,R,A,S,Q,N,-,-,-,-,-,F,S,S,N,Y,L,A,W,Y,Q,Q,K,P,G,Q,A,P,R,L,L,I,Y,G,A,S,S,R,A,T,G,I,P,D,R,F,S,G,S,G,-,-,S,G,T,D,F,T,L,T,I,S,R,L,E,P,E,D,F,A,V,Y,Y,C,H,Q,Y,G,-,-,-,-,-,-,-,R,S,F,G,Q,G,T,K,V,E,I,-,K
"024_10128_3E06","120","4","0","0","0","0","0","1",D,I,Q,M,T,Q,S,P,S,T,L,S,A,S,V,G,D,R,V,T,I,T,C,R,A,S,Q,-,-,-,-,-,-,S,I,S,I,W,L,A,W,F,Q,Q,K,P,G,K,A,P,K,L,L,I,Y,K,A,S,T,L,E,T,G,V,P,S,R,F,S,G,S,G,-,-,S,G,T,E,F,T,L,T,I,S,S,L,Q,P,D,D,F,A,T,Y,Y,C,Q,Q,Y,N,I,Y,-,-,-,-,-,W,T,F,G,Q,G,T,K,V,E,I,-,K
"024_10128_3F05","120","4","0","0","0","0","0","2",E,I,V,L,T,Q,S,P,A,T,L,S,L,S,P,G,E,R,A,T,L,S,C,R,A,S,Q,-,-,-,-,-,-,S,V,G,S,Y,L,A,W,Y,Q,Q,K,P,G,Q,A,P,R,L,L,I,Y,D,V,S,N,R,A,T,G,I,P,A,R,F,I,G,S,G,-,-,S,G,T,D,F,T,L,T,I,S,S,L,E,P,E,D,S,A,V,Y,Y,C,Q,Q,R,S,N,W,P,P,G,-,-,V,T,F,G,P,G,T,K,V,D,I,-,K
"024_10128_3G04","120","1","0","0","0","0","0","1",Q,S,V,L,T,Q,P,P,S,-,V,S,A,S,P,G,H,K,I,T,I,S,C,S,G,S,G,P,N,-,-,-,-,I,G,T,N,R,V,S,W,Y,Q,Q,F,P,G,T,V,P,R,P,L,I,Y,D,D,Y,L,R,P,S,G,I,P,E,R,F,S,G,S,K,-,-,S,G,T,S,A,T,L,D,I,T,E,L,Q,T,G,D,E,A,D,Y,Y,C,G,T,W,D,S,S,L,S,V,-,-,W,V,F,G,G,G,T,K,L,T,V,L,-
"024_10128_4B04","120","4","0","0","0","0","1","2",E,I,V,L,T,Q,S,P,A,T,L,S,L,S,P,G,D,R,A,T,L,S,C,R,A,S,Q,-,-,-,-,-,-,S,V,G,S,Y,L,A,W,Y,Q,Q,K,P,G,Q,A,P,R,L,L,I,Y,D,A,S,K,R,A,T,D,I,P,A,R,F,S,G,S,G,-,-,S,G,T,D,F,T,L,T,I,S,S,L,E,P,A,D,F,A,I,Y,Y,C,Q,L,R,S,D,W,P,P,G,-,-,F,T,F,G,R,G,T,K,V,E,I,-,K
"024_10_4C05","120","3","0","0","0","0","0","1",D,I,Q,M,T,Q,S,P,S,S,L,S,A,S,V,G,D,R,V,T,I,T,C,R,A,S,Q,-,-,-,-,-,-,N,I,R,T,Y,L,S,W,Y,Q,Q,K,P,G,G,A,P,K,L,L,I,Y,A,A,S,S,L,Q,S,G,V,P,L,R,F,S,G,S,G,-,-,S,G,T,D,F,T,L,T,I,N,G,L,Q,P,E,D,F,A,T,Y,Y,C,Q,Q,S,Y,T,T,-,-,-,-,-,I,V,F,G,G,G,T,K,V,E,I,-,K
"028_10134_4D06","120","3","0","0","0","0","0","1",D,I,Q,M,T,Q,S,P,S,S,L,S,A,S,V,G,D,R,V,T,I,T,C,R,A,S,E,-,-,-,-,-,-,S,I,S,S,Y,L,N,W,Y,Q,Q,R,P,G,K,A,P,K,L,L,I,Y,A,A,S,S,L,Q,T,G,V,P,S,R,F,S,G,S,G,-,-,S,G,T,D,Y,T,L,T,I,S,S,L,Q,P,E,D,F,A,T,Y,F,C,Q,Q,S,Y,S,T,P,-,-,-,-,L,T,F,G,P,G,T,K,V,D,I,-,K
"028_10134_4F05","120","4","0","0","0","0","0","3",E,I,V,L,T,Q,S,P,G,I,L,S,L,S,P,G,E,R,A,T,L,S,C,R,A,S,Q,T,-,-,-,-,-,V,G,S,S,Y,L,A,W,Y,Q,Q,R,P,G,Q,P,P,R,L,L,I,F,G,S,S,T,R,A,T,G,V,P,D,R,F,S,G,S,G,-,-,S,G,T,D,F,T,L,T,I,S,R,L,E,P,E,D,F,A,V,Y,Y,C,Q,R,Y,G,P,S,P,R,-,-,-,F,T,F,G,P,G,T,K,V,D,I,-,K
"029_09_2A06","120","3","0","0","0","0","0","1",D,I,Q,M,T,Q,S,P,S,S,L,S,A,S,V,G,D,R,V,T,I,T,C,R,A,S,Q,-,-,-,-,-,-,G,I,R,D,D,L,A,W,Y,Q,Q,K,P,G,K,A,P,K,R,L,I,Y,A,A,S,S,L,Q,S,A,F,P,A,R,F,S,G,S,G,-,-,S,G,T,E,F,T,L,T,I,S,G,L,Q,P,E,D,F,A,T,Y,Y,C,L,Q,Y,N,S,Y,P,-,-,-,-,R,T,F,G,Q,G,T,K,V,E,I,-,K
"034_100809_1A03","120","4","0","0","0","0","0","0",D,I,Q,M,T,Q,S,P,S,S,L,S,A,S,V,G,D,R,V,T,I,P,C,R,A,N,Q,-,-,-,-,-,-,S,I,S,T,H,I,N,W,Y,Q,Q,K,P,G,K,A,P,K,L,V,I,Y,G,A,S,N,L,E,T,G,V,P,S,R,F,S,G,G,G,-,-,S,G,T,D,F,T,L,T,I,S,S,L,Q,P,E,D,I,A,T,F,Y,C,Q,Q,Y,D,T,F,P,-,-,-,-,I,T,F,G,Q,G,T,R,L,E,I,-,K
"034_100809_1B02","120","3","0","0","0","0","0","2",E,I,V,M,T,Q,S,P,A,T,L,S,V,S,P,G,E,R,A,T,L,S,C,R,A,S,Q,-,-,-,-,-,-,S,V,S,T,N,L,T,W,Y,Q,Q,K,P,G,Q,A,P,R,L,L,I,Y,G,A,S,T,R,A,S,G,I,P,A,S,F,S,G,G,G,-,-,S,G,T,E,F,T,L,T,I,S,S,L,Q,S,E,D,F,A,V,Y,F,C,Q,Q,Y,N,D,W,P,-,-,-,-,P,T,F,G,Q,G,T,K,V,E,I,-,K
"034_100809_1D05","120","3","0","0","0","0","0","2",E,I,V,M,T,Q,S,P,A,T,L,S,V,S,P,G,E,R,A,T,L,S,C,R,A,S,Q,-,-,-,-,-,-,S,L,S,N,N,L,T,W,Y,Q,Q,K,P,G,Q,A,P,R,L,L,I,Y,G,A,S,T,R,A,T,G,L,P,A,R,F,S,G,S,G,-,-,S,G,T,E,F,T,L,T,I,S,S,L,Q,S,E,D,F,A,V,Y,F,C,Q,Q,Y,N,N,W,P,-,-,-,-,P,T,F,G,Q,G,T,K,V,E,I,-,K
"034_100809_1F04","120","3","0","0","0","0","0","0",D,I,Q,M,T,Q,S,P,S,S,L,S,A,S,V,G,D,R,V,T,V,T,C,Q,A,S,Q,-,-,-,-,-,-,D,F,S,N,S,L,N,W,Y,Q,Q,K,P,G,K,A,P,K,L,L,I,Y,G,A,S,N,L,E,T,G,V,P,S,R,F,S,G,S,G,-,-,S,G,T,H,Y,T,F,T,I,N,S,L,Q,P,E,D,I,A,T,Y,Y,C,Q,Q,F,-,-,-,-,-,-,-,-,K,A,F,G,Q,G,T,K,V,E,I,-,K
"034_100809_1F05","120","3","0","0","0","0","0","1",D,I,Q,M,T,Q,S,P,S,T,L,S,A,S,L,G,A,R,V,T,I,S,C,R,A,S,Q,-,-,-,-,-,-,N,I,A,P,W,L,A,W,Y,Q,Q,K,P,G,E,A,P,K,L,L,I,Y,K,T,S,N,L,E,S,G,V,P,S,R,F,S,G,S,G,-,-,S,G,T,E,F,T,L,A,I,S,S,L,Q,P,D,D,F,A,T,Y,Y,C,Q,Q,Y,N,S,Y,P,-,-,-,-,W,T,F,G,Q,G,T,K,V,E,I,-,K
"034_100809_1F06","120","4","0","0","0","0","0","0",D,I,Q,M,T,Q,S,P,S,S,L,S,A,S,V,G,D,R,V,T,I,T,C,Q,A,S,Q,-,-,-,-,-,-,D,M,S,N,S,L,N,W,Y,H,Q,K,P,G,K,A,P,K,L,L,I,Y,G,A,S,H,L,E,A,G,V,P,S,R,F,S,G,S,G,-,-,S,G,T,D,F,T,F,T,I,S,S,L,Q,P,E,D,I,G,T,Y,Y,C,Q,R,F,-,-,-,-,-,-,-,-,K,A,F,G,Q,G,T,K,V,E,I,-,K
"034_100809_2E03","120","3","0","1","0","0","0","2",D,I,Q,M,T,Q,S,P,S,S,L,S,A,S,V,G,D,R,V,T,I,T,C,R,A,S,Q,-,-,-,-,-,-,S,I,R,R,Y,L,N,W,F,Q,Q,R,P,G,K,A,P,K,L,L,I,Y,E,V,S,N,L,P,T,G,V,P,S,R,F,S,G,S,G,-,-,S,G,T,D,F,T,L,T,I,S,G,L,R,P,E,D,F,A,T,Y,F,C,Q,Q,N,F,-,-,-,-,-,-,-,R,T,F,G,P,G,T,K,V,D,I,-,K
"034_100809_2F01","120","3","0","0","0","0","0","1",E,I,V,M,T,Q,S,P,D,T,L,S,V,S,P,G,E,R,A,T,L,F,C,R,A,S,Q,-,-,-,-,-,-,N,V,K,S,N,L,T,W,Y,Q,Q,R,P,G,Q,P,P,R,L,L,I,F,G,A,S,T,R,A,T,G,V,P,A,R,F,S,G,S,G,-,-,S,G,T,E,F,T,L,S,I,S,S,L,Q,S,E,D,S,A,I,Y,S,C,Q,Q,Y,N,D,W,P,-,-,-,-,P,T,F,G,Q,G,T,K,V,E,I,-,K
"034_100809_3E01","120","4","0","0","0","0","0","2",D,I,Q,M,T,Q,S,P,S,T,L,S,A,S,V,G,D,R,V,T,I,T,C,R,A,S,Q,-,-,-,-,-,-,S,I,R,T,W,L,A,W,Y,Q,Q,K,P,G,K,A,P,K,L,L,I,S,R,A,S,I,L,E,S,G,D,P,S,R,F,S,G,S,G,-,-,S,G,T,E,F,T,F,T,I,S,S,L,Q,P,D,D,F,A,T,Y,Y,C,Q,H,Y,N,N,Y,W,-,-,-,-,W,T,F,G,Q,G,T,K,V,E,I,-,K
"037_10036_4D02","120","3","0","0","0","0","0","1",D,I,Q,M,T,Q,S,P,S,S,L,S,A,S,V,G,D,R,V,T,I,T,C,R,A,G,Q,-,-,-,-,-,-,S,I,S,N,Y,L,N,W,Y,Q,Q,K,P,G,R,A,P,K,L,L,I,S,G,A,S,S,L,Q,A,G,V,P,S,R,F,S,G,S,G,-,-,S,G,T,D,F,T,L,T,I,S,S,L,Q,R,E,D,F,A,T,Y,Y,C,Q,Q,S,Y,S,I,P,-,-,-,-,Q,T,F,G,Q,G,T,K,V,E,I,-,K
"037_102909_2G04","120","4","0","0","0","0","0","2",D,I,Q,M,T,Q,S,P,S,T,L,S,A,S,L,R,D,R,V,T,I,T,C,R,A,S,Q,-,-,-,-,-,-,S,I,S,R,W,L,A,W,Y,Q,Q,K,P,G,K,A,P,K,L,L,I,Y,A,A,S,T,L,E,S,G,V,P,P,R,F,S,G,S,G,-,-,S,G,T,E,F,T,L,T,I,S,S,L,Q,P,D,D,F,A,T,Y,Y,C,Q,Q,Y,N,S,D,-,-,-,-,-,V,T,F,G,Q,G,T,R,L,E,I,-,K
"037_10_5E04","120","3","0","0","0","0","0","1",D,I,Q,M,T,Q,S,P,S,S,L,S,A,S,V,G,D,R,V,T,I,T,C,R,A,S,Q,-,-,-,-,-,-,S,I,S,S,S,L,N,W,Y,R,Q,E,P,G,K,A,P,K,F,L,I,Y,I,A,S,N,L,Q,S,G,V,P,S,R,F,S,G,S,G,-,-,S,G,T,D,F,T,L,T,I,S,S,L,Q,P,E,D,F,A,T,Y,Y,C,Q,Q,S,Y,S,T,P,-,-,-,-,W,T,F,G,Q,G,T,K,V,E,I,-,K
"039_10_4B05","120","4","0","0","0","0","0","2",D,I,Q,M,T,Q,S,P,S,S,L,S,A,S,V,G,D,R,V,T,I,T,C,R,A,S,Q,-,-,-,-,-,-,D,I,R,K,S,L,A,W,Y,Q,Q,K,P,G,K,A,P,K,V,L,V,F,A,T,S,R,L,E,D,G,V,P,S,R,F,S,G,S,G,-,-,S,G,T,E,Y,T,L,T,I,S,S,L,Q,P,E,D,F,A,T,Y,H,C,Q,Q,Y,Q,S,T,P,-,-,-,-,Y,T,F,G,Q,G,T,K,V,E,I,-,K
"039_10_4D04","120","0","0","0","0","0","0","0",Q,S,V,L,T,Q,P,P,S,-,V,S,G,A,P,G,Q,R,V,T,I,S,C,T,G,S,S,S,N,I,-,-,-,G,A,G,Y,D,V,H,W,Y,Q,Q,L,P,G,T,A,P,K,L,L,I,Y,G,N,I,N,R,P,S,G,V,P,D,R,F,S,G,S,K,-,-,S,G,T,S,A,S,L,A,I,S,G,L,Q,A,E,D,E,G,D,Y,Y,C,Q,S,Y,D,N,S,L,L,L,S,-,V,V,F,G,S,G,T,R,L,T,V,L,-
"039_10_4G01","120","3","0","0","0","0","0","1",D,I,V,M,T,Q,S,P,D,S,L,A,V,S,L,G,E,R,A,T,I,N,C,K,S,S,Q,S,V,F,Y,S,S,N,N,K,D,D,L,A,W,Y,Q,Q,K,P,G,Q,P,P,K,L,L,I,Y,W,A,S,T,R,G,S,G,V,P,D,R,F,S,G,S,G,-,-,S,G,T,D,F,T,L,T,I,S,S,L,Q,A,E,D,V,A,V,Y,Y,C,Q,Q,Y,Y,T,T,P,-,-,-,-,P,T,F,G,G,G,T,K,V,E,I,-,K
"039_10_5B02","120","4","0","0","0","0","0","2",E,I,V,L,T,Q,S,P,V,T,L,S,L,S,P,G,E,R,A,T,L,S,C,R,A,S,Q,-,-,-,-,-,-,S,F,S,N,Y,L,A,W,Y,Q,Q,K,P,G,Q,A,P,R,L,L,I,Y,D,A,S,T,R,A,T,G,V,P,A,R,F,S,G,S,G,-,-,S,G,T,D,F,T,L,T,I,S,S,L,E,P,E,D,F,A,V,Y,Y,C,Q,L,R,S,N,W,P,L,F,-,-,F,T,F,G,P,G,T,K,V,D,I,-,K
"039_10_5C05","120","3","0","0","0","0","0","3",D,I,Q,M,T,Q,S,P,S,S,L,S,A,S,V,G,D,R,V,T,I,T,C,R,T,S,Q,-,-,-,-,-,-,R,V,S,T,Y,L,N,W,Y,Q,Q,K,P,G,K,S,P,K,L,L,I,Y,L,A,S,S,L,Q,S,G,V,P,S,R,F,S,G,S,G,-,-,S,G,T,D,F,S,L,T,I,S,S,L,Q,P,E,D,F,A,T,Y,Y,C,Q,Q,S,Y,S,M,P,-,-,-,-,L,T,F,G,G,G,T,K,V,E,I,-,K
"041_102909_2C03","120","3","0","0","0","0","0","1",D,I,V,M,T,Q,S,P,D,S,L,A,V,S,L,G,E,R,A,T,I,N,C,R,S,S,H,S,L,L,Y,S,S,N,N,K,N,Y,L,A,W,Y,Q,Q,K,P,G,Q,P,P,K,L,L,I,Y,W,A,S,T,R,H,S,G,V,P,D,R,F,S,G,S,G,-,-,S,G,T,D,F,T,L,T,I,S,S,L,Q,A,E,D,V,A,L,Y,Y,C,Q,Q,Y,Y,D,T,P,-,-,-,-,F,T,F,G,P,G,T,K,V,E,I,-,K
"041_102909_2C06","120","4","0","0","0","0","0","2",D,I,V,M,T,Q,S,P,L,S,L,S,V,T,P,G,E,P,A,S,I,S,C,R,S,S,Q,S,L,L,H,X,-,X,G,Y,N,Y,L,H,W,Y,L,Q,K,P,G,Q,S,P,Q,L,L,I,Y,L,G,S,N,R,A,S,G,V,P,D,R,F,S,G,S,G,-,-,S,G,T,E,F,T,L,Q,I,S,R,V,E,A,E,D,V,G,V,Y,Y,C,M,Q,A,L,Q,T,P,L,-,-,-,Y,T,F,G,Q,G,T,K,V,E,I,-,K
"041_102909_3A03","120","4","0","0","0","0","0","1",E,I,V,L,T,Q,S,P,A,T,L,S,L,S,P,G,E,R,A,T,L,S,C,R,A,S,Q,-,-,-,-,-,-,S,V,S,S,F,L,A,W,Y,Q,K,K,P,G,Q,A,P,R,L,L,I,Y,D,A,F,N,R,A,T,G,V,P,A,R,F,S,G,S,G,-,-,S,G,T,D,F,T,L,T,I,S,S,L,E,P,E,D,F,A,V,Y,Y,C,Q,Q,R,S,N,W,P,P,-,-,-,L,T,F,G,G,G,T,K,V,E,I,-,K
"041_102909_3G01","120","4","0","0","0","0","0","2",D,I,V,M,T,Q,S,P,D,S,L,A,V,S,L,G,E,R,A,T,I,S,C,K,S,S,Q,S,V,L,Y,S,A,N,N,K,N,Y,L,A,W,Y,Q,Q,R,P,G,Q,P,P,K,L,L,I,Y,W,S,S,T,R,E,S,G,V,P,D,R,F,S,G,S,G,-,-,S,G,T,D,F,S,L,T,I,S,S,L,Q,A,E,D,V,A,V,Y,Y,C,Q,Q,Y,Y,D,T,P,-,-,-,-,Y,T,F,G,Q,G,T,K,V,E,I,-,K
"041_102909_3G02","120","4","0","0","0","0","0","0",D,I,Q,M,T,Q,S,P,S,S,L,S,T,S,V,G,D,R,V,T,I,T,C,Q,A,S,Q,-,-,-,-,-,-,G,I,R,N,F,L,N,W,Y,Q,Q,K,P,G,K,A,P,K,L,L,I,Y,D,A,S,I,L,E,T,G,I,P,S,R,F,S,G,S,G,-,-,S,G,T,D,F,T,F,T,I,N,S,L,Q,P,E,D,I,A,I,Y,Y,C,Q,Q,Y,V,N,F,P,-,-,-,-,L,T,F,G,G,G,T,K,V,E,I,-,K
"042_100809_2F04","120","4","0","0","0","0","0","1",D,I,V,M,T,Q,S,P,D,S,L,A,V,S,L,G,E,R,A,T,I,N,C,K,S,S,Q,T,V,L,L,N,S,N,N,K,N,S,L,V,W,Y,Q,Q,K,P,G,Q,P,P,K,L,L,I,Y,W,A,S,T,R,E,S,G,V,P,D,R,F,S,G,S,G,-,-,S,G,T,D,F,T,L,T,I,S,S,L,Q,V,E,D,V,A,V,Y,Y,C,Q,Q,Y,Y,S,A,P,-,-,-,-,L,T,F,G,G,G,T,K,V,E,I,-,K
"042_100809_3D03","120","3","0","0","0","0","0","1",A,I,R,M,T,Q,S,P,S,S,L,S,A,S,V,G,D,R,V,T,I,T,C,R,A,S,Q,-,-,-,-,-,-,D,I,N,S,F,L,A,W,Y,Q,Q,K,P,G,Q,A,P,K,V,L,L,Y,G,A,S,R,L,Q,S,G,V,P,S,R,F,S,G,S,G,-,-,S,G,A,D,Y,T,L,T,I,S,S,L,Q,P,E,D,F,A,T,Y,Y,C,Q,Q,Y,Y,H,I,-,-,-,-,-,P,R,F,G,Q,G,T,K,V,E,I,-,K
"042_100809_3G04","120","3","0","0","0","0","0","1",D,I,Q,M,T,Q,S,P,S,S,L,S,A,S,V,G,D,R,V,S,I,T,C,R,A,G,R,-,-,-,-,-,-,N,I,N,N,Y,L,N,W,Y,Q,Q,P,P,G,K,A,P,K,L,L,I,F,S,A,V,T,L,Q,S,G,V,P,S,R,F,S,G,S,G,-,-,S,G,T,E,F,S,L,T,I,N,S,L,Q,P,E,D,S,A,T,Y,Y,C,Q,Q,T,Y,G,N,-,-,-,-,-,P,T,F,G,Q,G,T,K,V,E,I,-,K
"042_10_2B05","120","4","0","0","0","0","0","1",D,I,Q,M,T,Q,S,P,S,T,L,S,A,S,V,G,D,R,V,T,I,T,C,R,A,S,Q,-,-,-,-,-,-,S,V,F,S,W,L,A,W,Y,Q,Q,K,P,G,K,A,P,K,V,L,I,Y,K,A,S,S,L,E,S,G,V,P,S,R,F,S,G,S,G,-,-,S,G,T,E,F,T,L,T,I,S,S,L,Q,P,D,D,F,A,T,Y,Y,C,Q,Q,Y,Q,S,Y,S,-,-,-,-,W,T,F,G,Q,G,T,K,V,E,I,-,K
"042_10_2C02","120","4","0","0","0","0","0","2",D,I,V,M,T,Q,S,P,L,S,L,P,V,T,P,G,E,S,A,S,I,S,C,R,S,S,Q,S,L,Q,H,S,-,N,G,Y,N,Y,L,D,W,Y,L,Q,K,P,G,Q,S,P,Q,L,L,I,F,L,A,S,N,R,A,S,G,V,P,D,R,F,S,A,S,G,-,-,S,G,T,D,F,T,L,H,I,S,R,V,E,A,E,D,V,G,V,Y,Y,C,L,Q,G,L,Q,T,P,-,-,-,-,F,T,F,G,P,G,T,K,V,D,I,-,K
"042_10_2D01","120","3","0","0","0","0","0","1",D,I,Q,M,T,Q,S,P,S,S,L,S,A,S,V,G,D,R,V,I,L,T,C,R,A,S,Q,-,-,-,-,-,-,S,I,G,T,Y,L,N,W,Y,Q,Q,K,P,G,K,A,P,K,F,L,I,Y,V,A,S,N,L,Q,S,G,V,P,S,R,F,S,G,S,G,-,-,S,G,T,D,F,T,L,T,I,S,S,L,Q,P,E,D,F,A,T,Y,F,C,Q,Q,S,H,S,I,P,-,-,-,-,W,T,F,G,Q,G,T,K,V,E,I,-,K
"042_10_4C01","120","1","0","0","0","0","0","0",Q,S,V,L,T,Q,P,P,S,-,A,S,A,T,P,G,Q,R,V,T,I,S,C,S,G,S,S,S,N,-,-,-,-,V,G,K,A,S,V,S,W,Y,R,Q,L,P,G,A,A,P,K,L,L,M,Y,N,T,N,Q,R,P,S,G,V,P,D,R,F,S,G,S,K,-,-,S,G,T,T,A,S,L,A,I,S,G,L,Q,S,E,D,E,A,D,Y,Y,C,G,A,W,D,D,S,R,N,G,F,-,Y,V,F,G,T,G,T,K,V,T,V,L,-
"042_10_4C06","120","4","0","0","0","0","0","1",E,I,V,L,T,Q,S,P,D,T,L,S,L,S,P,G,E,R,A,T,L,F,C,R,A,S,Q,-,-,-,-,-,-,S,V,G,N,S,L,A,W,Y,R,Q,K,L,G,Q,P,P,R,L,L,I,Y,D,A,S,I,R,A,T,G,I,P,A,R,F,T,G,S,G,-,-,S,G,T,D,F,T,L,T,I,S,S,L,E,P,E,D,F,A,V,Y,Y,C,Q,Q,R,A,N,W,A,P,-,-,-,F,T,F,G,R,G,T,K,V,E,I,-,K
"045_09_1A01","120","3","0","0","0","0","0","2",D,I,Q,M,T,Q,S,P,S,S,L,S,A,S,I,G,D,R,V,T,I,T,C,R,A,S,Q,-,-,-,-,-,-,S,I,R,N,Y,L,N,W,Y,Q,Q,K,P,G,K,A,P,K,L,V,I,Y,A,V,S,N,L,Q,S,G,V,P,S,R,F,S,G,S,G,-,-,S,G,T,D,F,T,L,T,I,S,S,L,Q,P,E,D,L,A,T,Y,Y,C,Q,Q,S,Y,S,T,L,P,-,-,-,Y,T,F,G,Q,G,T,K,V,E,I,-,K
"045_09_1F04","120","3","0","0","0","0","0","2",E,I,V,M,T,Q,S,P,A,T,L,S,V,S,P,G,E,R,A,T,L,S,C,R,A,S,Q,-,-,-,-,-,-,S,V,S,S,N,L,A,W,Y,Q,Q,K,P,G,Q,A,P,R,L,L,I,Y,G,A,S,T,R,A,T,G,I,P,A,R,F,S,G,S,G,-,-,S,G,T,E,F,T,L,T,I,S,S,L,Q,S,E,D,F,A,L,Y,Y,C,Q,Q,Y,D,N,W,P,P,-,-,-,I,T,F,G,Q,G,T,R,L,E,I,-,K
"045_09_1G05","120","3","0","0","0","0","0","2",D,I,Q,M,T,Q,S,P,S,S,L,S,A,S,V,G,D,R,V,T,I,T,C,R,A,S,Q,-,-,-,-,-,-,N,I,N,N,N,L,N,W,Y,Q,Q,K,S,G,K,A,P,K,F,L,I,Y,A,A,S,H,L,Q,D,G,V,P,S,R,F,S,G,G,G,-,-,S,G,T,D,F,T,L,T,I,A,S,L,Q,P,E,D,F,A,T,Y,Y,C,Q,Q,S,F,T,T,L,G,-,-,-,S,T,F,G,Q,G,T,K,V,E,I,-,K
"051_09_4C02","120","6","0","0","0","0","0","2",E,I,V,L,T,Q,S,P,A,T,L,S,L,S,P,G,E,R,A,T,L,S,C,R,A,S,Q,-,-,-,-,-,-,S,I,N,D,Y,L,A,W,Y,Q,Q,K,P,G,Q,A,P,R,L,V,I,H,D,A,S,N,R,A,T,G,I,P,A,R,F,S,G,S,G,-,-,S,E,T,D,F,T,L,T,I,S,S,L,E,P,E,D,F,A,V,Y,Y,C,Q,Q,R,S,N,W,P,P,G,-,-,V,T,F,G,Q,G,T,R,L,E,I,-,K
"051_09_4D03","120","3","0","0","0","0","0","1",D,I,Q,M,T,Q,S,P,S,T,L,S,A,S,V,G,D,R,V,T,I,T,C,R,A,S,Q,-,-,-,-,-,-,S,I,S,T,D,L,A,W,Y,Q,Q,K,P,G,R,A,P,K,V,L,I,F,E,A,S,R,L,Q,S,G,V,P,S,R,F,S,G,S,G,-,-,S,G,T,E,F,T,L,T,I,S,S,L,Q,P,G,D,V,A,T,Y,Y,C,Q,Q,Y,N,I,Y,S,-,-,-,-,W,T,F,G,Q,G,T,K,V,E,I,-,K
"051_09_5D01","120","4","0","0","0","0","0","1",D,I,Q,M,T,Q,S,P,S,T,L,S,A,S,V,G,D,R,V,T,I,T,C,R,A,S,H,-,-,-,-,-,-,S,V,S,T,W,L,A,W,Y,Q,Q,K,P,G,K,A,P,K,P,L,I,Y,K,A,S,N,L,E,S,G,V,P,S,R,F,S,G,S,G,-,-,S,G,T,E,F,T,L,T,I,S,S,L,Q,P,D,D,F,A,T,Y,Y,C,K,Q,Y,N,R,Y,L,-,-,-,-,W,T,F,G,Q,G,T,K,V,E,I,-,K
"051_10_2B05","120","1","0","0","0","0","0","2",Q,S,A,L,T,Q,P,A,S,-,V,S,G,S,P,G,Q,S,I,T,I,S,C,T,G,T,S,S,D,V,-,-,-,G,A,Y,N,L,V,S,W,Y,Q,Q,H,P,G,K,A,P,K,L,M,I,F,D,V,T,N,R,P,S,G,V,S,N,R,F,S,G,S,K,-,-,S,G,D,T,A,S,L,T,I,S,G,L,Q,A,E,D,E,A,D,Y,F,C,S,S,Y,T,N,T,R,T,-,-,-,L,L,F,G,G,G,T,K,L,T,V,L,-
"051_10_2D06","120","1","0","0","0","0","1","1",Q,S,A,L,T,Q,P,A,S,-,V,S,G,S,P,G,Q,S,I,S,I,S,C,T,G,T,S,S,D,V,-,-,-,G,N,Y,N,F,V,S,W,Y,Q,Q,H,P,G,K,A,P,K,L,M,I,Y,E,D,N,K,R,P,S,G,V,S,S,R,F,S,G,S,K,-,-,S,G,N,T,A,S,L,T,I,F,G,L,Q,A,E,D,E,A,D,Y,Y,C,C,S,Y,A,G,S,S,T,-,-,-,Y,V,F,G,T,G,T,R,V,P,V,L,-
"051_10_4G03","120","3","0","0","0","0","0","1",D,I,Q,M,T,Q,S,P,S,S,V,S,A,S,I,G,D,R,V,T,I,T,C,R,A,S,Q,-,-,-,-,-,-,D,V,S,T,W,L,A,W,Y,Q,Q,K,P,G,K,A,P,K,L,L,I,Y,T,A,S,S,L,Q,S,G,V,P,S,R,F,S,G,S,G,-,-,S,G,T,D,F,T,L,T,I,S,S,L,Q,P,E,D,F,A,T,Y,Y,C,Q,Q,A,N,S,F,P,-,-,-,-,L,T,F,G,G,G,T,K,V,E,I,-,K
"16_ND_89_Heavy","120","3","0","0","0","0","0","1",D,I,V,M,T,Q,S,P,D,S,L,A,V,S,L,G,E,R,A,T,I,N,C,K,S,S,Q,S,V,L,H,W,S,N,N,K,N,Y,L,A,W,Y,Q,Q,R,P,G,Q,P,P,K,L,L,I,S,W,A,S,T,R,E,S,G,V,P,D,R,F,S,G,S,G,-,-,C,G,T,D,F,T,L,T,I,S,N,L,Q,P,E,D,V,A,V,Y,Y,C,Q,Q,Y,Y,N,T,P,P,-,-,-,F,T,F,G,P,G,T,K,V,D,I,-,K
"16_ND_92_Heavy","120","4","0","0","0","0","0","1",D,I,Q,M,T,H,I,P,V,S,L,S,A,S,V,G,D,R,V,T,I,T,C,R,A,S,Q,-,-,-,-,-,-,S,I,S,S,W,L,A,W,Y,Q,Q,K,P,G,K,A,P,K,L,L,I,Y,K,A,S,T,L,E,S,G,V,P,S,R,F,S,G,S,G,-,-,S,G,T,D,F,T,L,T,I,N,S,L,Q,P,D,D,F,A,T,Y,Y,C,Q,H,Y,N,T,Y,S,R,A,-,-,W,T,F,G,Q,G,T,K,V,E,V,-,K
"16_ND_93_Heavy","120","3","0","0","0","0","0","2",E,I,V,M,T,Q,S,P,V,S,L,S,V,S,P,G,E,R,A,T,L,S,C,R,A,S,Q,-,-,-,-,-,-,S,V,S,S,S,L,A,W,Y,Q,Q,K,P,G,Q,A,P,R,L,L,I,Y,G,A,S,T,R,A,T,G,I,P,A,R,F,S,G,S,G,-,-,S,G,T,E,F,T,L,T,I,S,S,L,Q,S,E,D,F,A,V,Y,Y,C,Q,Q,Y,N,N,W,P,P,-,-,-,L,T,F,G,G,G,T,K,V,E,I,-,K
"16_ND_95_Heavy","120","3","0","0","0","0","1","2",D,I,Q,M,T,Q,S,P,V,S,P,S,G,S,V,G,D,R,V,T,I,T,R,R,A,S,Q,-,-,-,-,-,-,S,I,A,R,V,V,N,W,Y,Q,Q,K,P,G,R,A,P,K,L,L,I,F,Y,A,S,S,L,E,S,G,G,P,S,R,F,S,G,R,G,-,-,F,G,T,D,F,T,I,T,I,S,G,L,Q,P,E,D,F,A,T,Y,Y,C,Q,Q,R,Y,S,A,P,-,-,-,-,Y,T,F,G,Q,G,T,N,L,E,I,-,K
"16_p_01_Heavy","120","2","0","0","0","0","0","1",D,I,Q,M,T,Q,S,P,S,S,L,S,A,S,V,G,T,R,V,P,I,T,S,R,A,S,K,-,-,-,-,-,-,S,I,A,R,F,L,N,R,N,Q,Q,K,P,G,R,A,P,K,F,M,I,Y,Y,A,S,I,W,E,R,G,G,P,S,R,F,S,G,G,G,-,-,S,G,T,D,F,N,F,T,I,S,V,L,Q,P,E,D,F,A,T,Y,Y,C,Q,Q,S,N,S,A,P,-,-,-,-,T,T,S,G,Q,G,N,K,I,E,I,-,K
"220_14_IgG_1A03","120","4","0","0","0","0","0","3",D,I,V,M,T,Q,S,P,L,S,L,P,V,T,P,G,E,P,A,S,I,S,C,R,S,S,Q,S,L,L,H,R,-,N,E,D,N,Y,L,N,W,Y,L,Q,K,P,G,Q,S,P,Q,I,L,I,Y,F,G,S,N,R,A,S,G,V,P,D,R,F,S,G,S,G,-,-,S,G,T,D,F,T,L,K,I,S,R,V,E,A,E,D,V,G,V,Y,Y,C,M,Q,A,L,Q,T,P,-,-,-,-,F,T,F,G,Q,G,T,K,V,E,I,-,K
"220_14_IgG_1E01","120","4","0","0","0","0","1","2",E,I,V,L,T,Q,S,P,G,T,L,S,L,S,P,G,E,R,A,T,L,S,C,R,A,S,Q,S,-,-,-,-,-,V,S,S,T,Y,L,V,W,Y,R,Q,R,P,G,Q,A,P,R,L,L,I,Y,G,A,S,K,R,A,T,G,I,P,D,R,I,S,G,S,G,-,-,S,G,T,D,F,T,L,T,I,S,R,L,E,P,E,D,F,A,V,Y,Y,C,Q,V,Y,G,S,S,P,L,-,-,-,F,A,F,G,P,G,T,K,V,D,I,-,K
"236_14_IgG_1A06","120","1","0","0","0","0","0","1",Q,S,A,L,T,Q,P,P,S,-,A,S,G,S,P,G,Q,S,V,T,I,S,C,T,G,T,S,S,D,V,-,-,-,G,Y,Y,N,Y,V,S,W,Y,Q,Q,H,P,G,K,A,P,K,L,M,I,Y,E,V,S,N,R,P,S,G,V,P,D,R,F,S,G,S,K,-,-,S,G,N,S,A,S,L,T,V,S,G,L,Q,A,E,D,E,A,D,Y,Y,C,S,S,Y,G,G,S,N,N,-,-,-,V,I,F,G,G,G,T,K,L,T,V,L,-
"236_14_IgG_1B03","120","0","0","0","0","0","0","2",S,Y,E,L,T,Q,P,P,S,-,V,S,V,S,P,G,Q,T,A,R,I,T,C,S,G,D,A,-,-,-,-,-,-,L,P,Q,Q,Y,A,S,W,Y,Q,Q,R,P,G,Q,A,P,V,L,V,I,Y,K,D,T,E,R,P,S,G,I,P,E,R,F,S,G,S,T,-,-,S,G,T,T,V,T,L,T,I,S,G,V,Q,A,E,D,E,A,D,Y,Y,C,Q,S,V,D,I,T,A,T,-,-,-,F,G,F,G,G,G,T,K,L,T,V,L,-
"236_14_IgG_1F03","120","1","0","0","0","0","0","0",Q,S,V,L,T,Q,P,P,S,-,A,S,G,T,P,G,Q,R,V,T,I,S,C,S,G,S,S,S,N,-,-,-,-,I,A,S,N,T,V,N,W,Y,Q,Q,V,P,G,T,A,P,K,L,L,I,Y,S,N,D,V,R,P,S,G,V,P,D,R,F,S,G,S,K,-,-,S,G,T,S,A,S,L,A,I,S,G,L,Q,S,E,D,E,A,D,H,Y,C,A,V,W,D,D,S,L,N,A,-,-,Y,V,F,G,T,G,T,K,V,T,V,L,-
"240_14_IgA_2F02","120","1","0","0","0","0","1","0",Q,S,A,L,T,Q,P,R,S,-,V,S,G,S,P,G,Q,S,V,T,I,S,C,T,G,T,R,S,D,V,-,-,-,G,G,Y,N,Y,V,S,W,Y,Q,Q,H,P,G,K,A,P,K,V,I,I,Y,D,V,K,K,R,P,S,G,V,P,D,R,F,S,G,S,K,-,-,S,G,N,T,A,S,L,T,I,S,G,L,Q,A,E,D,E,A,D,Y,Y,C,S,A,F,A,G,S,H,-,-,-,-,T,L,F,G,G,G,T,K,V,T,V,L,-
"240_14_IgG_2E03","120","3","0","0","0","0","0","3",E,I,V,M,T,Q,S,P,A,T,L,S,V,S,P,G,E,R,A,T,L,S,C,R,A,S,Q,-,-,-,-,-,-,S,V,S,S,L,L,V,W,Y,Q,Q,K,P,G,Q,T,P,R,L,L,I,Y,G,A,S,T,R,A,P,G,I,P,A,R,F,S,G,S,G,-,-,S,G,T,E,F,T,L,T,I,S,S,L,Q,S,E,D,F,A,V,Y,Y,C,Q,Q,W,-,-,-,-,-,-,-,-,Y,T,F,G,Q,G,T,K,V,E,I,-,K
"2_12C","120","4","0","0","0","0","1","2",E,I,V,L,T,Q,S,P,G,T,L,S,L,S,P,G,D,R,A,T,L,S,C,R,A,S,Q,S,-,-,-,-,-,V,S,S,S,F,L,A,W,Y,Q,Q,K,P,G,Q,A,P,R,L,L,M,Y,G,A,S,R,R,A,T,G,I,P,D,R,F,S,G,S,G,-,-,S,G,T,D,F,T,L,T,I,S,R,L,E,P,E,D,F,A,V,Y,Y,C,Q,Q,Y,D,S,S,P,-,-,-,-,F,T,F,G,G,G,T,K,V,E,I,-,K
"31_a_55_Heavy","120","3","0","0","0","0","0","3",E,I,V,M,T,Q,S,P,A,T,L,S,V,S,P,G,E,R,A,T,L,S,C,R,A,S,Q,-,-,-,-,-,-,S,V,R,G,N,L,A,W,Y,Q,Q,K,P,G,Q,A,P,R,L,L,I,Y,G,A,S,T,R,A,T,D,I,P,A,R,F,S,G,S,G,-,-,S,G,T,E,F,T,L,T,I,S,S,L,Q,S,E,D,F,A,V,Y,Y,C,Q,Q,Y,N,H,W,L,-,-,-,-,R,T,F,G,Q,G,T,K,L,E,I,-,K
"36_d_02_Heavy","120","4","0","0","0","0","0","2",E,I,V,M,T,Q,S,P,V,S,L,S,L,S,P,G,E,R,A,T,L,S,C,R,A,S,Q,-,-,-,-,-,-,S,V,S,S,Y,L,A,W,Y,Q,Q,K,P,G,Q,A,P,R,L,L,I,Y,G,A,S,N,R,A,T,D,I,P,A,R,F,R,G,S,G,-,-,S,G,T,D,F,T,L,T,I,S,S,L,D,P,E,D,F,A,V,Y,Y,C,Q,Q,Y,T,N,W,P,-,-,-,-,R,T,F,G,Q,G,T,K,V,E,T,-,K
"56_b_16_Heavy","120","3","0","0","0","0","0","4",D,V,V,M,T,P,G,S,V,S,L,P,V,T,L,G,Q,P,A,S,I,S,C,R,S,S,Q,S,L,V,Y,S,-,D,G,N,T,Y,L,S,W,F,Q,Q,R,P,G,Q,S,P,R,R,L,I,Y,K,V,S,N,R,D,S,G,V,P,D,R,F,S,G,S,G,-,-,S,G,T,D,F,T,L,K,I,R,G,M,E,A,E,D,V,G,V,Y,Y,C,L,Q,T,T,H,W,P,-,-,-,-,P,T,F,G,Q,G,T,K,V,E,I,-,K
"56_d_01_Heavy","120","4","0","0","0","0","0","2",E,I,V,L,T,Q,S,P,G,T,L,S,L,S,P,G,E,R,A,T,L,S,C,R,A,S,Q,S,-,-,-,-,-,V,S,S,S,S,L,A,W,Y,Q,Q,K,P,G,Q,A,P,R,L,L,I,F,G,A,S,S,R,A,T,G,I,P,D,R,F,S,G,S,G,-,-,S,G,T,D,F,T,L,T,I,S,R,L,E,P,E,D,F,A,V,Y,Y,C,Q,Q,Y,G,S,L,-,-,-,-,-,G,T,F,G,G,G,T,K,V,E,I,-,K
"56_e_01_Heavy","120","4","0","0","0","0","0","3",D,I,V,M,T,Q,S,P,L,S,L,P,V,T,P,G,E,P,A,S,I,S,C,R,S,S,Q,S,L,L,H,S,-,N,G,Y,N,Y,F,D,W,Y,L,Q,K,P,G,Q,S,P,Q,L,L,I,Y,L,G,S,N,R,A,S,G,V,P,D,R,F,S,G,S,G,-,-,S,G,T,D,F,T,L,K,I,S,R,V,E,A,E,D,V,G,V,Y,Y,C,M,Q,A,L,Q,T,P,-,-,-,-,F,T,F,G,Q,G,T,R,L,E,I,-,K
"56_f_01_Heavy","120","3","0","0","0","0","0","0",A,I,R,M,T,Q,S,P,V,S,L,S,A,S,V,G,D,R,V,T,I,T,C,W,A,S,Q,-,-,-,-,-,-,G,I,S,N,Y,L,V,W,I,Q,Q,K,P,A,K,A,P,R,L,F,I,Y,Y,A,S,S,L,Q,S,G,V,P,S,R,F,S,G,S,G,-,-,S,G,T,D,Y,T,L,T,I,I,S,L,Q,P,E,D,F,A,T,Y,Y,C,Q,Q,F,Y,G,S,L,P,-,-,-,L,T,F,G,G,G,T,K,V,E,I,-,K
"56_j_01_Heavy","120","3","0","0","0","0","0","1",D,I,Q,M,T,Q,S,P,S,S,L,S,A,S,V,G,D,R,V,T,I,T,C,R,A,S,Q,-,-,-,-,-,-,G,I,G,N,Y,L,A,W,Y,Q,Q,K,P,G,K,V,P,K,L,L,I,F,A,A,S,T,L,Q,S,G,V,P,S,R,F,S,G,S,G,-,-,S,G,T,D,F,T,L,T,I,S,S,L,Q,P,E,D,V,A,T,Y,Y,C,Q,I,F,N,S,A,L,G,P,-,-,L,T,F,G,G,G,T,K,V,E,I,-,K
"AG10_3A02","120","3","0","0","0","0","0","1",D,I,Q,L,T,Q,S,P,S,F,L,S,A,S,V,G,D,R,V,T,I,T,C,R,A,S,Q,-,-,-,-,-,-,V,I,G,S,Y,F,A,W,Y,Q,Q,K,P,G,K,A,P,K,L,L,I,Y,A,T,S,T,L,Q,S,G,V,P,S,R,F,S,G,S,G,-,-,S,G,T,E,F,T,L,T,I,S,G,L,Q,P,E,D,F,A,T,Y,Y,C,Q,Q,L,N,T,Y,P,P,-,-,-,I,T,F,G,P,G,T,K,V,D,I,-,K
"AG10_3C01","120","4","0","0","0","0","0","2",E,I,V,L,T,Q,S,P,G,T,L,S,L,S,P,G,E,R,A,T,L,S,C,R,A,S,Q,S,-,-,-,-,-,V,T,S,N,S,L,A,W,Y,Q,Q,R,P,G,Q,A,P,R,L,L,I,Y,G,A,S,S,R,A,T,G,I,P,D,R,F,S,G,S,G,-,-,S,G,T,D,F,T,L,T,I,T,R,M,D,P,E,D,F,A,V,Y,H,C,H,H,Y,G,S,S,T,-,-,-,-,G,T,F,G,Q,G,T,K,V,E,I,-,K
"AG10_A05","120","3","0","0","0","0","0","3",D,I,Q,M,T,Q,S,P,S,S,L,S,A,S,V,G,D,R,V,T,I,T,C,R,T,S,R,-,-,-,-,-,-,T,I,R,N,Y,L,N,W,Y,Q,Q,K,P,G,K,A,P,N,L,L,I,Y,T,A,S,T,L,Q,S,G,V,P,S,R,F,N,G,S,G,-,-,S,G,T,D,F,T,L,T,I,S,S,L,Q,P,E,D,F,A,T,Y,Y,C,Q,Q,S,-,-,-,-,-,-,-,-,Y,Y,F,G,P,G,T,K,V,D,I,-,K
"AG11_2A01","120","3","0","0","0","0","0","2",E,I,V,M,T,Q,S,P,A,T,L,S,V,S,P,G,E,R,A,T,L,S,C,R,A,S,Y,-,-,-,-,-,-,S,F,G,S,K,L,A,W,Y,Q,Q,K,P,G,Q,A,P,R,L,L,I,Y,G,T,S,T,R,A,T,G,I,P,A,R,F,S,G,S,G,-,-,S,G,T,E,F,T,L,T,I,S,S,L,Q,S,E,D,F,A,V,Y,Y,C,Q,Q,Y,N,N,W,P,-,-,-,-,Y,T,F,G,Q,G,T,K,V,E,I,-,K
"AG11_2B01","120","3","0","0","0","0","0","1",D,I,Q,M,T,Q,S,P,S,S,L,S,A,S,V,G,D,A,V,T,I,T,C,R,A,S,E,-,-,-,-,-,-,S,I,S,I,F,L,N,W,Y,Q,H,K,P,G,K,A,P,K,L,L,I,Y,L,T,S,T,L,Q,S,G,V,P,S,R,F,S,G,S,G,-,-,S,G,T,D,F,T,L,T,I,S,G,L,Q,P,E,D,F,A,T,Y,Y,C,Q,Q,S,Y,S,H,L,P,-,-,-,Y,T,F,G,Q,G,T,K,V,E,I,-,K
"AG11_2C03","120","2","0","0","0","0","0","1",D,I,Q,M,T,Q,S,P,S,S,L,S,A,S,V,G,D,R,V,T,I,T,C,R,A,S,Q,-,-,-,-,-,-,S,I,S,H,F,L,N,W,Y,Q,H,R,P,G,Q,A,P,K,L,L,I,Y,L,A,S,T,L,H,S,G,V,P,S,R,F,S,G,S,G,-,-,S,G,T,Y,F,T,L,T,I,S,G,L,Q,P,E,D,F,A,T,Y,Y,C,Q,Q,S,Y,S,N,D,P,-,-,-,Y,T,F,G,Q,G,T,K,V,E,I,-,K
"AG11_2F01","120","4","0","0","0","0","0","1",D,I,Q,M,T,Q,S,P,S,T,L,S,A,S,V,G,D,R,V,T,I,T,C,R,A,S,Q,-,-,-,-,-,-,S,I,S,N,W,M,A,W,Y,Q,Q,K,P,G,K,A,P,K,L,L,I,Y,K,A,S,T,L,E,S,G,V,P,S,R,F,S,G,G,G,-,-,S,G,P,E,F,T,L,T,I,S,S,L,Q,P,D,D,S,A,T,Y,Y,C,Q,Q,Y,N,S,Y,M,-,-,-,-,Y,T,F,G,Q,G,T,K,V,E,I,-,K
"AG11_3C06","120","3","0","0","0","0","0","0",D,I,V,M,T,Q,S,P,S,S,L,S,A,S,V,G,D,R,V,T,I,T,C,Q,A,S,H,-,-,-,-,-,-,D,I,S,H,Y,L,N,W,Y,Q,Q,K,P,G,R,A,P,K,L,L,I,Y,D,A,S,N,L,A,T,G,V,P,S,R,F,S,G,S,G,-,-,S,G,T,D,F,T,F,T,I,S,T,L,Q,P,E,D,I,A,T,Y,F,C,Q,H,Y,D,H,L,P,Q,-,-,-,I,T,F,G,P,G,T,K,V,E,I,-,K
"AG11_3F04","120","3","0","0","0","0","0","1",D,I,Q,M,T,Q,S,P,S,S,L,S,V,S,V,G,D,S,I,T,I,T,C,R,P,S,D,-,-,-,-,-,-,F,I,S,N,N,L,N,W,Y,Q,Q,K,P,G,K,A,P,K,L,L,I,Y,D,A,S,S,L,Q,G,G,V,P,S,R,F,S,G,S,G,-,-,S,G,T,D,F,T,L,T,I,S,S,L,Q,P,E,D,F,A,T,Y,Y,C,Q,Q,S,Y,S,S,P,-,-,-,-,L,T,F,G,G,G,T,K,V,E,I,-,K
"AG11_E04","120","3","0","1","0","0","0","1",D,I,Q,M,T,Q,S,P,S,S,L,S,A,S,V,G,D,S,V,T,I,T,C,R,A,S,Q,-,-,-,-,-,-,N,I,G,F,F,L,N,W,Y,R,Q,K,P,G,K,A,P,E,L,L,V,Y,L,A,S,T,L,Q,S,G,V,P,S,R,F,S,G,G,R,-,-,S,G,T,D,F,T,L,T,I,S,G,L,Q,P,Q,D,F,A,T,Y,F,C,Q,Q,S,Y,E,N,T,P,-,-,-,Y,T,F,G,Q,G,T,K,V,E,I,-,K
"AG12_3A03","120","3","0","1","0","0","0","1",D,I,Q,M,T,Q,S,P,S,S,L,S,A,S,V,G,D,R,V,T,I,T,C,R,A,S,Q,-,-,-,-,-,-,D,I,T,N,Y,L,A,W,F,Q,Q,R,P,G,E,A,P,K,S,L,I,Y,G,A,S,G,L,Q,T,G,V,P,S,R,F,S,G,S,G,-,-,S,G,T,D,F,T,L,T,I,N,S,L,Q,P,E,D,F,A,T,Y,Y,C,Q,Q,F,Y,N,Y,P,-,-,-,-,I,T,F,G,G,G,T,K,V,E,I,-,K
"AG12_3D05","120","3","0","0","0","0","0","2",D,I,V,M,T,Q,S,P,L,S,Q,P,V,T,L,G,Q,P,A,S,I,S,C,R,S,S,Q,S,L,V,Y,T,-,D,G,N,I,Y,L,N,W,F,Q,Q,R,P,G,Q,A,P,R,R,L,I,Y,K,V,F,N,R,D,S,G,V,P,D,R,F,S,G,S,G,-,-,S,G,T,D,F,T,L,K,I,S,R,V,E,A,E,D,V,G,V,Y,Y,C,M,Q,G,T,H,W,P,-,-,-,-,Y,T,F,G,Q,G,T,K,V,E,I,-,K
"AG12_C05","120","3","0","0","0","0","0","3",D,I,Q,M,T,Q,S,P,S,S,L,S,A,S,V,G,D,T,V,T,I,T,C,R,A,S,E,-,-,-,-,-,-,T,I,K,F,Y,L,N,W,Y,Q,Q,K,P,G,K,A,P,K,L,L,M,S,P,A,S,S,F,H,R,G,A,P,S,R,F,S,A,S,G,-,-,S,G,T,D,F,S,L,T,I,S,S,L,Q,P,E,D,F,A,T,Y,Y,C,Q,Q,S,Y,I,T,P,-,-,-,-,R,T,F,G,Q,G,T,K,V,E,I,-,K
"AG12_C06","120","3","0","0","0","0","0","1",D,I,Q,M,T,Q,S,P,S,S,L,S,A,S,V,G,D,R,V,T,I,T,C,R,A,S,Q,-,-,-,-,-,-,A,I,T,N,H,L,N,W,Y,Q,S,K,P,G,K,A,P,K,F,L,I,S,A,A,S,T,L,Q,N,G,V,P,S,R,F,S,G,S,G,-,-,S,G,T,D,Y,S,L,T,I,T,N,L,Q,P,D,D,F,A,T,Y,Y,C,Q,Q,S,H,S,N,P,-,-,-,-,I,T,F,G,Q,G,T,R,L,E,I,-,K
"AG13_3B01","120","3","0","0","0","0","0","2",E,I,V,M,T,Q,S,P,A,T,L,S,V,S,P,G,E,R,A,T,L,S,C,R,A,S,Q,-,-,-,-,-,-,S,V,S,S,Y,L,A,W,Y,Q,Q,K,P,G,Q,A,P,R,L,L,I,Y,G,A,S,T,R,A,T,G,I,P,A,R,F,S,G,S,G,-,-,S,G,T,E,F,T,L,T,I,S,S,L,Q,S,E,D,F,G,I,Y,Y,C,Q,Q,Y,S,D,W,P,-,-,-,-,L,T,F,G,G,G,T,K,V,E,I,-,K
"AG13_3D02","120","3","0","0","0","0","0","2",D,I,Q,M,T,Q,S,P,S,S,L,S,A,S,V,G,D,S,V,N,I,T,C,R,A,S,Q,-,-,-,-,-,-,N,I,R,R,S,L,H,W,Y,Q,Q,K,S,G,R,A,P,Q,L,L,I,F,S,V,S,A,L,H,G,G,V,P,T,R,F,S,G,S,G,-,-,S,G,T,E,F,T,L,T,I,S,S,L,Q,P,E,D,F,A,T,Y,F,C,Q,Q,S,Y,S,R,P,-,-,-,-,L,T,F,G,P,G,T,K,V,D,I,-,K
"AG13_3E04","120","2","0","0","0","0","0","3",E,I,V,M,T,Q,S,P,A,T,L,S,V,S,P,G,E,R,A,T,L,S,C,R,A,S,Q,-,-,-,-,-,-,S,V,S,A,N,L,A,W,Y,Q,Q,K,P,G,Q,T,P,R,L,L,I,Y,D,A,S,T,R,A,T,G,I,P,A,R,F,S,G,S,G,-,-,S,G,T,H,F,T,L,T,I,S,S,L,Q,S,E,D,F,A,I,Y,Y,C,Q,Q,Y,K,D,W,P,P,-,-,-,W,T,F,G,Q,G,T,K,V,E,I,-,K
"AG13_3E05","120","4","0","0","0","0","0","1",D,I,Q,M,T,Q,S,P,S,T,L,S,A,S,V,G,D,R,V,S,L,T,C,R,A,S,Q,-,-,-,-,-,-,S,I,G,S,W,L,A,W,Y,Q,Q,K,P,G,K,A,P,K,L,L,I,F,H,A,S,S,L,E,S,G,V,P,S,R,F,S,G,S,G,-,-,S,G,T,E,F,T,L,T,I,N,S,L,Q,P,D,D,F,A,T,Y,Y,C,Q,Q,Y,Y,V,Y,-,-,-,-,-,W,T,F,G,Q,G,T,K,V,E,I,-,K
"AG13_3F04","120","4","0","0","0","0","0","3",D,I,V,M,T,Q,S,P,L,S,L,P,V,T,P,G,E,A,A,S,I,S,C,R,S,S,Q,S,L,L,N,T,-,N,G,Y,T,Y,L,D,W,F,L,Q,K,P,G,Q,S,P,Q,L,L,I,Y,L,G,F,N,R,A,S,G,V,P,D,R,F,S,G,S,G,-,-,S,G,T,Y,F,T,L,K,I,S,R,V,E,A,E,D,V,G,V,Y,Y,C,M,Q,A,L,Q,T,P,-,-,-,-,R,T,F,G,Q,G,T,K,V,E,I,-,K
"AG13_3G01","120","2","0","0","0","0","0","2",E,I,V,M,T,Q,S,P,A,T,L,S,A,S,P,G,G,R,V,T,L,S,C,R,A,S,Q,-,-,-,-,-,-,S,V,S,N,N,L,V,W,Y,Q,Q,K,P,G,Q,A,P,R,L,L,I,Y,D,A,S,T,R,A,T,G,V,P,G,R,F,S,G,S,G,-,-,S,G,T,E,F,T,L,T,I,S,S,L,Q,S,E,D,F,A,I,Y,Y,C,Q,Q,Y,Q,N,W,-,-,-,-,-,P,T,F,G,Q,G,T,K,V,E,I,-,K
"AG1_A01","120","3","0","0","0","0","0","2",D,I,Q,M,T,Q,S,P,S,S,L,S,A,S,V,G,D,R,V,T,I,T,C,R,T,S,Q,-,-,-,-,-,-,A,I,S,N,R,L,A,W,F,Q,Q,K,P,G,K,A,P,K,S,L,I,Y,A,A,S,T,L,Q,T,G,V,P,S,K,F,S,G,T,G,-,-,S,G,T,D,F,T,L,T,I,S,S,L,Q,P,E,D,F,A,T,Y,Y,C,Q,Q,Y,K,S,F,P,-,-,-,-,L,T,F,G,R,G,T,K,V,E,I,-,K
"AG1_E04","120","2","0","0","0","0","0","1",D,I,Q,M,T,Q,S,P,S,S,L,S,A,S,V,G,D,K,I,T,I,T,C,R,A,S,Q,-,-,-,-,-,-,S,I,S,T,Y,L,N,W,Y,Q,Q,K,P,G,T,A,P,K,L,L,I,Y,A,A,S,S,L,Q,S,G,V,P,S,R,F,S,G,S,G,-,-,S,G,T,G,F,T,L,T,I,S,S,L,Q,P,E,D,F,A,T,Y,Y,C,Q,Q,S,Y,S,T,P,-,-,-,-,Y,T,F,G,Q,G,T,K,V,E,I,-,K
"AG2_B01","120","4","0","0","0","0","0","3",D,I,V,M,T,Q,S,P,F,S,L,P,V,T,P,G,E,P,A,F,I,S,C,R,S,S,Q,S,L,L,H,T,-,D,G,Y,N,Y,V,D,W,Y,L,Q,R,P,G,Q,S,P,Q,L,L,I,Y,L,A,S,Y,R,A,S,G,V,P,D,R,F,S,G,S,G,-,-,S,G,T,D,F,T,L,R,I,S,R,V,E,A,D,D,V,G,I,Y,Y,C,M,Q,P,L,Q,A,-,-,-,-,-,P,T,F,G,Q,G,T,R,L,E,I,-,K
"AG2_B02","120","3","0","0","0","0","0","1",A,I,Q,L,T,Q,S,P,S,S,L,S,A,S,V,G,D,R,V,T,I,T,C,R,A,S,E,-,-,-,-,-,-,S,V,I,T,A,L,A,W,Y,Q,Q,R,P,G,R,A,P,R,L,L,I,S,D,A,S,T,L,Q,N,G,V,P,S,R,F,S,G,S,G,-,-,S,G,T,D,F,A,L,T,I,T,S,L,Q,P,E,D,F,A,T,Y,Y,C,Q,Q,Y,E,T,G,-,-,-,-,-,P,T,F,G,Q,G,T,R,L,E,I,-,K
"AG2_F02","120","2","0","0","0","0","0","3",E,I,V,L,T,Q,S,P,A,T,L,S,L,S,P,G,E,R,A,T,L,S,C,R,A,S,Q,-,-,-,-,-,-,S,V,R,Y,F,L,A,W,Y,Q,Q,K,P,G,Q,A,P,K,L,L,I,S,D,A,S,N,R,A,T,G,I,P,A,R,F,S,G,S,G,-,-,F,G,T,D,F,T,L,T,I,D,N,L,E,P,D,D,S,A,V,Y,Y,C,Q,Q,R,S,T,W,A,H,-,-,-,I,T,F,G,G,G,T,K,V,E,I,-,K
"AG2_G02","120","4","0","0","0","0","0","2",E,I,V,L,T,Q,S,P,G,T,L,S,L,S,P,G,E,R,A,T,L,S,C,R,A,S,Q,S,-,-,-,-,-,V,S,S,S,Y,L,A,W,Y,Q,Q,K,P,G,Q,A,P,R,L,L,I,Y,G,A,S,S,R,A,T,G,I,P,D,R,F,R,G,S,G,-,-,S,G,T,D,F,T,L,T,I,S,R,L,E,P,E,D,F,A,V,Y,Y,C,Q,Q,Y,G,S,S,P,Q,G,-,-,F,T,F,G,P,G,T,K,V,D,I,-,K
"AG3_D06","120","4","0","0","0","0","0","0",D,I,Q,M,T,Q,S,P,S,S,L,S,A,S,V,G,D,R,V,T,I,P,C,R,A,S,Q,-,-,-,-,-,-,T,I,S,T,Y,L,N,W,Y,Q,Q,R,P,G,K,A,P,K,L,L,I,Y,S,A,S,I,L,E,R,G,V,P,S,R,F,S,G,S,G,-,-,S,G,T,D,F,T,L,T,I,S,S,L,Q,P,E,D,F,A,T,Y,Y,C,Q,W,G,S,A,I,S,-,-,-,-,V,T,F,G,Q,G,T,K,L,E,I,-,K
"AG4_C01","120","3","0","0","0","0","0","1",D,I,Q,M,T,Q,S,P,S,S,L,S,A,S,V,G,D,R,V,T,I,T,C,R,A,S,Q,-,-,-,-,-,-,N,I,I,T,Y,L,H,W,Y,Q,Q,K,P,G,K,A,P,K,L,L,I,Y,A,T,S,S,L,Q,S,G,V,P,S,R,F,S,G,S,G,-,-,S,G,T,D,F,T,L,T,I,S,S,L,Q,P,E,D,F,A,T,Y,Y,C,Q,Q,S,F,S,T,L,-,-,-,-,L,T,F,G,G,G,T,K,V,E,I,-,K
"AG6_3E02","120","5","0","0","0","0","0","2",D,I,Q,M,T,Q,S,P,S,S,L,S,A,S,V,G,D,R,V,T,I,T,C,R,A,S,H,-,-,-,-,-,-,N,I,N,N,Y,L,N,W,Y,Q,Q,K,P,G,K,P,P,K,L,L,I,Y,A,A,S,S,L,R,S,G,V,P,S,R,F,S,G,S,G,-,-,S,E,T,D,F,T,L,T,I,S,T,L,E,P,E,D,F,V,T,Y,Y,C,Q,Q,S,F,S,T,P,-,-,-,-,F,T,F,G,Q,G,T,K,V,E,I,-,K
"AG7_3B02","120","3","0","0","0","0","0","2",E,I,V,M,T,Q,S,P,A,T,L,S,V,S,P,G,E,R,A,T,L,S,C,R,A,S,Q,-,-,-,-,-,-,T,I,S,G,N,L,A,W,Y,Q,Q,K,P,G,Q,A,P,R,L,L,I,Y,Y,A,S,A,R,A,T,G,I,P,A,R,F,S,G,S,G,-,-,S,G,T,E,F,T,L,T,I,S,S,L,Q,S,E,D,F,A,L,Y,Y,C,Q,H,Y,N,N,W,P,-,-,-,-,P,Q,F,G,P,G,T,K,V,D,I,-,K
"AG8_2B02","120","4","0","0","0","0","0","2",D,I,V,M,T,Q,S,P,D,S,L,A,V,S,L,G,E,R,A,T,I,K,C,K,S,S,Q,S,V,L,Y,S,S,Y,N,K,Y,Y,L,A,W,Y,Q,K,K,P,G,Q,P,P,K,L,L,L,Y,W,A,S,T,R,E,S,G,V,P,D,R,F,S,G,S,G,-,-,S,G,T,D,F,T,L,T,I,S,S,L,Q,A,E,D,V,A,V,Y,Y,C,Q,Q,Y,Y,S,I,P,-,-,-,-,L,T,F,G,G,G,T,K,V,E,I,-,K
"AG8_2D02","120","4","0","0","0","0","0","2",E,I,V,L,T,Q,S,P,G,T,L,S,L,S,P,G,E,R,V,T,L,S,C,R,A,S,Q,S,-,-,-,-,-,V,S,S,S,Y,V,A,W,Y,Q,Q,K,P,G,Q,A,P,R,L,L,I,Y,A,A,S,T,R,A,T,G,I,P,D,R,F,S,G,S,G,-,-,S,G,T,D,F,T,L,T,I,S,R,L,E,P,E,D,F,A,V,Y,Y,C,Q,Q,Y,G,T,S,P,A,-,-,-,L,T,F,G,G,G,T,K,V,E,I,-,K
"AG9_4A02","120","4","0","0","0","0","0","4",D,I,V,M,T,Q,S,P,L,S,L,R,V,T,P,G,E,P,A,S,I,S,C,K,S,S,Q,S,L,L,H,G,-,N,G,Y,N,Y,L,D,W,Y,L,Q,R,P,G,Q,S,P,Q,L,L,I,Y,L,G,S,N,R,A,S,G,V,P,D,R,F,S,G,S,G,-,-,S,G,T,D,F,T,L,K,I,S,R,V,E,A,E,D,V,G,V,Y,Y,C,M,Q,A,L,H,T,P,P,-,-,-,W,T,F,G,Q,G,T,K,V,E,I,-,K
"AG9_4B03","120","4","0","0","0","0","0","2",E,I,V,L,T,Q,S,P,G,T,L,S,L,S,P,G,E,R,A,T,L,S,C,R,A,S,H,S,-,-,-,-,-,I,S,S,G,Y,L,A,W,Y,Q,H,K,P,G,Q,A,P,R,L,V,I,S,D,T,S,D,R,A,T,G,I,P,D,R,F,S,G,S,G,-,-,S,G,T,D,F,T,L,T,F,S,R,L,E,P,E,D,S,A,V,Y,Y,C,H,Q,Y,G,I,L,P,-,-,-,-,W,T,F,G,Q,G,T,K,V,E,I,-,K
"C1_2A02","120","3","0","0","0","0","0","2",E,I,V,M,T,Q,S,P,G,T,L,S,V,S,P,G,E,S,A,T,L,S,C,R,A,S,E,-,-,-,-,-,-,S,V,G,S,S,L,A,W,Y,Q,Q,K,P,G,Q,A,P,R,L,L,I,F,H,T,S,T,R,A,T,G,V,P,A,R,F,S,G,S,G,-,-,S,G,T,E,F,T,L,T,I,S,G,M,Q,S,E,D,S,G,V,Y,H,C,H,Q,Y,K,G,W,P,P,-,-,-,W,T,F,G,Q,G,T,K,V,E,I,-,K
"C1_2B06","120","3","0","0","0","0","0","3",E,I,V,M,T,Q,S,P,A,T,L,S,V,S,P,G,E,R,V,T,L,S,C,R,A,S,Q,-,-,-,-,-,-,G,V,S,S,K,L,A,W,Y,Q,Q,K,R,G,Q,A,P,R,L,L,I,Y,G,A,S,T,R,A,T,G,I,P,A,R,F,S,G,S,G,-,-,S,G,T,E,F,T,L,T,I,S,S,L,Q,S,E,D,F,A,I,Y,Y,C,Q,Q,Y,Y,N,W,T,P,-,-,-,I,T,F,G,Q,G,T,R,L,E,I,-,K
"C1_2D03","120","4","0","0","0","0","0","1",D,I,Q,M,T,Q,S,P,S,T,L,S,A,S,V,G,D,R,V,T,I,T,C,R,A,S,Q,-,-,-,-,-,-,S,I,G,T,W,L,A,W,Y,Q,Q,K,P,G,K,A,P,K,L,L,I,Y,K,A,S,S,L,E,S,G,V,P,S,R,F,S,G,S,R,-,-,S,G,T,E,F,T,L,T,I,S,S,L,Q,P,D,D,F,A,T,Y,Y,C,Q,Q,Y,N,V,Y,S,P,M,-,-,Y,T,F,G,Q,G,T,K,V,E,I,-,K
"C1_2E01","120","3","0","0","0","0","0","1",D,I,Q,M,T,Q,S,P,S,S,L,S,A,S,V,G,D,R,V,T,I,T,C,R,A,S,H,-,-,-,-,-,-,N,I,G,S,Y,L,N,W,Y,Q,Q,K,P,G,K,A,P,Q,L,L,I,Y,A,S,S,I,L,Q,T,G,V,P,S,R,F,S,G,S,G,-,-,S,G,T,D,Y,T,L,T,I,S,G,L,Q,R,D,D,F,A,T,Y,F,C,Q,Q,S,S,T,N,P,-,-,-,-,K,T,F,G,Q,G,T,R,L,E,I,-,K
"C1_2_2D06","120","4","0","0","0","0","0","2",A,I,Q,L,T,Q,S,P,S,S,L,S,A,S,V,G,D,R,V,T,I,T,C,R,A,S,Q,-,-,-,-,-,-,G,I,S,S,A,L,A,W,Y,Q,Q,K,P,G,K,T,P,K,L,L,I,Y,D,T,S,N,L,E,S,G,V,P,S,R,F,S,G,S,G,-,-,S,G,T,D,F,T,L,T,I,S,S,L,Q,P,E,D,F,A,T,Y,Y,C,Q,Q,F,N,S,Y,P,P,E,-,-,V,T,F,G,G,G,T,K,V,E,I,-,K
"C1_2_2F03","120","3","0","0","0","0","0","2",E,I,V,L,T,Q,S,P,G,T,L,S,L,S,P,G,E,R,A,T,L,S,C,R,A,S,H,T,-,-,-,-,-,V,S,S,N,N,L,A,W,Y,Q,Q,K,P,G,Q,A,P,R,L,L,I,Y,G,S,S,S,R,A,Y,G,I,P,D,R,F,S,G,Y,G,-,-,A,G,T,D,F,T,L,T,I,S,R,L,E,P,E,D,F,A,V,Y,Y,C,Q,Q,Y,G,S,S,P,M,-,-,-,Y,T,F,G,Q,G,T,K,V,E,I,-,K
"C1_2_2F04","120","4","0","0","0","0","0","2",E,I,V,M,T,Q,S,P,A,T,L,S,V,S,P,G,E,R,A,T,L,S,C,R,A,S,Q,-,-,-,-,-,-,D,I,G,T,N,L,A,W,Y,Q,Q,K,P,G,L,A,P,R,L,L,I,Y,G,V,S,T,R,A,T,G,I,P,A,R,F,S,G,S,G,-,-,S,E,T,E,F,T,L,T,I,S,I,M,Q,S,E,D,C,A,V,Y,F,C,Q,Q,Y,D,F,W,-,-,-,-,-,P,T,F,G,Q,G,T,K,V,E,I,-,K
"C1_2_B02","120","2","0","0","0","0","0","1",D,I,Q,L,T,Q,S,P,S,F,L,S,A,F,V,G,D,R,V,T,I,T,C,R,A,S,Q,-,-,-,-,-,-,G,I,S,T,Y,L,A,W,Y,Q,Q,K,P,G,K,A,P,K,L,L,I,Y,A,A,S,I,L,Q,S,G,V,P,S,R,F,R,G,S,G,-,-,S,G,T,E,F,T,L,T,I,S,S,L,Q,P,E,D,F,A,T,Y,Y,C,Q,Q,L,N,S,Y,V,-,-,-,-,V,T,F,G,Q,G,T,K,V,E,I,-,K
"C1_2_C06","120","3","0","0","0","0","0","1",A,I,Q,L,T,Q,S,P,S,S,L,S,A,S,L,G,D,R,V,V,I,T,C,R,A,S,Q,-,-,-,-,-,-,G,V,N,R,D,L,A,W,Y,Q,Q,K,P,G,E,V,P,S,L,L,M,S,S,V,S,L,M,K,S,G,V,P,S,R,F,S,G,S,G,-,-,S,G,T,D,F,T,L,T,I,N,G,L,Q,S,E,D,F,A,I,Y,Y,C,Q,Q,F,N,S,Y,P,-,-,-,-,I,T,F,G,Q,G,T,R,L,E,I,-,K
"C1_2_E05","120","1","0","0","0","0","0","2",E,I,V,M,T,Q,S,P,S,T,L,S,V,S,P,G,A,R,A,T,L,S,C,R,A,S,Q,-,-,-,-,-,-,S,V,G,S,S,L,A,W,Y,Q,Q,K,P,G,Q,P,P,R,L,L,I,F,G,A,S,T,R,A,T,G,V,P,A,R,F,S,G,S,G,-,-,Y,G,T,E,F,T,L,T,I,S,S,L,Q,S,E,D,S,A,V,Y,H,C,H,Q,Y,H,D,W,P,P,-,-,-,W,T,F,G,Q,G,T,K,V,E,I,-,K
"C1_3A03","120","3","0","0","0","0","0","2",E,I,V,M,T,Q,S,P,A,T,L,S,V,S,P,G,E,R,A,T,L,S,C,R,V,S,Q,-,-,-,-,-,-,S,V,I,R,D,L,A,W,Y,Q,Q,K,P,G,Q,A,P,R,L,L,I,Y,G,A,S,T,R,A,T,G,I,P,A,R,F,S,G,S,G,-,-,S,G,T,E,F,T,L,T,I,S,S,V,H,S,E,D,F,A,V,Y,Y,C,Q,Q,Y,N,N,W,A,P,-,-,-,I,T,F,G,Q,G,T,R,L,E,I,-,K
"C1_3E03","120","1","0","0","0","0","0","3",E,I,V,M,T,Q,S,P,V,T,L,S,V,F,P,G,E,R,A,T,L,S,C,R,A,S,Q,-,-,-,-,-,-,S,V,N,N,N,L,A,W,Y,Q,Q,R,P,G,Q,T,P,K,L,L,I,Y,D,A,S,T,R,A,T,G,I,P,A,R,F,S,G,S,G,-,-,S,G,T,V,F,T,L,T,I,S,S,L,Q,S,E,D,I,A,V,Y,Y,C,Q,Q,Y,A,G,W,P,P,-,-,-,W,T,F,G,Q,G,T,K,V,E,I,-,K
"C1_3E05","120","4","0","0","0","0","0","2",E,I,V,L,T,Q,S,P,G,T,L,S,L,S,P,G,E,R,A,T,L,S,C,R,A,S,Q,S,-,-,-,-,-,V,N,S,N,Y,L,A,W,Y,Q,Q,K,P,G,Q,A,P,R,L,L,I,Y,G,A,S,S,R,A,T,G,I,P,D,R,F,S,G,S,G,-,-,S,G,T,D,F,T,L,T,I,S,R,L,E,P,E,D,F,A,V,Y,Y,C,Q,Q,Y,T,S,P,G,-,-,-,-,F,T,F,G,P,G,T,K,V,D,I,-,K
"C1_3_7F02","120","4","0","0","0","0","0","2",E,I,V,L,T,Q,S,P,G,T,L,S,L,S,P,G,E,R,A,T,L,S,C,R,A,S,Q,S,-,-,-,-,-,V,S,S,X,N,L,A,W,Y,Q,H,K,P,G,Q,A,P,R,L,L,I,S,G,A,S,S,R,A,T,G,I,P,D,R,F,S,A,S,G,-,-,S,G,T,D,F,T,L,T,I,S,R,L,E,P,E,D,L,A,V,Y,Y,C,Q,Q,Y,R,F,S,S,-,-,-,-,Y,T,F,G,Q,G,T,K,V,E,I,-,K
"C1_B01","120","2","0","0","0","0","0","2",E,I,V,M,T,Q,S,P,A,T,L,S,V,S,P,G,E,R,A,T,L,S,C,R,A,S,Q,-,-,-,-,-,-,S,V,G,S,R,L,A,W,Y,Q,Q,K,P,G,Q,P,P,R,L,L,L,Y,D,A,S,T,R,A,T,D,I,P,A,R,F,S,G,T,G,-,-,Y,G,T,E,F,T,L,T,I,S,S,I,Q,S,E,D,F,A,V,Y,H,C,H,Q,Y,S,G,W,P,P,-,-,-,W,T,F,G,Q,G,T,K,V,E,I,-,K
"C1_C02","120","3","0","0","0","0","0","3",D,I,V,M,T,Q,T,P,L,S,L,S,V,T,P,G,Q,P,A,S,I,S,C,K,S,S,Q,T,L,L,H,G,-,D,E,K,T,Y,L,Y,W,Y,L,Q,K,P,G,Q,S,P,Q,I,L,I,Y,E,V,S,N,R,F,P,D,V,P,D,R,F,S,G,S,G,-,-,S,G,T,D,F,T,L,K,I,S,R,V,E,A,E,D,V,G,V,Y,Y,C,M,Q,S,I,Q,L,P,-,-,-,-,Y,T,F,G,Q,G,T,K,V,E,I,-,K
"C1_E04","120","4","0","0","0","0","0","1",D,I,Q,M,T,Q,S,P,S,S,L,S,A,S,V,G,D,R,V,S,I,T,C,R,A,S,Q,-,-,-,-,-,-,F,I,I,N,N,L,N,W,Y,Q,K,K,P,G,K,A,P,W,L,L,I,Y,S,A,S,T,L,Q,S,G,V,P,S,R,F,S,G,S,R,-,-,S,G,T,D,F,T,L,T,I,S,S,L,E,P,E,D,F,A,T,Y,Y,C,Q,Q,G,Y,S,T,P,-,-,-,-,H,T,F,G,Q,G,T,K,V,E,I,-,K
"C1_F02","120","3","0","0","0","0","0","3",E,I,V,M,T,Q,S,P,G,T,L,S,V,S,P,G,E,R,A,T,L,S,C,R,A,S,Q,-,-,-,-,-,-,S,V,R,G,N,V,A,W,Y,Q,Q,K,S,G,Q,A,P,R,L,L,I,Y,N,T,S,T,R,A,T,G,I,P,A,R,F,S,G,S,G,-,-,S,G,T,E,F,T,L,T,I,S,S,L,Q,S,E,D,L,A,V,Y,Y,C,Q,Q,Y,N,N,W,L,-,-,-,-,Y,T,F,G,Q,G,T,K,V,E,I,-,K
"C2_3_D06","120","4","0","0","0","0","0","2",E,I,V,M,T,Q,S,P,G,T,L,S,V,S,P,G,E,R,A,T,L,S,C,R,A,S,Q,S,-,-,-,-,-,V,G,S,S,F,L,A,W,Y,Q,Q,K,L,G,Q,A,P,R,L,L,I,Y,G,V,S,S,R,A,T,G,V,P,D,R,F,S,G,S,G,-,-,S,G,T,D,F,T,L,T,I,S,R,L,E,P,E,D,F,A,V,Y,Y,C,Q,Q,C,G,S,S,P,-,-,-,-,W,T,F,G,Q,G,T,K,V,E,I,-,K
"C2_3_F04","120","5","0","0","0","0","0","4",D,V,V,M,T,Q,S,P,L,S,L,P,V,P,L,G,Q,P,A,S,I,S,C,R,S,S,D,S,L,V,S,V,-,D,G,N,T,Y,L,N,W,F,Q,Q,R,P,G,Q,S,P,R,R,L,I,Y,Q,V,S,N,R,D,S,G,V,P,E,R,F,S,G,S,G,-,-,S,D,T,D,F,T,L,K,I,S,R,V,E,A,E,D,V,G,V,Y,Y,C,M,Q,G,T,Y,W,P,P,-,-,-,I,T,F,G,Q,G,T,R,L,E,I,-,K
"C2_3_G03","120","3","0","0","0","0","0","2",D,I,Q,M,T,Q,S,P,S,S,L,S,A,S,V,G,D,R,V,T,I,T,C,R,A,S,Q,-,-,-,-,-,-,G,I,D,T,Y,L,N,W,Y,R,Q,Q,P,G,R,P,P,K,L,L,I,Y,S,A,A,N,L,P,S,G,V,P,S,R,F,S,G,S,G,-,-,S,G,A,D,F,T,L,T,I,S,G,L,Q,P,E,D,F,A,T,F,Y,C,Q,Q,S,Y,R,S,P,-,-,-,-,P,T,F,G,G,G,T,K,V,E,I,-,K
"C2_3_G05","120","4","0","0","0","0","0","3",E,I,V,L,T,Q,S,P,V,T,L,S,L,S,P,G,E,R,A,T,L,S,C,R,A,S,Q,-,-,-,-,-,-,S,I,A,T,S,L,A,W,Y,Q,H,K,P,G,Q,T,P,R,L,L,I,F,D,A,S,E,R,A,T,G,I,P,A,R,F,S,G,S,G,-,-,S,G,T,D,F,T,L,T,I,S,S,L,E,P,E,D,F,A,V,Y,Y,C,Q,E,R,S,N,W,P,R,-,-,-,L,T,F,G,G,G,T,K,V,E,I,-,K
"C3_2_3C01","120","3","0","0","0","0","0","1",D,I,Q,M,T,Q,S,P,S,P,L,S,A,S,V,G,D,R,V,T,I,T,C,R,A,S,Q,-,-,-,-,-,-,S,I,T,S,Y,L,N,W,Y,Q,Q,R,P,G,K,A,P,K,L,L,I,Y,A,A,S,N,L,Q,T,G,V,P,S,R,F,S,G,S,G,-,-,S,G,T,D,F,T,L,T,I,S,S,L,Q,P,E,D,F,A,T,Y,Y,C,Q,Q,S,Y,S,T,P,-,-,-,-,H,T,F,G,P,G,T,K,V,D,I,-,K
"C3_2_3F02","120","4","0","0","0","0","0","1",D,I,Q,M,T,Q,S,P,A,S,L,S,A,A,V,G,D,R,V,T,I,T,C,R,A,S,Q,-,-,-,-,-,-,G,V,G,N,D,L,G,W,Y,Q,Q,K,P,G,K,A,P,K,R,L,I,Y,A,A,S,S,L,E,D,G,V,P,S,R,F,S,G,S,G,-,-,S,G,T,D,F,T,L,T,I,S,S,L,Q,P,E,D,F,A,T,Y,Y,C,L,Q,H,S,T,Y,P,-,-,-,-,L,T,F,G,G,G,T,K,V,E,I,-,K
"C6_2_2C06","120","4","0","0","0","0","0","1",D,I,Q,M,T,Q,S,P,S,T,L,S,S,S,V,G,D,S,V,T,I,T,C,R,A,S,Q,-,-,-,-,-,-,S,I,S,T,Y,L,A,W,Y,Q,Q,K,P,G,K,A,P,K,V,L,I,Y,Q,A,S,I,L,E,S,G,V,P,S,R,F,S,G,S,G,-,-,S,G,T,E,F,T,L,T,I,S,S,L,Q,P,D,D,F,A,T,Y,Y,C,Q,Q,Y,N,S,Y,S,-,-,-,-,G,T,F,G,Q,G,T,K,V,E,I,-,K
"C6_2_C01","120","4","0","0","0","0","0","2",D,I,Q,M,T,Q,S,P,S,T,L,S,A,S,V,G,D,R,V,T,I,T,C,R,A,S,Q,-,-,-,-,-,-,R,I,S,N,W,L,A,W,Y,Q,Q,K,P,G,K,A,P,K,L,L,I,Y,E,A,S,T,L,E,S,G,V,P,S,R,F,S,G,S,G,-,-,S,G,T,E,F,T,L,T,I,N,S,L,Q,P,D,D,F,A,T,Y,Y,C,Q,L,Y,N,D,Y,S,G,-,-,-,F,T,F,G,P,G,T,K,V,D,I,-,K
"C6_2_D02","120","3","0","0","0","0","0","0",D,I,Q,M,T,Q,S,P,S,S,L,S,A,S,V,G,D,T,V,T,I,A,C,R,A,S,Q,-,-,-,-,-,-,G,I,R,S,D,L,G,W,Y,Q,Q,Q,A,G,K,A,P,R,R,L,I,Y,G,A,S,S,L,Q,S,G,V,P,S,R,F,S,G,S,G,-,-,S,G,T,E,F,T,L,T,I,S,S,L,Q,P,E,D,F,A,T,Y,Y,C,L,Q,H,N,S,Y,P,-,-,-,-,W,T,F,G,Q,G,T,K,V,E,I,-,K
"C6_C01","120","3","0","0","0","0","0","3",E,I,V,M,T,Q,S,P,A,T,L,S,V,S,P,G,E,R,A,T,L,S,C,R,A,S,Q,-,-,-,-,-,-,S,V,R,S,N,L,A,W,Y,Q,Q,K,P,G,Q,A,P,R,L,L,I,Y,G,A,S,T,R,A,T,G,I,P,A,R,F,S,G,S,G,-,-,S,G,T,E,F,T,L,T,I,S,S,L,Q,S,D,D,F,A,V,Y,H,C,Q,Q,Y,N,E,W,P,-,-,-,-,R,T,F,G,Q,G,T,K,V,E,I,-,K
"C6_G03","120","3","0","0","0","0","0","3",D,I,Q,M,T,Q,S,P,T,S,L,S,A,S,V,G,D,R,V,S,I,T,C,R,A,S,Q,-,-,-,-,-,-,S,V,I,T,Y,L,H,W,Y,Q,Q,K,P,G,K,A,P,K,L,L,I,S,A,A,S,S,L,Q,S,G,V,S,S,R,F,S,G,S,G,-,-,S,G,T,D,F,T,L,T,I,S,S,L,Q,P,E,D,Y,A,T,Y,Y,C,Q,Q,S,Y,S,S,P,-,-,-,-,R,T,F,G,P,G,T,K,V,D,I,-,K
"C7_3_A05","120","4","0","0","0","0","0","3",E,I,V,L,T,Q,S,P,A,T,L,S,L,S,P,G,E,R,A,T,L,S,C,R,A,S,Q,-,-,-,-,-,-,S,V,R,N,Y,L,A,W,Y,Q,Q,K,P,G,Q,A,P,R,L,L,I,Y,D,A,S,N,R,A,T,G,I,P,A,R,F,S,G,S,G,-,-,S,G,T,D,F,T,L,T,I,S,S,L,E,P,E,D,S,A,V,Y,Y,C,Q,Q,R,F,N,G,L,-,-,-,-,C,S,F,G,Q,G,T,K,V,E,I,-,K
"C7_3_C02","120","3","0","0","0","0","0","1",D,I,Q,M,T,Q,S,P,S,S,L,S,A,S,V,G,D,R,V,T,I,T,C,R,A,S,Q,-,-,-,-,-,-,S,I,N,T,Y,L,N,W,Y,Q,Q,K,P,G,A,A,P,K,L,L,I,Y,G,A,S,T,L,Q,S,G,V,P,S,R,F,S,G,G,G,-,-,S,G,T,D,F,T,L,T,I,S,S,L,Q,P,D,D,F,A,T,Y,H,C,Q,Q,S,Y,G,I,P,-,-,-,-,L,T,F,G,Q,G,T,R,L,E,I,-,K
"C8_A06","120","5","0","0","0","0","0","1",D,I,V,M,T,Q,S,P,D,S,L,A,V,S,L,G,E,R,A,T,I,N,C,K,S,S,Q,T,V,L,S,N,S,N,N,E,N,Y,L,T,W,Y,Q,Q,K,P,G,Q,P,P,R,L,L,I,Y,W,A,S,T,R,E,S,G,V,P,D,R,F,T,G,S,G,-,-,S,G,T,D,F,T,L,T,I,S,S,L,Q,A,E,D,V,A,V,Y,Y,C,Q,Q,Y,Y,S,N,P,-,-,-,-,Y,T,F,G,Q,G,T,K,V,E,I,-,K
"C8_B04","120","5","0","0","0","0","0","3",D,I,V,M,T,Q,S,P,D,T,L,S,L,S,P,G,E,R,A,T,L,S,C,R,A,S,Q,S,-,-,-,-,-,V,T,S,S,S,L,A,W,Y,Q,Q,K,V,G,Q,S,P,R,L,L,I,Y,G,A,S,T,R,A,T,G,T,P,A,R,F,S,G,S,G,-,-,S,E,T,D,F,T,L,T,I,S,S,L,E,P,E,D,F,A,V,Y,Y,C,Q,Q,Y,G,S,S,V,-,-,-,-,L,T,F,G,P,G,T,K,V,D,I,-,K
"K77_1A06","120","1","0","1","0","0","0","0",N,F,M,L,T,Q,P,H,S,-,V,S,E,S,P,G,K,T,V,T,I,S,C,T,R,S,S,G,S,-,-,-,-,I,A,S,N,Y,V,Q,W,Y,Q,K,R,P,G,S,S,P,T,T,V,I,Y,E,D,D,Q,R,P,S,G,V,P,D,R,F,S,G,S,I,D,S,S,S,N,S,A,S,L,T,I,S,G,L,K,T,E,D,G,A,D,Y,Y,C,Q,S,F,D,S,S,N,H,-,-,-,R,V,F,G,G,G,T,A,A,C,P,-,-
"K77_1B01","120","4","0","0","0","0","0","2",D,I,V,M,T,Q,S,P,D,S,L,A,V,S,L,G,E,R,A,T,I,N,C,K,S,S,Q,S,V,L,Y,R,S,N,K,K,N,Y,L,A,W,Y,Q,Q,K,P,G,Q,P,P,K,L,L,I,Y,W,A,S,T,R,E,S,G,V,P,D,R,F,S,G,S,G,-,-,S,G,T,D,F,T,L,T,I,S,S,L,Q,A,E,D,V,A,V,Y,Y,C,Q,Q,Y,Y,T,T,P,-,-,-,-,H,T,F,G,Q,G,T,K,L,E,I,-,K
"K77_1B02","120","4","0","0","0","0","0","1",D,I,Q,M,T,Q,S,P,S,T,L,S,A,S,V,G,D,R,V,T,I,T,C,R,A,S,Q,-,-,-,-,-,-,S,I,N,R,W,L,A,W,Y,Q,Q,K,P,G,K,A,P,K,L,L,I,Y,R,A,S,S,L,E,S,G,V,P,S,R,F,S,G,S,G,-,-,S,G,T,E,F,T,L,T,I,S,S,L,Q,P,D,D,F,A,T,Y,F,C,Q,H,Y,E,G,Y,S,-,-,-,-,W,T,F,G,Q,G,T,K,V,D,I,-,K
"K77_1B07","120","4","0","0","0","0","0","1",E,I,V,L,T,Q,S,P,G,T,L,S,L,S,P,G,E,R,A,T,L,P,C,R,A,S,Q,S,-,-,-,-,-,V,S,S,S,Y,L,A,W,Y,Q,Q,K,P,G,Q,A,P,R,L,L,I,Y,G,A,S,S,R,A,T,G,I,P,D,R,F,S,G,S,G,-,-,S,G,T,D,F,T,L,S,I,S,R,L,E,P,E,D,F,A,V,Y,Y,C,H,H,Y,G,S,T,-,-,-,-,-,G,T,F,G,G,G,T,K,V,E,I,-,K
"K77_1B08","120","2","0","0","0","0","0","1",Q,S,A,L,T,Q,P,P,S,-,A,S,G,T,P,G,Q,G,I,T,I,S,C,S,G,R,S,S,N,-,-,-,-,I,G,S,N,T,V,N,W,Y,Q,Q,L,P,G,T,A,P,K,L,L,I,Y,T,N,D,Q,R,P,S,G,V,P,D,R,F,S,G,S,R,-,-,S,G,T,S,A,S,L,A,I,S,G,L,Q,S,G,D,E,S,D,Y,Y,C,A,T,W,D,D,S,L,N,A,-,-,Y,V,F,G,T,G,T,K,V,T,V,L,-
"K77_1C04","120","4","0","0","0","0","0","1",D,I,V,M,T,Q,S,P,D,S,L,A,V,S,L,G,E,R,A,T,I,N,C,K,S,S,Q,S,V,L,F,R,S,N,N,K,N,C,V,A,W,Y,Q,Q,K,P,G,Q,P,P,K,L,L,I,Y,W,A,S,T,R,E,S,G,V,P,D,R,F,S,G,S,G,-,-,S,G,T,D,F,T,L,T,I,N,S,L,Q,A,E,D,V,A,V,Y,Y,C,Q,Q,Y,Y,S,T,P,-,-,-,-,Q,T,F,G,Q,G,T,K,V,E,I,-,K
"K77_1C10","120","3","0","0","0","0","0","4",E,I,V,M,T,Q,S,P,A,T,L,S,V,S,P,G,E,R,A,T,L,S,C,R,A,S,Q,-,-,-,-,-,-,S,V,K,N,N,L,A,W,Y,Q,Q,K,P,G,Q,S,P,R,L,L,I,H,D,A,S,A,R,A,A,G,V,P,A,R,F,S,G,S,G,-,-,S,G,T,E,F,T,L,T,I,S,S,L,Q,S,E,D,F,A,V,Y,Y,C,Q,H,Y,N,N,R,P,P,-,-,-,I,T,F,G,P,G,T,R,V,D,V,-,K
"K77_1C11","120","2","0","1","0","0","0","0",N,F,M,L,T,Q,P,H,S,-,V,S,E,S,P,G,K,T,V,V,I,S,C,T,R,S,S,G,S,-,-,-,-,I,D,S,N,Y,V,Q,W,Y,Q,Q,R,P,G,S,S,P,T,I,V,I,Y,V,D,N,Q,R,P,S,G,V,P,D,R,F,S,G,S,I,D,S,A,S,N,S,A,S,L,T,I,S,G,L,K,T,E,D,E,A,D,Y,Y,C,Q,S,N,D,N,N,N,-,-,-,-,R,V,F,G,G,G,T,K,L,T,V,L,-
"K77_1C12","120","1","0","0","0","0","1","2",Q,S,A,L,T,Q,P,V,S,-,V,S,G,S,P,G,Q,S,I,T,I,S,C,T,G,T,S,F,D,V,-,-,-,G,G,Y,H,Y,V,S,W,Y,Q,Q,Y,P,G,K,A,P,K,L,M,I,Y,D,V,S,K,R,P,S,G,V,S,N,R,F,S,G,S,K,-,-,S,G,I,T,A,S,L,T,I,S,G,L,Q,A,E,D,E,A,D,Y,H,C,G,S,Y,T,S,S,Y,T,-,-,-,W,V,F,G,G,G,T,K,L,T,V,L,-
"K77_1D03","120","4","0","0","0","0","0","0",D,I,Q,M,T,Q,S,P,S,S,L,S,A,S,V,G,D,R,V,T,I,A,C,R,A,S,Q,-,-,-,-,-,-,Y,I,R,T,Y,L,N,W,Y,Q,Q,K,I,G,K,A,P,K,A,L,I,Y,G,A,S,D,L,E,S,G,V,P,S,R,F,S,G,S,G,-,-,S,G,T,D,F,N,L,T,I,S,S,L,Q,P,E,D,F,A,T,Y,Y,C,Q,Q,T,Y,T,T,P,P,-,-,-,F,T,F,G,P,G,T,K,V,E,I,-,K
"K77_1D04","120","1","0","0","0","0","0","2",Q,S,A,L,T,Q,P,A,S,-,V,S,G,S,P,G,Q,S,I,T,I,S,C,T,G,T,S,F,D,V,-,-,-,G,G,Y,N,Y,V,S,W,Y,Q,Q,H,P,G,K,A,P,K,L,I,I,Y,D,V,S,E,R,P,S,G,I,S,N,R,F,S,A,S,K,-,-,S,G,I,T,A,S,L,T,I,S,G,L,Q,A,E,D,E,A,D,Y,Y,C,S,S,Y,T,S,S,G,T,H,-,-,W,L,F,G,G,G,T,K,L,T,V,L,-
"K77_1D09","120","2","0","0","0","0","1","1",Q,S,A,L,T,Q,P,A,S,-,V,S,G,S,P,G,Q,S,I,T,I,S,C,T,G,T,S,S,D,V,-,-,-,D,D,Y,N,Y,V,S,W,Y,Q,Q,D,P,G,K,A,P,K,L,I,I,Y,H,V,N,K,R,P,S,G,V,S,H,R,F,S,G,S,K,-,-,S,G,N,T,A,S,L,T,I,S,G,L,Q,A,E,D,E,A,D,Y,Y,C,S,S,Y,T,S,S,N,T,P,-,-,V,V,F,G,G,G,T,K,L,T,V,L,-
"K77_1D10","120","4","0","0","0","0","0","2",E,I,V,L,T,Q,S,P,G,T,L,S,L,S,P,G,E,R,A,T,L,S,C,R,A,S,Q,S,-,-,-,-,-,V,S,T,N,Y,L,A,W,Y,Q,Q,S,P,G,Q,A,P,R,L,L,I,Y,G,A,S,S,R,A,A,G,I,P,D,R,F,S,G,S,G,-,-,S,G,T,D,F,T,L,T,I,T,R,L,E,P,E,D,F,A,V,Y,Y,C,Q,H,Y,V,T,S,-,-,-,-,-,P,L,F,G,G,G,T,K,V,E,I,-,K
"K77_1E03","120","3","0","0","0","0","0","2",D,I,Q,M,T,Q,S,P,S,S,L,S,A,S,V,G,D,R,V,T,I,T,C,R,A,S,Q,-,-,-,-,-,-,S,I,Y,S,Y,L,S,W,Y,Q,Q,K,P,G,K,A,P,K,L,L,I,Y,A,A,S,S,L,Q,S,G,V,P,S,R,F,S,G,S,G,-,-,S,G,T,D,F,T,L,T,I,S,S,L,Q,P,E,D,F,A,S,Y,Y,C,Q,Q,S,Y,T,T,P,-,-,-,-,R,T,F,G,Q,G,T,K,L,E,I,-,K
"K77_1E06","120","2","0","0","0","0","0","1",D,I,V,M,T,Q,S,P,D,S,L,A,V,S,L,G,E,R,A,T,I,N,C,K,S,S,Q,T,L,L,S,R,S,N,N,K,N,Y,L,A,W,Y,Q,H,R,P,G,Q,P,P,K,L,L,I,Y,W,A,S,T,R,A,S,G,V,P,D,R,F,S,G,S,G,-,-,S,G,T,D,F,T,L,T,I,T,S,L,Q,A,E,D,V,A,V,Y,F,C,Q,Q,Y,Y,G,S,P,-,-,-,-,L,T,F,G,G,G,T,R,V,Q,I,-,K
"K77_1F01","120","1","0","0","0","0","0","1",Q,S,A,L,T,Q,P,A,S,-,V,S,G,S,P,G,Q,S,I,T,I,S,C,T,G,T,S,S,D,V,-,-,-,G,A,Y,N,Y,V,S,W,Y,Q,Q,H,P,G,K,A,P,K,L,L,I,Y,D,V,N,N,R,P,S,G,V,S,N,R,F,S,G,S,K,-,-,S,G,N,T,A,S,L,T,I,S,G,L,Q,A,E,D,E,A,D,Y,Y,C,N,S,Y,T,S,I,S,T,-,-,-,G,V,F,G,G,G,T,N,V,T,V,L,-
"K77_1F06","120","4","0","0","0","0","0","2",E,I,V,L,T,Q,S,P,V,T,L,S,L,S,P,G,E,R,A,T,L,S,C,R,A,S,Q,T,-,-,-,-,-,I,S,S,S,Y,L,A,W,Y,Q,Q,K,P,G,Q,A,P,R,L,L,I,Y,G,T,S,S,R,A,T,G,I,P,D,R,F,S,G,F,G,-,-,S,G,P,D,F,T,L,T,I,S,R,L,E,S,E,D,F,A,V,Y,Y,C,Q,Q,Y,G,G,S,P,P,-,-,-,A,T,F,G,Q,G,T,R,V,D,I,-,K
"K77_1F11","120","4","0","0","0","0","0","2",E,I,V,L,T,Q,S,P,G,T,L,S,L,S,P,G,E,R,A,T,L,S,C,R,A,S,Q,S,-,-,-,-,-,V,S,N,S,Y,L,A,W,Y,Q,Q,R,P,G,Q,A,P,R,L,L,F,Y,G,A,S,S,R,A,T,G,I,P,D,R,F,S,G,Y,G,-,-,S,G,T,D,F,T,L,T,I,S,R,L,E,P,E,D,F,A,V,Y,Y,C,H,H,Y,G,G,S,A,-,-,-,-,G,T,F,G,Q,G,T,K,V,E,I,-,K
"K77_1G04","120","0","0","0","0","0","0","2",S,Y,E,L,T,Q,P,P,S,-,V,S,V,S,P,G,Q,T,A,R,I,T,C,S,G,D,A,-,-,-,-,-,-,L,P,K,Q,Y,A,Y,W,Y,Q,Q,K,P,G,Q,A,P,V,M,V,I,Y,K,D,S,E,R,P,S,G,I,P,E,R,F,S,G,S,S,-,-,S,G,T,T,V,T,L,T,I,S,G,V,Q,A,E,D,E,A,D,Y,Y,C,Q,S,A,D,S,G,G,T,Y,-,-,Q,L,F,G,G,G,T,K,L,T,V,L,-
"K77_1G05","120","1","0","0","0","0","0","2",Q,S,A,L,T,Q,P,A,S,-,V,S,G,S,P,G,Q,S,I,T,I,S,C,T,G,T,S,G,D,V,-,-,-,G,N,Y,D,L,V,S,W,Y,Q,H,H,P,G,K,A,P,K,L,M,I,Y,E,G,S,E,R,P,S,G,V,S,N,R,F,S,G,S,K,-,-,S,G,N,T,A,S,L,T,I,S,G,L,Q,A,E,D,E,A,D,Y,Y,C,C,S,Y,A,R,G,G,T,-,-,-,G,V,F,G,T,G,T,K,V,T,V,L,-
"K77_1G08","120","1","0","0","0","0","1","0",Q,S,A,L,T,Q,P,P,S,-,V,S,A,A,P,G,Q,R,V,T,I,S,C,S,G,S,R,S,N,-,-,-,-,I,G,N,Y,Y,V,S,W,Y,Q,Q,F,P,G,T,A,P,K,L,L,I,Y,D,N,D,K,R,P,S,G,I,P,D,R,F,S,G,S,K,-,-,S,G,T,S,A,T,L,G,I,T,G,L,Q,T,G,D,E,A,D,Y,Y,C,G,T,W,D,S,S,L,S,A,H,-,V,I,F,G,G,G,T,K,L,T,V,L,-
"K77_2A03","120","4","0","0","0","0","0","1",D,I,V,M,T,Q,S,P,D,S,L,A,V,S,L,G,E,R,A,T,I,N,C,K,S,S,Q,S,I,L,F,S,S,Y,N,K,N,H,L,A,W,Y,Q,Q,K,P,G,Q,P,P,K,L,L,I,Y,W,A,S,T,R,E,S,G,V,P,D,R,F,S,G,S,G,-,-,S,G,T,D,F,T,L,T,I,S,S,L,Q,A,E,D,V,A,V,Y,F,C,Q,Q,Y,Y,S,P,P,S,-,-,-,F,T,F,G,Q,G,T,K,L,E,I,-,K
"K77_2A04","120","4","0","0","0","0","0","4",D,V,V,M,T,Q,S,P,L,S,L,P,V,T,L,G,Q,A,A,S,I,S,C,R,S,G,Q,S,L,V,H,T,-,D,G,N,T,Y,L,N,W,F,Q,Q,R,P,G,Q,S,P,R,R,L,I,Y,Q,V,S,N,R,D,S,G,V,P,D,R,F,S,G,S,G,-,-,S,G,T,D,F,T,L,K,I,S,R,V,E,A,E,D,V,A,V,Y,Y,C,M,Q,G,T,H,W,P,-,-,-,-,P,T,F,G,Q,G,T,K,V,E,V,-,K
"K77_2A05","120","0","0","0","0","0","0","2",Q,S,A,L,T,Q,P,A,S,-,V,S,G,S,P,G,Q,S,I,T,I,S,C,T,G,A,T,S,D,V,-,-,-,G,N,Y,N,L,V,S,W,Y,Q,H,H,P,G,K,V,P,K,L,I,L,Y,E,V,T,E,R,P,S,G,V,S,N,R,F,S,G,S,K,-,-,S,G,N,T,A,S,L,T,I,S,G,L,Q,A,E,D,E,A,D,Y,Y,C,C,S,Y,A,T,G,G,I,-,-,-,F,L,F,G,T,G,T,K,V,T,V,L,-
"K77_2A09","120","6","0","0","0","0","0","4",D,V,V,M,T,Q,S,P,L,S,L,P,V,T,L,G,Q,P,A,S,I,S,C,R,S,S,Q,S,L,V,D,S,-,Y,G,D,T,Y,L,N,W,F,Q,Q,R,P,G,Q,S,P,R,R,L,I,Y,K,V,S,N,R,D,S,G,V,P,D,R,F,S,G,S,G,-,-,S,G,T,D,F,T,L,K,I,S,R,V,E,A,D,D,V,G,V,Y,Y,C,M,Q,G,T,H,W,P,-,-,-,-,L,T,F,G,G,G,T,K,V,E,I,-,K
"K77_2A10","120","3","0","1","0","0","0","2",D,I,Q,L,T,Q,S,P,S,F,L,S,A,S,V,G,D,R,V,T,I,T,C,R,A,S,Q,-,-,-,-,-,-,D,I,S,S,Y,V,A,W,Y,Q,Q,K,P,G,K,A,P,K,L,L,I,Y,A,T,S,T,L,Q,S,G,V,P,S,R,F,S,G,G,G,-,-,S,G,T,E,F,T,L,T,I,R,G,L,Q,P,E,D,F,A,T,Y,Y,C,Q,Q,L,N,I,Y,P,P,-,-,-,V,T,F,G,Q,G,T,K,L,E,I,-,K
"K77_2B03","120","5","0","0","0","0","0","4",D,V,V,M,T,Q,S,P,L,S,L,P,V,T,L,G,Q,P,A,S,I,S,C,R,S,T,Q,S,L,V,F,S,-,D,G,D,T,Y,L,N,W,F,Q,Q,R,P,G,Q,S,P,R,R,L,I,Y,K,V,S,N,R,D,S,G,V,P,D,R,F,S,G,S,G,-,-,S,G,T,D,F,T,L,R,I,S,R,V,E,A,D,D,V,G,V,Y,Y,C,M,Q,G,T,H,W,P,-,-,-,-,L,T,F,G,G,G,T,K,V,E,I,-,K
"K77_2B11","120","4","0","0","0","0","0","1",D,I,V,M,T,Q,S,P,D,S,L,A,V,S,L,G,E,R,A,T,I,N,C,K,S,S,Q,S,I,L,Y,S,S,I,N,K,N,Y,L,A,W,Y,Q,Q,K,P,G,Q,P,P,K,L,L,I,Y,W,A,S,T,R,E,S,G,V,P,D,R,F,S,G,S,G,-,-,S,G,T,D,F,T,L,T,I,S,S,L,Q,A,E,D,V,A,V,Y,Y,C,Q,Q,Y,Y,G,T,P,-,-,-,-,P,T,F,G,Q,G,T,K,L,E,I,-,K
"K77_2C09","120","4","0","0","0","0","0","3",D,I,V,M,T,Q,S,P,L,S,L,P,V,T,P,G,E,P,A,S,I,S,C,R,S,S,Q,S,L,L,H,S,-,D,G,H,N,C,L,G,W,Y,L,R,K,P,G,Q,P,P,Q,L,L,I,Y,L,G,S,F,R,A,S,G,V,P,D,R,F,S,G,S,G,-,-,S,G,T,D,F,T,L,K,I,S,R,V,E,A,E,D,V,G,V,Y,Y,C,M,Q,T,L,Q,T,P,-,-,-,-,L,T,F,G,G,G,T,K,V,E,I,-,K
"K77_2D01","120","5","0","0","0","0","0","2",E,I,V,L,T,Q,S,P,G,T,L,S,L,S,P,G,E,R,A,T,L,S,C,R,A,S,Q,S,-,-,-,-,-,V,S,D,S,Y,L,A,W,Y,Q,H,K,P,G,Q,A,P,R,L,L,M,Y,G,A,S,S,R,A,T,G,I,P,E,R,F,S,G,S,G,-,-,S,G,T,D,F,T,L,T,I,S,R,L,E,P,E,D,F,A,V,Y,Y,C,H,R,H,G,-,-,-,-,-,-,-,G,V,F,G,G,G,T,K,V,E,I,-,K
"K77_2D02","120","2","0","0","0","0","0","1",Q,S,A,L,T,Q,P,A,S,-,V,S,G,S,P,G,Q,S,I,T,I,S,C,T,G,T,S,S,D,V,-,-,-,G,I,Y,D,L,V,S,W,Y,Q,Q,H,P,G,K,A,P,K,L,M,I,Y,E,V,N,E,R,P,S,G,V,S,N,R,F,S,G,S,K,-,-,S,G,N,T,A,S,L,T,I,S,G,L,Q,T,E,D,E,A,D,Y,Y,C,C,S,Y,A,G,S,D,T,-,-,-,W,V,F,G,G,G,T,K,L,T,V,L,-
"K77_2D08","120","0","0","0","0","0","1","2",Q,S,A,L,T,Q,P,A,S,-,V,S,G,S,P,G,Q,S,I,T,I,S,C,T,G,G,S,F,D,V,-,-,-,G,G,Y,N,Y,I,S,W,Y,Q,Q,H,P,G,K,A,P,R,L,I,I,Y,G,V,T,K,R,P,S,G,V,S,T,R,F,S,A,S,K,-,-,S,G,A,T,A,S,L,T,I,S,G,L,Q,A,E,D,E,A,E,Y,H,C,S,S,Y,T,A,S,T,T,-,-,-,W,V,F,G,G,G,T,K,L,T,V,L,-
"K77_2E05","120","4","0","0","0","0","0","2",E,I,V,L,T,Q,S,P,G,T,L,S,L,S,P,G,E,R,A,T,L,S,C,R,A,S,Q,S,-,-,-,-,-,V,S,S,S,Y,L,A,W,Y,Q,Q,K,P,G,Q,A,P,R,L,L,I,Y,G,A,S,S,R,A,T,G,V,P,D,R,F,S,G,S,G,-,-,S,G,T,D,F,I,L,T,I,S,R,L,E,P,E,D,F,A,V,Y,Y,C,Q,Q,Y,G,F,S,G,-,-,-,-,T,T,F,G,Q,G,T,R,L,E,I,-,K
"K77_2E07","120","4","0","0","0","0","0","2",E,I,V,L,T,Q,S,P,G,T,L,S,L,S,P,G,E,R,A,T,L,S,C,R,A,S,R,S,-,-,-,-,-,I,S,S,S,Y,L,A,W,Y,Q,Q,R,P,G,Q,A,P,R,L,L,I,Y,G,A,S,S,R,A,T,G,I,P,D,R,F,S,G,S,G,-,-,S,G,T,D,F,T,L,T,I,S,T,L,E,P,E,D,F,A,V,Y,Y,C,Q,H,Y,G,S,S,P,P,-,-,-,V,L,F,G,P,G,T,K,V,D,I,-,K
"K77_2F01","120","1","0","0","0","0","0","2",Q,S,A,L,T,Q,P,A,S,-,V,S,G,S,P,G,Q,S,I,T,I,S,C,T,G,T,S,S,D,V,-,-,-,G,G,Y,D,Y,V,S,W,Y,Q,Q,H,P,G,K,A,P,K,V,I,I,Y,D,V,S,Y,R,P,S,G,V,S,N,R,F,S,G,S,K,-,-,S,G,N,M,A,S,L,T,I,S,G,L,Q,A,E,D,E,A,D,Y,Y,C,S,S,Y,T,T,T,F,T,-,-,-,L,L,F,G,G,G,T,K,V,T,V,L,-
"K77_2F02","120","3","0","0","0","0","0","3",D,I,V,M,T,Q,T,P,L,S,L,S,V,T,P,G,Q,P,A,S,I,S,C,K,S,S,H,S,L,L,H,S,-,D,G,K,T,Y,L,Y,W,Y,L,Q,K,P,G,Q,S,P,H,L,L,I,Y,E,V,S,S,R,F,S,G,V,P,D,R,F,S,G,S,G,-,-,S,G,T,D,F,T,L,K,I,S,R,V,E,A,E,D,V,G,V,Y,Y,C,M,Q,G,M,H,V,P,R,-,-,-,L,T,F,G,G,G,T,K,V,E,I,-,K
"K77_2F06","120","4","0","0","0","0","0","3",E,I,V,L,T,Q,S,P,G,T,L,S,L,S,P,G,E,R,A,T,L,S,C,R,A,S,Q,S,-,-,-,-,-,V,S,S,R,Y,L,A,W,Y,Q,Q,K,P,G,Q,A,P,R,L,L,I,Y,G,A,S,S,R,A,T,G,I,P,D,R,F,S,G,S,G,-,-,S,G,T,D,F,T,L,T,I,S,R,L,E,P,E,D,F,A,V,Y,Y,C,Q,Q,Y,G,S,S,P,-,-,-,-,H,T,F,G,Q,G,T,K,V,E,I,-,K
"K77_2F07","120","4","0","0","0","0","0","1",D,I,V,M,T,Q,S,P,D,S,L,A,V,S,L,G,E,R,A,T,I,N,C,K,S,S,Q,S,V,L,Y,S,S,I,N,K,N,Y,L,A,W,Y,Q,Q,K,P,G,Q,P,P,K,L,L,I,Y,W,A,S,T,R,E,S,G,V,P,D,R,F,S,G,S,G,-,-,S,G,T,D,F,T,L,T,V,S,S,L,Q,A,E,D,V,A,V,Y,Y,C,Q,Q,Y,Y,N,S,P,-,-,-,-,P,T,F,G,R,G,T,K,L,E,I,-,K
"K77_2F08","120","1","0","0","0","0","0","2",Q,S,A,L,T,Q,P,A,S,-,V,S,G,S,P,G,Q,S,I,T,I,S,C,T,G,T,G,S,D,V,-,-,-,G,I,Y,N,L,V,S,W,Y,Q,H,H,P,G,K,A,P,K,F,M,I,Y,E,V,S,E,R,P,S,G,V,S,S,R,F,S,G,S,K,-,-,S,G,N,T,A,S,L,T,I,S,G,L,Q,A,E,D,E,A,N,Y,Y,C,C,S,Y,A,G,S,N,T,-,-,-,W,V,F,G,G,G,T,K,L,T,V,L,-
"K77_2G04","120","4","0","0","0","0","0","0",D,I,Q,M,T,Q,S,P,S,S,L,S,A,S,V,G,D,R,V,T,I,S,C,Q,A,S,Q,-,-,-,-,-,-,D,I,N,K,Y,L,S,W,Y,Q,Q,K,P,G,K,A,P,K,L,L,I,Y,D,A,S,N,L,E,T,G,V,P,S,R,F,S,G,S,G,-,-,S,G,T,E,F,T,L,T,I,S,S,L,Q,P,A,D,I,A,T,Y,Y,C,Q,Q,Y,D,N,V,P,-,-,-,-,V,T,F,G,R,G,T,N,L,E,I,-,K
"K77_2G05","120","4","0","0","0","0","0","2",D,I,V,M,T,Q,S,P,D,S,L,A,V,S,L,G,E,R,A,T,I,N,C,K,S,N,R,S,I,L,F,S,S,N,N,K,N,Y,L,A,W,Y,Q,Q,K,P,G,Q,P,P,K,L,L,I,Y,W,A,S,T,R,E,S,G,V,P,D,R,F,S,G,S,G,-,-,S,G,T,D,F,T,L,T,I,S,R,L,Q,A,E,D,V,A,V,Y,Y,C,Q,Q,Y,Y,G,T,P,-,-,-,-,L,T,F,G,G,G,T,K,V,E,I,-,K
"K77_2G06","120","1","0","0","0","0","0","2",Q,S,A,L,T,Q,P,A,S,-,V,S,G,S,P,G,Q,S,I,T,I,S,C,T,G,T,S,T,D,V,-,-,-,G,T,F,N,Y,V,S,W,Y,Q,Q,H,P,G,K,A,P,K,L,M,I,Y,D,V,S,E,R,P,S,G,I,S,I,R,F,S,G,S,K,-,-,S,G,N,T,A,S,L,T,I,S,G,L,Q,A,E,D,E,A,D,Y,Y,C,S,S,Y,T,S,T,T,T,-,-,-,W,V,F,G,G,G,T,K,V,T,V,L,-
"K77_2G11","120","3","0","0","0","0","0","1",D,I,Q,M,T,Q,S,P,S,S,V,S,A,S,V,G,D,R,V,T,I,T,C,R,A,S,Q,-,-,-,-,-,-,D,I,A,T,W,L,A,W,Y,Q,Q,K,P,V,G,P,P,K,L,L,I,H,G,A,S,T,L,G,S,G,V,P,S,R,F,S,G,S,G,-,-,S,G,T,D,F,T,L,T,I,S,G,L,Q,P,G,D,F,A,T,Y,F,C,Q,Q,A,Y,S,L,P,-,-,-,-,I,T,F,G,Q,G,T,R,L,E,I,-,K
"K77_2H01","120","3","0","0","0","0","0","2",E,I,V,L,T,Q,S,P,G,T,L,S,L,S,P,G,E,R,A,T,L,S,C,R,A,S,Q,S,-,-,-,-,-,V,A,S,S,S,L,A,W,Y,Q,Q,K,P,G,Q,A,P,R,L,L,I,Y,S,T,S,N,R,A,T,G,I,P,G,R,F,S,G,S,G,-,-,S,G,T,D,F,I,L,T,V,N,R,L,E,P,E,D,F,A,V,Y,Y,C,Q,H,N,D,S,S,P,A,-,-,-,W,S,F,G,Q,G,T,K,V,E,I,-,K
"K77_2H03","120","4","0","0","0","0","0","2",E,I,V,L,T,Q,S,P,G,T,L,S,L,S,P,G,E,R,A,T,L,S,C,R,A,S,Q,S,-,-,-,-,-,V,S,S,S,Y,L,A,W,Y,Q,Q,K,P,G,Q,A,P,R,L,L,I,Y,G,A,S,S,R,A,T,G,I,R,D,R,F,S,G,Y,G,-,-,S,G,T,D,F,T,L,T,I,S,R,L,E,P,E,D,C,A,V,Y,Y,C,Q,Q,Y,G,R,Y,-,-,-,-,-,G,T,F,G,Q,G,T,K,V,E,I,-,K
"K77_2H08","120","3","0","0","0","0","0","1",D,I,Q,M,T,Q,S,P,S,T,L,S,A,S,V,G,D,R,V,T,I,T,C,R,A,S,E,-,-,-,-,-,-,S,I,G,A,W,V,T,W,Y,Q,Q,K,P,G,K,A,P,N,L,L,I,Y,K,A,S,T,L,Q,T,G,V,P,S,R,F,S,G,G,G,-,-,S,G,T,D,F,T,L,T,I,S,S,L,Q,P,D,D,F,A,T,Y,Y,C,Q,Q,Y,F,R,D,-,-,-,-,-,V,T,F,G,Q,G,T,K,V,E,I,-,K
"R95_1A03","120","2","0","0","0","0","0","2",S,Y,E,L,T,Q,P,P,S,-,V,S,V,A,P,G,Q,T,A,R,I,T,C,G,G,N,N,-,-,-,-,-,-,I,G,S,K,S,V,H,W,Y,Q,Q,K,P,G,Q,A,P,V,L,V,V,Y,D,D,S,D,R,P,S,G,I,P,E,R,F,S,G,S,N,-,-,S,G,N,T,A,T,L,T,I,S,R,V,E,A,G,D,E,A,D,Y,Y,C,Q,V,W,D,S,F,S,D,-,-,-,V,V,F,G,G,G,T,K,L,T,V,L,-
"R95_1A04","120","1","0","0","0","0","0","2",S,Y,E,L,T,Q,P,P,S,-,V,S,V,A,P,G,Q,T,A,R,I,T,C,G,G,D,N,-,-,-,-,-,-,I,E,S,K,S,V,H,W,Y,Q,Q,K,P,G,Q,A,P,A,L,V,V,Y,D,D,S,D,R,P,S,G,I,P,E,R,Y,S,G,S,N,-,-,S,G,N,T,A,T,L,T,I,S,R,V,E,A,G,D,E,A,D,Y,Y,C,Q,V,W,D,G,S,G,D,Q,A,L,V,L,F,G,G,G,T,K,L,T,V,L,-
"R95_1A10","120","1","0","0","0","0","1","2",Q,S,A,L,T,Q,P,A,S,-,E,S,G,S,L,G,Q,S,I,T,I,S,C,T,G,T,S,G,D,V,-,-,-,G,G,Y,N,R,V,S,W,Y,Q,Q,H,P,G,K,A,P,R,L,V,I,Y,E,G,S,K,R,P,S,G,V,S,S,R,F,S,G,S,K,-,-,S,G,N,T,A,S,L,T,I,T,G,L,Q,A,E,D,E,A,E,Y,F,C,S,S,Y,A,G,S,I,T,-,-,-,F,V,F,G,T,G,T,K,V,N,V,L,-
"R95_1B02","120","2","0","0","0","0","0","1",Q,S,A,L,T,Q,P,R,S,-,V,S,G,S,P,G,Q,S,V,T,I,S,C,T,G,T,A,S,D,V,-,-,-,G,A,Y,D,F,V,S,W,Y,R,Q,H,P,G,K,A,P,K,L,I,I,Y,D,V,S,Q,R,P,S,G,V,P,D,R,F,S,G,S,K,-,-,S,G,N,T,A,S,L,T,I,S,G,L,Q,A,D,D,E,G,D,Y,H,C,C,S,Y,T,G,T,D,T,S,-,-,G,V,F,G,G,G,T,K,L,T,V,L,-
"R95_1B07","120","0","0","0","0","0","0","0",Q,A,V,V,T,Q,E,P,S,-,F,S,V,S,P,G,G,T,V,T,L,T,C,G,L,S,S,G,S,V,-,-,-,S,T,N,N,Y,P,S,W,Y,Q,Q,T,P,G,Q,A,P,R,T,L,I,Y,S,T,N,T,R,S,S,G,V,P,D,R,F,S,G,S,I,-,-,L,G,T,R,A,A,L,T,V,T,G,A,Q,A,E,D,E,S,D,Y,Y,C,M,L,Y,L,G,S,G,S,-,-,-,W,V,F,G,G,G,T,K,L,T,V,L,-
"R95_1C09","120","4","0","0","0","0","0","2",E,I,V,L,T,Q,S,P,G,T,L,S,L,S,P,G,E,R,A,T,L,S,C,R,A,S,Q,H,-,-,-,-,-,V,S,S,S,Y,L,A,W,Y,Q,Q,K,P,G,Q,A,P,R,L,L,I,Y,D,A,S,S,R,A,T,G,I,P,D,R,F,S,G,S,G,-,-,S,G,T,D,F,T,L,T,I,S,R,L,E,P,E,D,F,A,V,Y,Y,C,Q,Q,Y,G,S,S,H,G,-,-,-,W,T,F,G,Q,G,T,K,V,E,V,-,K
"R95_1C11","120","0","0","0","0","0","0","1",S,Y,E,L,T,Q,P,P,S,-,V,S,V,S,P,G,Q,T,A,S,I,T,C,S,G,N,K,-,-,-,-,-,-,L,G,D,K,F,V,C,W,F,Q,Q,K,P,G,Q,S,P,V,V,V,I,Y,Q,D,T,M,R,P,S,G,I,P,E,R,F,S,G,S,N,-,-,S,G,N,T,A,T,L,T,I,S,G,T,Q,A,M,D,E,G,D,Y,Y,C,Q,V,W,D,S,S,T,-,-,-,-,V,V,F,G,G,G,T,K,L,T,V,L,-
"R95_1D02","120","2","0","0","0","0","0","1",D,I,Q,M,T,Q,S,P,S,S,L,S,A,S,V,G,D,T,V,T,I,T,C,R,A,S,Q,-,-,-,-,-,-,S,I,N,F,Y,L,N,W,Y,Q,Q,K,P,G,R,A,P,N,L,L,I,S,S,A,S,I,L,Q,S,G,V,P,S,R,F,S,G,S,G,-,-,S,G,T,G,F,T,L,T,I,S,S,L,Q,P,E,D,F,A,T,Y,F,C,Q,Q,S,Y,S,S,P,-,-,-,-,Y,T,F,G,Q,G,T,K,L,E,T,-,K
"R95_1D06","120","2","0","0","0","0","0","2",S,Y,E,L,T,Q,P,P,S,-,V,S,V,A,P,G,Q,T,A,R,I,P,C,G,G,N,N,-,-,-,-,-,-,I,G,S,R,P,V,N,W,Y,Q,Q,K,P,G,Q,A,P,V,L,V,V,Y,D,D,N,D,R,P,S,G,I,P,E,R,F,S,G,S,N,-,-,S,G,N,T,A,T,L,T,I,S,R,V,E,A,A,D,E,A,D,F,Y,C,Q,V,W,D,S,S,R,D,Q,-,-,S,V,L,G,G,G,T,K,L,T,V,L,-
"R95_1D11","120","0","0","0","0","0","0","1",S,Y,E,L,T,Q,P,P,S,-,V,S,V,S,P,G,Q,T,A,S,I,T,C,S,G,N,K,-,-,-,-,-,-,L,G,D,K,F,V,C,W,F,Q,Q,K,P,G,Q,S,P,V,V,V,I,Y,Q,D,T,M,R,P,S,G,I,P,E,R,F,S,G,S,N,-,-,S,G,N,T,A,T,L,T,I,S,G,T,Q,A,M,D,E,G,D,Y,Y,C,Q,V,W,D,S,S,T,-,-,-,-,V,V,F,G,G,G,T,K,L,T,V,L,-
"R95_1E01","120","3","0","0","0","0","0","1",D,I,Q,M,T,Q,S,P,S,S,L,S,A,S,V,G,D,R,V,T,I,T,C,R,A,S,H,-,-,-,-,-,-,N,I,T,N,F,L,N,W,Y,Q,Q,K,P,G,K,A,P,K,L,L,I,Y,G,T,S,S,L,Q,S,G,V,P,S,R,F,S,G,S,G,-,-,S,G,T,D,F,T,L,A,I,S,S,L,H,P,E,D,F,A,T,Y,Y,C,Q,Q,S,Y,S,I,H,P,-,-,-,Y,T,F,G,Q,G,T,K,L,D,I,-,K
"R95_1E04","120","4","0","0","0","0","0","1",D,I,V,M,T,Q,S,P,D,S,L,A,V,S,L,G,E,R,A,T,I,N,C,K,S,S,Q,S,L,F,Y,N,S,N,N,K,N,Y,F,A,W,Y,Q,Q,K,P,G,Q,P,P,K,L,L,I,Y,W,A,S,T,R,E,S,G,V,P,D,R,F,S,G,S,G,-,-,S,G,T,D,F,T,L,T,I,S,S,L,Q,A,E,D,V,A,V,Y,Y,C,Q,Q,Y,Y,T,T,P,-,-,-,-,L,T,F,G,G,G,T,K,V,E,I,-,K
"R95_1F02","120","4","0","0","0","0","0","2",E,I,V,L,T,Q,S,P,A,T,L,S,L,S,P,G,E,G,A,T,L,S,C,R,A,S,Q,-,-,-,-,-,-,S,V,S,S,Y,L,A,W,Y,Q,Q,K,P,G,Q,A,P,R,L,L,I,Y,D,A,S,N,R,A,T,G,I,P,A,R,F,S,G,S,G,-,-,S,G,T,D,F,T,L,T,I,S,S,L,E,P,E,D,F,A,V,Y,Y,C,Q,Q,R,R,N,W,P,-,-,-,-,L,T,F,G,G,G,T,K,V,E,I,-,K
"R95_1F03","120","3","0","0","0","0","0","1",D,I,Q,M,T,Q,S,P,S,S,L,S,A,S,V,G,D,R,V,T,I,T,C,R,A,S,Q,-,-,-,-,-,-,S,I,G,G,Y,L,N,W,Y,Q,Q,K,P,G,K,A,P,K,L,L,I,Y,A,A,S,T,L,Q,S,G,V,P,A,R,F,S,G,S,G,-,-,S,G,T,D,F,T,L,T,I,S,S,L,Q,P,E,D,F,A,T,Y,Y,C,Q,Q,S,Y,N,L,V,S,-,-,-,I,T,F,G,Q,G,T,R,L,D,I,-,K
"R95_1G06","120","2","0","0","0","0","0","2",S,Y,E,L,T,Q,P,P,S,-,V,S,V,A,P,G,Q,T,A,R,I,T,C,G,G,N,S,-,-,-,-,-,-,I,G,S,K,S,V,H,W,Y,Q,Q,K,P,G,Q,A,P,V,L,V,V,Y,D,D,S,D,R,P,S,G,I,P,E,R,F,S,G,S,N,-,-,S,G,D,T,A,T,L,T,I,S,R,V,E,A,G,D,E,A,D,Y,Y,C,Q,V,W,D,S,R,S,D,H,-,-,V,V,F,G,G,G,T,K,L,T,V,L,-
"R95_1G07","120","2","0","0","0","0","0","2",S,Y,E,L,T,Q,P,P,S,-,V,S,V,A,P,G,Q,T,A,R,I,T,C,G,G,N,N,-,-,-,-,-,-,I,G,S,K,S,V,N,W,Y,Q,Q,K,P,G,Q,A,P,V,L,V,V,Y,D,D,S,D,R,P,S,G,I,P,E,R,F,S,G,S,N,-,-,S,G,N,T,A,T,L,T,I,S,R,V,E,A,G,D,E,A,D,Y,H,C,Q,V,W,D,S,R,S,D,H,-,-,P,V,F,G,G,G,T,K,V,T,V,L,-
"R95_1G10","120","2","0","0","0","0","0","2",S,Y,E,L,T,Q,P,P,S,-,V,S,V,A,P,G,Q,T,A,R,V,T,C,G,G,D,N,-,-,-,-,-,-,I,G,S,K,S,V,H,W,Y,Q,Q,K,S,G,Q,A,P,V,L,V,V,Y,D,D,S,D,R,P,S,G,I,P,E,R,F,S,G,S,N,-,-,S,G,N,T,A,T,L,T,I,S,R,V,E,A,G,D,E,A,D,Y,Y,C,Q,V,W,D,S,S,T,D,H,-,-,W,V,F,G,G,G,T,K,L,T,V,L,-
"R95_1H04","120","0","0","0","0","0","1","1",S,Y,E,L,T,Q,P,P,S,-,V,S,V,S,P,G,Q,T,A,S,I,T,C,S,G,D,K,-,-,-,-,-,-,L,G,D,K,Y,A,C,W,Y,Q,Q,K,P,G,Q,S,P,L,L,V,I,Y,Q,D,T,K,R,P,S,G,V,P,E,R,F,S,G,S,N,-,-,S,G,N,T,A,T,L,T,I,N,G,T,Q,A,M,D,E,A,D,Y,Y,C,Q,A,W,D,I,T,T,H,-,-,-,V,A,F,G,G,G,T,K,L,S,V,L,-
"R95_1H06","120","2","0","0","0","0","0","2",S,Y,E,L,T,Q,P,P,S,-,V,S,V,A,P,G,Q,T,A,R,I,S,C,G,G,D,N,-,-,-,-,-,-,I,G,S,K,N,V,H,W,Y,Q,Q,K,P,G,R,A,P,V,L,V,V,Y,D,D,T,D,R,P,S,G,I,P,D,R,F,S,G,S,N,-,-,S,G,D,T,A,T,L,T,I,T,R,L,E,A,G,D,E,A,D,Y,Y,C,H,V,W,D,S,T,G,D,H,Q,-,G,V,F,G,G,G,T,K,L,T,V,L,-
"R95_1H10","120","2","0","0","0","0","0","2",E,I,V,M,T,Q,S,P,A,T,L,S,V,S,P,G,G,R,A,T,L,S,C,R,A,S,Q,-,-,-,-,-,-,S,V,S,S,N,L,A,W,Y,Q,Q,K,P,G,Q,P,P,R,L,L,M,Y,G,A,S,T,R,A,T,G,I,P,A,R,F,S,G,S,G,-,-,S,G,T,E,F,T,L,T,I,S,S,L,Q,S,E,D,V,A,V,Y,Y,C,Q,Q,Y,N,N,W,P,S,-,-,-,I,T,F,G,Q,G,T,R,L,E,I,-,K
"R95_2A04","120","1","0","0","1","0","1","0",S,Y,E,L,T,Q,P,P,S,-,V,S,V,S,P,G,Q,T,A,S,I,T,C,S,G,D,E,-,-,-,-,-,-,L,G,K,K,Y,A,C,W,Y,Q,Q,K,P,G,Q,S,P,A,M,V,I,Y,G,D,N,K,R,P,S,G,I,P,E,R,F,S,G,S,N,-,-,S,G,D,T,A,T,L,T,I,S,G,T,Q,A,V,D,E,A,G,Y,Y,C,Q,T,W,D,S,R,T,-,-,-,-,A,V,F,G,T,G,T,K,V,T,V,L,-
"R95_2A05","120","3","0","0","0","0","0","2",E,I,V,M,T,Q,S,P,A,T,L,S,V,S,P,G,E,R,A,T,L,S,C,R,A,S,Q,-,-,-,-,-,-,G,V,S,S,D,V,V,W,Y,Q,Q,K,P,G,Q,A,P,R,P,L,I,Y,G,A,S,T,R,A,T,G,V,P,G,R,F,T,A,S,Q,-,-,S,G,T,E,F,T,L,T,I,S,S,L,Q,S,E,D,F,A,V,Y,Y,C,Q,Q,Y,N,K,W,P,-,-,-,-,L,T,F,G,G,G,T,R,V,E,L,-,K
"R95_2A07","120","0","0","0","0","0","0","0",Q,S,A,L,T,Q,P,P,S,-,V,S,G,A,P,G,Q,R,V,T,I,S,C,T,G,S,S,S,N,I,-,-,-,G,A,G,F,E,V,H,W,Y,Q,Q,L,P,G,S,A,P,K,L,L,I,S,G,S,G,A,R,P,S,G,V,P,D,R,F,S,A,S,K,-,-,S,A,T,S,A,S,L,A,I,T,G,L,Q,A,E,D,E,A,D,Y,Y,C,Q,S,Y,D,S,T,L,S,G,-,-,V,L,F,G,G,G,T,K,L,T,V,L,-
"R95_2B02","120","1","0","0","0","0","1","3",Q,S,A,L,T,Q,P,A,S,-,V,S,G,S,P,G,Q,S,I,T,I,S,C,S,G,T,S,S,D,V,-,-,-,G,S,Y,N,L,V,S,W,Y,Q,Q,H,P,G,K,T,P,K,L,M,I,Y,D,V,S,K,R,P,S,G,V,S,N,R,F,S,G,S,K,-,-,S,G,S,T,A,S,L,T,V,S,G,L,Q,A,E,D,E,A,D,Y,Y,C,Y,S,Y,A,G,S,R,A,-,-,-,W,V,F,G,G,G,T,K,L,T,V,L,-
"R95_2B05","120","2","0","0","0","0","0","2",S,Y,E,L,T,Q,P,P,S,-,V,S,V,A,P,G,Q,T,A,R,I,T,C,G,G,N,N,-,-,-,-,-,-,I,G,S,K,S,V,H,W,Y,Q,Q,K,P,G,Q,A,P,I,L,V,V,Y,D,D,S,D,R,P,S,G,I,P,E,R,F,S,G,S,N,-,-,S,G,N,T,A,T,L,T,I,S,R,V,E,A,G,D,E,A,D,Y,Y,C,Q,V,W,D,S,S,S,D,H,-,-,V,V,F,G,G,G,T,K,L,T,V,-,I
"R95_2C07","120","3","0","0","0","0","0","1",D,I,Q,M,T,Q,S,P,S,S,L,S,A,S,V,G,D,R,V,T,I,T,C,R,A,S,Q,-,-,-,-,-,-,G,I,R,D,D,L,G,W,Y,Q,Q,K,P,G,K,A,P,K,R,L,I,Y,A,A,S,S,L,Q,S,G,V,P,S,R,F,S,G,S,G,-,-,S,G,T,E,F,T,L,T,I,S,S,L,Q,P,E,D,F,A,T,Y,Y,C,L,Q,H,N,S,Y,P,-,-,-,-,R,T,F,G,Q,G,T,K,V,E,I,-,K
"R95_2C10","120","1","0","0","0","0","1","0",Q,S,V,L,T,Q,P,P,S,-,V,S,A,A,P,G,Q,K,V,T,I,S,C,S,G,S,S,S,N,-,-,-,-,I,G,N,N,H,V,S,W,F,Q,Q,L,P,G,T,A,P,K,L,L,I,Y,D,N,D,K,R,P,S,G,I,P,D,R,F,S,G,S,K,-,-,S,G,T,S,A,T,L,G,I,T,G,L,Q,T,G,D,E,A,D,Y,Y,C,E,T,W,D,S,S,L,S,G,G,G,V,V,F,G,G,G,T,R,L,T,V,-,I
"R95_2E02","120","1","0","0","0","0","0","0",Q,S,V,L,T,Q,P,P,A,-,A,S,G,T,P,G,Q,T,V,N,I,T,C,S,G,S,P,S,N,-,-,-,-,I,G,S,E,T,V,N,W,Y,Q,R,L,P,G,T,A,P,K,L,L,I,Y,S,S,N,Q,R,P,S,G,V,P,D,R,F,S,G,S,K,-,-,Y,G,T,S,A,S,L,V,I,S,G,L,Q,S,E,D,E,G,D,Y,Y,C,A,V,W,D,E,S,R,N,G,F,-,Y,V,F,G,T,G,T,K,V,T,V,L,-
"R95_2E07","120","4","0","0","0","0","0","1",D,I,Q,M,T,Q,S,P,S,T,L,S,A,S,V,G,D,K,V,T,I,T,C,R,A,S,Q,-,-,-,-,-,-,S,I,N,R,W,L,A,W,Y,Q,Q,K,P,G,K,A,P,K,L,L,I,Y,R,A,S,S,L,E,S,G,V,P,S,R,F,S,G,S,G,-,-,S,G,T,E,F,T,L,T,I,S,S,L,Q,P,D,D,F,A,T,Y,F,C,Q,H,Y,E,G,Y,S,-,-,-,-,W,T,F,G,Q,G,T,K,V,D,I,-,K
"R95_2E11","120","1","0","0","0","0","0","2",S,Y,E,L,T,Q,P,P,S,-,V,S,V,A,P,G,Q,T,A,R,I,T,C,G,G,N,N,-,-,-,-,-,-,I,G,S,K,S,V,H,W,Y,Q,Q,K,P,G,Q,A,P,V,L,V,V,Y,D,D,S,D,R,P,S,G,I,P,E,R,F,S,G,S,N,-,-,S,G,N,T,A,T,L,T,I,S,R,V,E,A,G,D,E,A,D,Y,Y,C,Q,V,W,D,G,S,S,D,H,R,-,Y,V,F,G,T,G,T,K,V,T,V,L,-
"R95_2E12","120","0","0","0","0","0","1","0",Q,S,A,L,T,Q,P,R,S,-,V,S,G,S,P,G,Q,S,V,T,I,S,C,T,G,T,G,S,R,V,-,-,-,G,G,Y,H,Y,V,S,W,Y,Q,Q,H,P,G,K,A,P,K,L,M,I,Y,E,V,N,K,R,P,S,G,V,P,D,R,F,S,G,S,Q,-,-,S,G,N,T,A,S,L,T,I,S,G,L,Q,A,E,D,E,A,D,Y,Y,C,C,S,Y,A,G,S,F,-,-,-,-,L,L,F,G,G,G,T,K,L,S,V,L,-
"R95_2F01","120","3","0","0","0","0","0","3",D,I,V,M,T,Q,S,P,L,S,L,P,V,T,P,G,E,P,A,S,I,S,C,R,S,S,Q,S,L,V,H,S,-,N,G,H,N,Y,L,D,W,Y,L,Q,K,P,G,Q,S,P,Q,L,L,I,Y,L,S,S,S,R,A,S,G,V,P,D,R,F,S,G,S,G,-,-,S,G,T,D,F,T,L,K,I,N,R,V,E,A,E,D,V,G,V,Y,F,C,M,Q,A,L,Q,A,P,-,-,-,-,Y,T,F,G,Q,G,T,R,L,E,I,-,K
"R95_2F07","120","0","0","0","0","0","0","1",Q,S,V,L,T,Q,P,P,S,-,V,S,G,A,P,G,Q,R,V,T,I,S,C,T,G,S,S,S,N,I,-,-,-,G,A,G,Y,D,V,H,W,Y,Q,Q,L,P,G,T,A,P,K,L,L,I,Y,G,N,T,N,R,P,S,G,V,P,D,R,F,S,G,S,Q,-,-,S,G,T,S,A,S,L,A,I,T,G,L,Q,A,E,D,E,A,D,Y,Y,C,Q,S,Y,D,S,S,L,S,G,-,-,S,L,F,G,G,G,T,K,L,T,V,L,-
"R95_2G09","120","3","0","0","0","0","0","3",D,I,V,M,T,Q,S,P,L,S,L,P,V,T,P,G,E,P,A,S,I,S,C,R,S,S,Q,S,L,L,H,S,-,N,G,Y,N,Y,L,D,W,Y,L,Q,K,P,G,Q,S,P,Q,L,L,I,Y,L,G,S,S,R,A,S,G,V,P,D,R,F,S,G,S,G,-,-,S,G,T,D,F,T,L,K,I,R,R,V,E,A,D,D,V,G,V,Y,Y,C,M,Q,A,L,Q,T,P,-,-,-,-,H,T,F,G,Q,G,T,K,L,E,I,-,K
"R95_2G10","120","1","0","0","0","0","0","2",S,Y,E,L,T,Q,P,P,S,-,V,S,V,A,P,G,Q,T,A,R,I,T,C,G,G,N,N,-,-,-,-,-,-,I,G,S,K,N,V,H,W,Y,Q,Q,K,P,G,Q,A,P,V,L,V,V,H,D,D,S,D,R,P,S,G,I,P,E,R,F,S,G,S,N,-,-,S,G,N,T,A,T,L,T,I,S,R,V,E,A,G,D,E,A,D,Y,Y,C,Q,V,W,D,R,H,S,D,H,F,-,W,V,F,G,G,G,T,K,L,T,V,L,-
"R95_2G12","120","3","0","0","0","0","0","1",D,I,Q,M,T,Q,S,P,S,S,L,S,A,S,V,G,D,R,V,T,I,T,C,R,A,S,Q,-,-,-,-,-,-,S,I,I,S,Y,L,N,W,Y,Q,Q,K,P,G,K,A,P,K,L,L,I,Y,D,A,S,I,L,Q,G,G,V,P,S,R,F,S,G,S,G,-,-,S,G,T,D,F,T,L,T,I,S,G,V,Q,P,E,D,F,A,T,Y,Y,C,Q,Q,S,Y,S,A,P,-,-,-,-,V,S,F,G,Q,G,T,K,L,D,I,-,K
"R95_2H06","120","3","0","0","0","0","0","1",D,I,Q,M,T,Q,S,P,S,S,L,S,A,S,V,G,D,R,V,N,I,T,C,R,A,S,Q,-,-,-,-,-,-,S,I,I,F,Y,L,N,W,Y,Q,Q,R,P,G,K,A,P,K,L,L,I,Y,H,A,S,I,L,Q,S,G,V,P,S,R,F,T,G,S,G,-,-,S,G,T,D,F,T,L,T,I,S,S,L,Q,P,E,D,L,A,T,Y,Y,C,Q,Q,S,Y,S,I,P,-,-,-,-,L,T,F,G,G,G,T,K,V,E,I,-,K
"R95_2H10","120","1","0","0","0","0","0","2",S,Y,E,L,T,Q,P,P,S,-,V,S,V,A,P,G,Q,T,A,R,I,P,C,G,G,N,N,-,-,-,-,-,-,I,G,S,K,S,V,H,W,Y,Q,Q,K,P,G,Q,A,P,V,L,V,V,Y,D,D,S,D,R,P,S,G,I,P,E,R,F,S,G,S,N,-,-,S,G,N,T,A,T,L,T,I,S,R,V,E,A,G,D,E,A,D,Y,Y,C,Q,V,W,D,G,Y,S,D,P,L,-,F,V,F,G,T,G,T,K,V,T,V,L,-
"SFV009_3A02","120","4","0","0","0","0","0","2",D,I,Q,M,T,Q,S,P,S,T,L,S,A,S,V,G,D,R,V,T,I,T,C,R,A,S,E,-,-,-,-,-,-,S,V,S,V,S,L,A,W,Y,Q,Q,K,P,G,K,A,P,K,L,L,I,Y,K,A,S,T,L,E,S,G,V,P,P,R,F,S,G,S,G,-,-,S,G,T,E,F,T,L,T,I,S,S,L,Q,P,N,D,F,A,T,Y,Y,C,Q,E,Y,H,T,S,S,R,-,-,-,V,T,F,G,P,G,T,K,V,D,I,-,K
"SFV015_1F04","120","4","0","0","0","0","0","2",E,I,V,L,T,Q,S,P,V,T,L,S,L,S,P,G,E,R,A,T,L,S,C,R,A,S,Q,-,-,-,-,-,-,S,V,S,N,Y,L,A,W,Y,Q,Q,T,P,G,Q,P,P,R,L,L,I,Y,D,A,S,H,R,A,T,G,I,P,T,R,F,S,G,A,V,-,-,S,G,T,D,F,T,L,T,I,S,S,L,E,P,E,D,F,A,V,Y,Y,C,Q,L,R,S,N,W,P,P,L,-,-,F,T,F,G,P,G,T,K,V,D,I,-,K
"SFV018_4D01","120","0","0","0","0","0","1","0",S,Y,E,L,T,Q,P,P,S,-,V,S,V,S,P,G,Q,T,A,S,I,T,C,S,G,D,N,-,-,-,-,-,-,L,G,D,K,F,A,S,W,Y,Q,Q,K,P,G,Q,S,P,V,L,V,I,Y,Q,D,I,R,R,P,S,G,I,P,E,R,F,S,A,S,N,-,-,S,G,N,T,A,T,L,T,I,S,G,T,Q,V,M,D,E,A,D,Y,Y,C,Q,T,W,D,S,S,T,-,-,-,-,V,L,F,G,G,G,T,K,L,T,V,L,-
"W85_1A11","120","2","0","1","0","0","0","0",N,F,M,L,T,Q,P,H,S,-,V,S,E,S,P,G,K,T,V,T,I,S,C,T,G,S,S,G,S,-,-,-,-,I,T,S,N,Y,V,Q,W,Y,Q,Q,R,P,G,S,A,P,T,T,V,I,Y,E,D,N,Q,R,P,S,G,V,P,D,R,F,S,G,S,I,D,S,S,S,N,S,A,S,L,T,I,S,G,L,K,T,E,D,E,A,D,Y,Y,C,Q,S,Y,D,S,R,N,Y,-,-,-,V,V,F,G,G,G,T,K,L,T,V,L,-
"W85_1B04","120","0","0","0","0","0","1","1",S,Y,E,L,T,Q,P,P,S,-,V,S,L,S,P,G,Q,T,A,S,I,T,C,S,G,D,K,-,-,-,-,-,-,L,G,D,K,Y,V,C,W,Y,Q,Q,K,P,G,Q,S,P,V,L,V,I,Y,A,D,S,K,R,P,S,G,I,P,E,R,F,S,G,S,N,-,-,S,G,N,T,A,T,L,T,I,S,G,T,Q,A,M,D,E,A,D,Y,Y,C,Q,A,W,D,T,S,T,-,-,-,-,A,I,F,G,G,G,T,R,L,T,V,L,-
"W85_1C01","120","4","0","0","0","0","0","2",D,I,Q,M,T,Q,S,P,S,T,L,S,A,S,V,G,D,R,V,T,I,T,C,R,A,S,Q,-,-,-,-,-,-,S,I,S,S,W,L,A,W,Y,Q,Q,K,A,G,K,A,P,K,L,L,I,Y,K,A,S,T,L,E,V,G,V,P,S,R,F,S,G,R,G,-,-,S,G,T,E,F,T,L,T,I,S,S,L,Q,P,D,D,F,A,T,Y,Y,C,Q,Q,Y,D,S,Y,-,-,-,-,-,L,T,F,G,G,G,T,K,V,E,I,-,K
"W85_1C02","120","3","0","0","0","0","0","1",D,I,Q,M,T,Q,S,P,S,S,L,S,A,S,V,G,D,R,V,T,I,T,C,R,A,G,Q,-,-,-,-,-,-,N,I,A,S,Y,L,N,W,Y,Q,H,R,P,G,K,A,P,R,L,L,I,F,A,A,S,S,L,Q,T,G,V,P,S,R,F,S,G,S,G,-,-,S,G,S,D,F,T,L,T,I,S,S,L,Q,P,E,D,F,A,T,Y,Y,C,Q,Q,T,Y,S,F,F,-,-,-,-,L,T,F,G,G,G,T,K,V,E,V,-,K
"W85_1C11","120","0","0","0","0","0","1","2",S,Y,E,L,T,Q,P,P,S,-,V,S,V,S,P,G,Q,T,A,R,I,T,C,S,G,D,A,-,-,-,-,-,-,L,P,K,K,Y,A,Y,W,Y,Q,Q,K,S,G,Q,A,P,V,L,V,I,Y,E,D,T,K,R,P,S,G,I,P,Q,R,F,S,G,S,S,-,-,S,G,T,M,A,T,L,T,I,S,G,A,Q,V,E,D,E,A,D,Y,Y,C,Y,S,T,D,S,S,G,N,H,-,-,R,V,F,V,G,G,T,K,L,T,V,L,-
"W85_1D12","120","4","0","0","0","0","0","1",D,I,Q,M,T,Q,S,P,S,S,L,S,A,S,V,G,D,R,V,T,I,T,C,Q,A,S,Q,-,-,-,-,-,-,D,I,S,N,Y,L,N,W,Y,Q,Q,K,P,G,K,A,P,R,V,L,I,Y,D,A,S,N,L,E,T,W,V,P,S,R,F,T,G,R,G,-,-,S,G,T,D,F,S,V,S,I,S,S,L,Q,P,E,D,I,A,T,Y,Y,C,Q,Q,Y,H,N,F,P,-,-,-,-,Y,T,F,G,Q,G,T,N,L,E,S,-,K
"W85_1E01","120","2","0","0","0","0","0","1",Q,S,A,L,T,Q,P,A,S,-,V,S,G,S,P,G,Q,S,I,T,I,F,C,T,G,T,S,S,D,V,-,-,-,G,G,Y,N,Y,V,S,W,Y,Q,Q,H,P,G,K,A,P,K,V,M,I,Y,E,V,N,N,R,P,S,G,V,S,N,R,F,S,G,S,K,-,-,S,G,N,T,A,S,L,T,I,S,G,L,Q,S,E,D,E,A,D,Y,Y,C,S,S,Y,T,G,S,S,T,-,-,-,Y,V,F,G,S,G,T,K,V,T,V,L,-
"W85_1E02","120","4","0","0","0","0","0","1",D,I,Q,M,T,Q,S,P,S,T,L,S,A,S,V,G,D,K,V,T,I,T,C,R,A,S,Q,-,-,-,-,-,-,S,I,N,R,W,L,A,W,Y,Q,Q,K,P,G,K,A,P,K,L,L,I,Y,R,A,S,S,L,E,S,G,V,P,S,R,F,S,G,S,G,-,-,S,G,T,E,F,T,L,T,I,S,S,L,Q,P,D,D,F,A,T,Y,F,C,Q,H,Y,E,G,Y,S,-,-,-,-,W,T,F,G,Q,G,T,K,V,D,I,-,K
"W85_1E04","120","1","0","0","0","0","0","1",Q,S,A,L,T,Q,P,A,S,-,V,S,G,S,P,G,Q,S,I,T,I,S,C,T,G,T,S,S,D,V,-,-,-,G,C,Y,N,Y,V,S,W,Y,Q,Q,H,P,G,K,A,P,K,L,M,I,Y,D,V,N,N,R,P,S,G,V,S,D,R,F,S,G,S,K,-,-,S,G,N,T,A,S,L,T,I,S,G,L,Q,A,E,D,E,A,D,F,Y,C,S,S,Y,T,V,S,S,T,-,-,-,L,V,F,G,S,G,T,K,V,T,V,L,-
"W85_1E07","120","4","0","0","0","0","0","1",D,I,Q,M,T,Q,S,P,S,S,L,S,A,S,V,G,D,R,V,I,I,T,C,R,A,S,Q,-,-,-,-,-,-,P,I,S,S,Y,L,N,W,Y,Q,Q,K,P,G,K,A,P,N,L,V,I,Y,S,A,S,S,L,Q,S,G,V,P,S,R,F,S,G,S,G,-,-,S,G,T,D,F,T,L,S,I,S,N,L,Q,P,E,D,F,A,T,Y,Y,C,Q,Q,S,Y,S,D,P,-,-,-,-,Y,T,C,G,Q,G,T,K,L,E,I,-,K
"W85_1F04","120","3","0","0","0","0","0","2",E,I,V,M,T,Q,S,P,A,T,L,S,V,S,P,G,E,R,A,T,L,S,C,R,A,S,Q,-,-,-,-,-,-,N,I,S,S,N,L,A,W,Y,Q,Q,K,A,G,Q,V,P,R,L,L,I,Y,G,A,S,T,R,A,T,G,C,P,A,R,F,S,G,S,G,-,-,S,G,T,E,F,T,L,T,I,S,S,L,Q,S,E,D,F,A,V,Y,Y,C,Q,Q,Y,D,N,W,T,P,-,-,-,I,T,F,G,Q,G,T,R,L,E,I,-,K
"W85_1F07","120","2","0","1","0","0","0","2",Q,S,A,L,T,Q,P,A,S,-,V,S,G,S,P,G,Q,S,I,T,I,S,C,T,G,T,S,S,D,V,-,-,-,G,G,Y,D,F,V,S,W,Y,Q,Q,C,P,D,N,A,P,K,L,M,I,Y,E,V,S,H,R,P,S,G,V,S,N,R,F,S,G,S,K,-,-,S,G,N,T,A,S,L,T,I,S,G,L,R,S,E,D,E,A,D,Y,Y,C,S,S,Y,T,I,T,N,T,-,-,-,W,V,F,G,G,G,T,K,L,T,V,L,-
"W85_1G05","120","4","0","0","0","0","0","2",E,I,V,L,T,Q,S,P,G,T,L,S,L,S,P,G,E,R,A,T,L,S,C,R,A,S,Q,S,-,-,-,-,-,V,S,S,S,Y,L,A,W,Y,Q,Q,K,P,G,Q,A,P,R,L,L,I,Y,G,A,S,S,R,A,T,G,I,P,D,R,F,S,G,S,G,-,-,S,G,T,D,F,T,L,T,I,S,R,L,E,P,E,D,F,A,V,Y,Y,C,Q,Q,Y,G,S,S,P,L,-,-,-,F,T,F,G,P,G,T,K,V,D,I,-,K
"W85_1H07","120","3","0","0","0","0","0","1",D,I,Q,M,T,Q,S,P,S,S,L,S,A,S,V,G,D,R,V,T,F,S,C,R,A,S,Q,-,-,-,-,-,-,S,I,S,I,Y,L,N,W,Y,Q,Q,K,P,G,K,A,P,K,L,L,I,Y,A,A,S,S,L,Q,T,G,V,P,S,R,F,S,G,S,G,-,-,S,G,T,D,F,T,L,S,I,S,S,L,Q,L,E,D,F,A,T,Y,Y,C,Q,Q,S,Y,T,T,P,-,-,-,-,P,T,F,G,Q,G,T,K,V,E,V,-,K
"W85_1H08","120","3","0","0","0","0","0","1",Q,S,A,L,T,Q,P,P,S,-,V,S,E,A,P,R,Q,R,V,T,I,S,C,S,G,S,R,S,N,-,-,-,-,I,G,N,N,A,V,N,W,Y,Q,Q,L,P,G,K,A,P,K,L,L,I,F,Y,D,D,L,L,S,S,G,V,S,D,R,F,S,G,S,K,-,-,S,G,T,S,A,S,L,A,I,S,G,L,Q,S,E,D,E,A,D,Y,Y,C,A,T,W,D,D,I,L,N,G,-,-,P,V,F,G,G,G,T,K,L,T,V,L,-
"W85_2A08","120","3","0","0","0","0","0","1",Q,S,A,L,T,Q,P,A,S,-,V,S,G,S,P,G,E,A,I,T,I,S,C,T,G,S,T,S,D,I,-,-,-,E,N,Y,N,S,V,S,W,Y,Q,Q,H,P,G,Q,A,P,K,L,I,I,Y,D,V,T,N,R,P,S,G,V,P,L,R,F,S,G,S,K,-,-,S,G,N,T,A,S,L,T,I,S,G,L,Q,A,E,D,E,A,D,Y,S,C,S,S,Y,S,S,T,T,S,L,-,-,Y,V,F,G,S,G,T,K,V,T,V,L,-
"W85_2A10","120","4","0","0","0","0","0","2",E,I,V,L,T,Q,S,P,A,T,L,S,L,S,P,G,E,R,A,T,L,S,C,R,A,S,Q,-,-,-,-,-,-,S,V,S,S,Y,L,A,W,Y,Q,Q,K,P,G,Q,A,P,R,L,L,I,Y,D,A,S,N,R,A,T,G,I,P,A,R,F,S,G,S,G,-,-,S,G,T,D,F,T,L,T,I,S,S,L,E,P,E,D,F,A,V,Y,Y,C,Q,Q,R,S,N,W,P,P,-,-,-,I,T,F,G,Q,G,T,R,L,E,I,-,K
"W85_2B03","120","1","0","0","0","0","1","2",Q,S,A,L,T,Q,P,A,S,-,V,S,G,S,P,G,Q,S,I,T,I,S,C,T,G,T,S,T,D,V,-,-,-,G,G,Y,N,Y,V,S,W,Y,Q,Q,H,P,G,K,A,P,K,L,M,I,Y,E,V,N,N,R,P,S,G,I,S,D,R,F,S,A,S,K,-,-,S,G,N,T,A,S,L,T,I,S,G,L,Q,A,E,D,E,A,D,Y,Y,C,S,S,Y,T,R,R,S,T,-,-,-,W,V,F,G,G,G,T,K,V,A,V,L,-
"W85_2B08","120","1","0","0","0","0","0","2",Q,S,A,L,T,Q,P,A,S,-,V,S,G,S,P,G,Q,S,I,T,I,S,C,T,G,T,S,S,D,I,-,-,-,G,G,F,K,Y,V,S,W,Y,Q,Q,H,P,G,K,A,P,K,V,M,I,Y,E,V,S,D,R,P,S,G,V,S,N,R,F,S,G,S,K,-,-,S,G,N,T,A,S,L,T,I,S,G,L,Q,A,E,D,E,A,D,Y,Y,C,S,S,Y,T,S,S,S,T,-,-,-,F,V,F,G,T,G,T,K,V,T,V,L,-
"W85_2B12","120","1","0","1","0","0","0","1",Q,S,A,L,T,Q,P,A,S,-,V,S,G,S,P,G,Q,S,I,T,I,S,C,T,G,T,S,S,D,V,-,-,-,G,G,Y,N,Y,V,S,W,Y,Q,Q,H,P,G,K,A,P,K,L,M,I,Y,E,V,N,N,R,P,S,G,V,S,N,R,F,S,G,S,K,-,-,S,G,N,T,A,S,L,T,I,S,G,L,R,A,E,D,E,A,D,Y,Y,C,S,S,Y,T,S,T,S,P,-,-,-,L,V,F,G,G,G,T,K,L,T,V,L,-
"W85_2C10","120","3","0","0","0","0","0","2",D,I,Q,M,T,Q,S,P,S,S,L,S,A,S,V,G,D,R,V,T,I,T,C,R,A,S,Q,-,-,-,-,-,-,G,I,R,N,W,L,A,W,Y,Q,Q,K,P,G,K,A,P,R,S,L,I,Y,A,A,S,T,L,Q,S,G,V,P,S,R,F,I,G,S,G,-,-,S,G,T,D,F,T,L,T,I,R,G,L,Q,P,E,D,F,A,T,Y,F,C,Q,Q,Y,D,S,Y,P,-,-,-,-,L,T,F,G,G,G,T,K,V,E,I,-,K
"W85_2D05","120","1","0","0","0","0","0","2",Q,S,A,L,T,Q,P,A,S,-,V,S,G,S,P,G,Q,S,I,T,I,S,C,T,G,T,S,S,D,I,-,-,-,G,T,Y,N,Y,I,S,W,Y,Q,Q,H,P,G,K,V,P,K,L,M,I,D,D,V,S,N,R,P,S,G,V,S,N,R,F,S,G,S,K,-,-,S,G,N,T,A,S,L,T,I,S,G,L,Q,A,D,D,E,A,D,Y,Y,C,C,S,Y,T,S,S,S,T,-,-,-,W,V,F,G,G,G,T,K,L,T,V,L,-
"W85_2D08","120","3","0","0","0","0","0","1",E,I,V,M,T,Q,S,P,A,T,L,S,V,S,P,G,E,R,A,T,L,S,C,W,A,S,Q,-,-,-,-,-,-,N,V,S,S,N,L,A,W,Y,Q,Q,K,P,G,Q,A,P,R,L,L,I,Y,G,A,T,T,R,A,T,G,V,P,A,R,F,S,G,S,G,-,-,S,R,T,E,F,T,L,T,I,S,S,L,Q,F,E,D,F,A,V,Y,Y,C,Q,P,Y,S,N,W,R,P,-,-,-,I,T,F,G,Q,G,T,R,L,E,I,-,K
"W85_2E02","120","1","0","0","0","0","0","2",Q,S,A,L,T,Q,P,A,S,-,V,S,G,S,P,G,Q,S,I,T,I,S,C,T,G,T,S,S,D,V,-,-,-,G,H,Y,N,Y,V,S,W,Y,Q,Q,H,P,G,K,A,P,K,L,M,I,Y,E,V,T,I,R,P,S,G,V,S,N,R,F,S,G,S,K,-,-,S,G,N,T,A,S,L,T,I,S,G,L,Q,A,E,D,E,A,D,Y,Y,C,S,S,Y,T,S,T,Y,T,-,-,-,L,V,F,G,G,G,T,K,L,T,I,L,-
"W85_2E09","120","4","0","0","0","0","0","2",D,I,Q,M,T,Q,S,P,S,T,L,S,A,S,V,G,D,R,V,T,I,T,C,R,A,S,Q,-,-,-,-,-,-,N,V,F,S,W,L,A,W,Y,Q,Q,K,S,G,K,A,P,Q,L,L,I,Y,K,A,S,N,L,E,S,G,V,P,S,R,F,S,G,S,G,-,-,S,G,T,E,F,T,L,T,I,N,N,L,Q,P,D,D,F,A,S,Y,Y,C,Q,Q,Y,N,S,H,S,V,-,-,-,W,T,F,G,Q,G,T,K,V,E,L,-,K
"W85_2F03","120","1","0","0","0","0","0","3",Q,S,A,L,T,Q,P,A,S,-,V,S,G,S,P,G,Q,S,I,T,I,S,C,T,G,T,S,G,D,I,-,-,-,G,G,Y,N,Y,V,S,W,Y,Q,Q,H,P,G,K,A,P,K,L,M,I,Y,D,V,S,N,R,P,S,G,V,S,N,R,F,S,A,S,Q,-,-,S,G,K,T,A,S,L,T,I,S,G,L,Q,A,E,D,E,A,D,Y,Y,C,F,S,F,T,S,T,S,T,-,-,-,W,V,F,G,G,G,T,K,L,T,V,L,-
"W85_2F05","120","2","0","0","0","0","0","2",Q,S,A,L,T,Q,P,A,S,-,V,S,G,S,P,G,Q,S,I,T,I,S,C,T,G,T,S,T,D,I,-,-,-,G,D,Y,N,Y,V,S,W,Y,Q,Q,H,P,G,R,A,P,K,L,I,I,Y,E,V,T,N,R,P,S,G,V,S,N,R,F,S,G,S,K,-,-,S,G,Y,T,A,S,L,S,I,S,G,L,Q,A,E,D,E,A,D,Y,Y,C,S,S,Y,A,D,G,S,T,P,-,-,Y,V,F,G,S,A,T,K,V,T,V,L,-
"W85_2F12","120","4","0","0","0","0","0","1",D,I,V,M,T,Q,S,P,D,S,L,A,V,S,L,G,E,R,A,T,I,N,C,K,S,S,Q,S,V,L,Y,S,S,I,N,K,N,Y,L,A,W,Y,Q,Q,K,P,G,Q,P,P,K,L,L,I,Y,W,A,S,T,R,E,S,G,V,P,G,R,F,S,G,S,G,-,-,S,G,T,D,F,T,L,T,I,G,S,L,Q,A,E,D,V,A,V,Y,Y,C,Q,Q,Y,Y,S,A,P,-,-,-,-,L,T,F,G,G,G,T,K,V,E,M,-,K
"W85_2G01","120","1","0","0","0","0","0","1",Q,S,A,L,T,Q,P,A,S,-,V,S,G,S,P,G,Q,S,I,T,I,S,C,T,G,T,S,S,D,I,-,-,-,G,Y,Y,N,Y,V,S,W,Y,Q,Q,H,P,G,N,A,P,K,L,M,I,Y,E,V,N,N,R,P,S,G,V,S,Y,R,F,S,G,S,K,-,-,S,G,N,T,A,S,L,T,I,S,G,L,Q,A,E,D,E,A,D,Y,Y,C,S,S,Y,T,T,S,N,T,-,-,-,L,V,F,G,G,G,T,K,L,T,V,L,-
"W85_2G05","120","2","0","1","0","0","0","0",Q,S,A,L,T,Q,P,P,S,-,A,S,G,T,P,G,Q,R,V,T,I,S,C,S,G,S,S,S,N,-,-,-,-,I,G,E,N,Y,V,Y,W,Y,Q,L,F,P,G,T,A,P,K,L,V,I,Y,R,S,D,Q,R,P,S,G,V,P,D,R,F,S,G,S,K,-,-,S,G,T,S,A,S,L,V,I,S,G,L,R,S,E,D,E,A,D,F,Y,C,A,T,W,D,D,S,L,S,G,S,-,W,V,F,G,G,G,T,K,L,T,V,L,-
"W85_3B03","120","1","0","0","0","0","0","1",Q,S,X,L,T,Q,P,A,S,-,V,S,G,S,P,G,Q,S,I,T,I,S,C,T,G,T,R,S,D,I,-,-,-,G,E,Y,N,Y,V,S,W,Y,Q,Q,H,P,G,K,V,P,K,L,M,I,Y,E,V,N,N,R,P,S,G,V,S,N,R,F,S,G,S,K,-,-,S,G,N,T,A,S,L,T,I,S,G,L,Q,A,E,D,E,A,D,Y,Y,C,S,S,Y,T,T,S,N,T,-,-,-,L,V,F,G,G,G,T,K,X,T,V,-,X
"W85_3B05","120","3","0","0","0","0","0","0",D,I,Q,M,T,Q,S,P,S,S,L,S,A,S,V,G,D,R,V,T,I,I,C,R,A,S,Q,-,-,-,-,-,-,G,V,S,N,W,L,A,W,Y,Q,Q,K,P,G,K,A,P,K,S,L,I,Y,A,A,S,A,L,Q,S,G,V,P,S,R,F,S,G,S,G,-,-,S,G,T,E,F,S,L,T,I,S,N,L,Q,P,E,D,F,A,T,Y,Y,C,Q,Q,Y,N,S,Y,P,-,-,-,-,L,T,F,G,G,G,T,K,V,E,I,-,K
"W85_3B07","120","4","0","0","0","0","0","1",D,I,V,M,T,Q,S,P,D,S,L,A,V,S,L,G,E,R,A,T,I,N,C,K,S,S,Q,S,V,L,Y,S,S,N,N,R,N,F,L,A,W,Y,Q,Q,K,P,G,Q,P,P,K,L,L,I,S,W,A,S,A,R,E,S,G,V,P,D,R,F,S,G,S,G,-,-,S,G,T,D,F,T,L,T,I,S,N,L,Q,A,E,D,V,A,L,Y,Y,C,Q,Q,Y,Y,T,T,P,-,-,-,-,Y,T,F,G,Q,G,T,K,L,E,I,-,K
"W85_3B09","120","4","0","0","0","0","0","1",D,I,Q,M,T,Q,S,P,S,T,L,S,A,S,V,G,D,K,V,T,I,T,C,R,A,S,Q,-,-,-,-,-,-,S,I,N,R,W,L,A,W,Y,Q,Q,K,P,G,K,A,P,K,L,L,I,Y,R,A,S,S,L,E,S,G,V,P,S,R,F,S,G,S,G,-,-,S,G,T,E,F,T,L,T,I,S,S,L,Q,P,D,D,F,A,T,Y,F,C,Q,H,Y,E,G,Y,S,-,-,-,-,W,T,F,G,Q,G,T,K,V,D,I,-,K
"W85_3C05","120","3","0","0","0","0","0","1",D,I,Q,M,T,Q,S,P,S,S,L,S,A,S,V,G,D,R,V,T,I,T,C,R,A,S,Q,-,-,-,-,-,-,S,I,S,S,Y,L,N,W,Y,Q,Q,E,P,G,K,V,P,K,L,L,I,Y,S,A,S,S,L,H,S,G,V,P,S,R,F,S,G,S,G,-,-,S,G,T,D,F,T,L,T,I,S,S,L,Q,P,E,D,F,A,T,Y,Y,C,Q,Q,T,Y,S,T,S,-,-,-,-,L,T,L,G,G,G,T,K,V,E,I,-,K
"W85_3C08","120","4","0","0","0","0","0","2",E,I,V,L,T,Q,S,P,A,T,L,S,L,S,P,G,E,R,A,T,L,S,C,R,A,S,Q,-,-,-,-,-,-,S,V,S,S,Y,L,A,W,Y,Q,Q,K,P,G,Q,A,P,R,L,L,I,Y,G,A,S,N,R,A,T,G,I,P,A,R,F,S,G,S,G,-,-,S,G,T,D,F,T,L,T,I,S,S,L,E,P,E,D,F,A,L,Y,Y,C,Q,Q,R,S,N,W,-,-,-,-,-,I,T,F,G,Q,G,T,R,L,E,I,-,K
"W85_3D10","120","3","0","0","0","0","0","1",D,I,Q,M,T,Q,S,P,S,S,L,S,A,S,V,G,D,R,V,T,I,T,C,R,A,S,Q,-,-,-,-,-,-,S,I,S,T,Y,L,N,W,Y,Q,Q,R,P,G,R,A,P,K,L,L,I,Y,A,A,S,T,L,Q,S,G,V,P,S,R,F,S,G,S,G,-,-,S,G,T,D,F,T,L,T,I,T,G,L,Q,P,A,D,F,A,T,Y,Y,C,Q,Q,T,Y,S,S,L,-,-,-,-,I,T,F,G,P,G,T,R,V,D,L,-,K
"W85_3F01","120","3","0","0","0","0","0","3",D,I,V,M,T,Q,S,P,L,S,L,P,V,T,P,G,E,P,A,S,I,S,C,R,S,S,Q,S,L,L,H,S,-,N,G,Y,N,Y,L,D,W,Y,L,Q,K,P,G,Q,S,P,Q,L,L,I,Y,L,G,S,I,R,A,S,G,V,P,D,R,F,N,G,S,G,-,-,S,G,T,D,F,T,L,K,I,I,R,V,E,A,E,D,V,G,V,Y,Y,C,M,Q,A,L,Q,T,A,-,-,-,-,F,T,F,G,P,G,T,K,V,D,I,-,K
"W85_3F09","120","1","0","1","0","0","1","0",Q,S,A,L,T,Q,P,P,S,-,A,S,G,T,P,G,Q,R,V,T,I,S,C,S,G,S,S,S,N,-,-,-,-,I,G,S,Y,Y,V,Y,W,Y,Q,Q,L,P,G,T,A,P,K,V,L,I,Y,R,N,D,R,R,P,S,G,L,P,D,R,F,S,G,S,K,-,-,S,G,T,S,A,S,L,A,I,S,G,L,R,S,E,D,E,G,D,Y,Y,C,A,S,W,D,N,S,L,S,G,-,-,P,V,F,G,G,G,T,K,L,T,V,L,-
"W85_3G10","120","3","0","1","0","0","0","0",N,F,M,L,T,Q,P,H,S,-,V,S,E,S,P,G,K,T,V,T,I,S,C,T,G,S,S,G,S,-,-,-,-,I,A,Y,N,Y,V,Q,W,Y,Q,Q,R,P,G,S,A,P,T,T,V,I,Y,E,D,N,H,R,P,S,G,V,P,D,R,F,S,G,S,V,D,S,S,S,N,S,A,S,L,T,I,S,G,L,K,T,E,D,E,A,D,Y,Y,C,Q,S,Y,D,S,S,N,H,-,-,-,V,V,F,G,G,G,T,T,A,D,R,-,P
