muts	50Abs_Pool_1_N+N_count	50Abs_Pool_1_NC+N_count	50Abs_Pool_2_N+N_count	50Abs_Pool_2_NC+N_count	50Abs_Pool_1+2_N+N_count	50Abs_Pool_1+2_NC+N_count	50Abs_Pool_2_NC+E_count	50Abs_Pool_1+2_N+E_count	50Abs_Pool_1+2_NC+E_count	closest_abs	lev_dist	50Abs_Pool_1_N+N_freq	50Abs_Pool_1_NC+N_freq	50Abs_Pool_2_N+N_freq	50Abs_Pool_2_NC+N_freq	50Abs_Pool_1+2_N+N_freq	50Abs_Pool_1+2_NC+N_freq	50Abs_Pool_2_NC+E_freq	50Abs_Pool_1+2_N+E_freq	50Abs_Pool_1+2_NC+E_freq
CAGTCCGCTCTTACTCAACCGGCCAGCGTGTCTGGTAGTCCTGGCCAATCCATTACTATTTCATGCACAGGAACCTCTTCGGACGTAGGTGGCTATGGATATGTGTCGTGGTACCAACACCACCCTGGAAAGGCTCCGAAACTTATCATCTACGAGGTAACTAAACGGCCCTCTGAAGTCAGCAGTCGGTTTTCCGCGTCTCGTTCTGGCAACACAGCGTCTTTAACGATTTCGCGCCTGCAAGCCGAAGATGAGGCTGATTACTACTGTTCTTCCTACACGACAACCACTGCGCAGCTTTTCGGGACTGGTACTAAAGTTACGGTTCTTGGTGGAGGGGGGAGTGGGGGCGGCGGGTCGGGAGGTGGTGGAAGCCAGGTACAACTCGTGCAGTCAGGAGCTGAAGTAAAAAAGCCCGGAGCCAGTCTGAAAGTCTCTTGTAAGGTCTCTGGATACTCTTTTACTGGACATTACATTCATTGGGTTCGGCAGGCACCCGGACGCGGCCTGGAGTGGATGGCGTGGATCAATCCAAACTCGGGGGACACAAAATACGCAGAAAAGTTCCAGGGCCGGGTGACTCTGACTCGCGACACGTCCACCTCGACGGCGTACATGGACCTTATTCGCCTTAAAAGCGATGATACAGCTGTTTACTACTGCGCACGGGTAGGAAAGCTCCAGTATTTCGATTGGCCAGCACATTATTTTGATTATTGGGGTCAAGGAACTTTAGTAACTGTG	712.0	748.0	0.0	0.0	42.0	22.0	1.0	21.0	38.0	315-04-1B12	0	0.04991598991879025	0.04686815593517302	7.194244604316547e-05	0.00010334849111202976	0.0031847133757961785	0.0020457173352308104	0.00015579964166082417	0.0017072792177557038	0.0029579067121729237
CAGTCAGTCCTTACTCAGCCACCCTCAACGTCGGGCACCCCGGGTCAGCGCGTCACAATTAGCTGTTCAGGCAGTACCAGTAATATTGGATCAAACTCTGTGAACTGGTATCAGCGCCTGCCAGGTACAGCTCCACGTCTGCTCTTGTTCTCTACAACTGAGCGCCCCTCCGGTGTCCCTGGCCGTTTTTCGGGTTCCCAAAGCGGAACCTCCGCGAGTCTTGCAATTTCTGGCTTACAGTCGGAGGATGAGAGCGATTATTATTGCAGCGCGTGGGACGATTCCCTCAACGGTATCGTATTCGGCGGAGGGACTAAGCTGACGGTATTAGGGGGCGGCGGGTCCGGCGGTGGAGGTAGCGGGGGAGGCGGGTCAGAAGTTCAGCTTCTTGAGTCGGGGGGTGGATTGGTCAAGCCGGGGGGTAGTCTTCGCCTCTCGTGCGAAGCTTCGGGCTTTACATTTGATTCATTTGCAATCAACTGGGTCCGCCAGGGACCGGGTAAAGGTTTGGAATGGGTGAGCCTTATCAGCGGGTCAGGCGGAGAAACGTATTATGCCGACTCAGTAAAGGGACGTCTGACGATTTCGCGCGATAACAGCAAAAATACGGTCTACCTCCAGATGAATCGTCTGCGCGCAGAGGACACAGCTGTATATTATTGTGCCAAAACGACAACTGTGGAGTTCTTTTACTACTACGGTATGGACGTTTGGGGCCAGGGAACGACCGTGACAGTTAGCAGT	1317.0	1412.0	1.0	0.0	91.0	51.0	2.0	62.0	101.0	150055-023_5C05	0	0.09227107252870344	0.08841749577623428	0.00014388489208633093	0.00010334849111202976	0.006813805362168568	0.004625100062260962	0.00023369946249123628	0.004889026850845879	0.007736063708759955
TCGTATGAGTTAACCCAACCACCGTCGGTGTCCGTTTCCCCTGGTCAAACGGCGTCCATTACATGCAGTGGCAATAAACTCGGTGACAAGTTCGTGTGCTGGTTTCAGCAAAAGCCGGGACAGAGTCCTGTTGTTGTGATCTACCAAGACACGATGCGTCCGTCTGGGATCCCAGAACGTTTTAGTGGTTCCAACTCCGGTAATACTGCTACTCTCACAATCAGTGGGACACAGGCTATGGACGAGGGGGATTACTATTGTCAAGTATGGGATTCGTCAACTGTTGTTTTTGGCGGTGGGACGAAGCTTACAGTCTTAGGGGGCGGCGGCTCGGGTGGTGGTGGATCAGGAGGTGGTGGATCATTAGTGCAATTGAAAGAATCTGGACCGGGTCTTTTACGTCCTTCCGAAACGCTCTTCCTCACCTGCAGTGTTTCCGGAGGATCTATTCGCGACACGAGTTACTTCTGGGGTTGGGTGCGTCAGCCACCGGGAAAAGGCCTTGAATGGATCGGCAATGTATACTACAGTGGGACGACATATTACAAGCCATCTCTGAAGTCGCGTGTCACTATCTCGGTAGACACGAGTAAAAACCAATTTTCTCTTAACCTCAGCTCGGTAACCGCCGCTGACACGGCAGTTTATTACTGCGCTTCTTTGCACACAGTCGCCCCGTCGTTCTGGGGCCAGGGTACGTTAGTCACAGTCTCCTCA	20.0	31.0	1521.0	1511.0	1036.0	895.0	1857.0	887.0	976.0	R95-1C11	0	0.0014701764211705404	0.002002377823665603	0.10949640287769784	0.156262918561389	0.07680343652792179	0.07969403184203504	0.14473786710290568	0.06891199751668478	0.07409935532802427
GAGATTGTGTTAACACAAAGCCCTGGGACACTGTCGCTGAGTCCTGGTGAACGGGCCACGCTTTCCTGCCGGGCTTCGCACTCAATCAGCAGTGGCTATTTGGCGTGGTACCAGCACAAACCCGGGCAAGCACCCCGCCTTGTAATCTCCGACACCTCAGATCGGGCAACGGGCATTCCAGATCGCTTCAGCGGCAGCGGCTCCGGAACGGATTTTACGTTGACATTTTCCCGGTTGGAGCCCGAGGACAGTGCCGTCTACTACTGCCACCAGTACGGGATCCTGCCTTGGACGTTTGGCCAGGGTACGAAGGTCGAAATTAAGGGTGGCGGTGGGTCGGGAGGTGGCGGCTCGGGGGGGGGCGGTAGCCAGGTCCAGCTGCAAGAGTCGGGACCAGGCCTGGTAAAGCCGTCTGAGACGCTCAGTTTAACGTGTGCCGACCCCCATAGCCTGATCAGCAGTCGCTATTATTGGGGCTGGATTCGCCAGCCGCCTGGTAAGGGCCTTGAGTGGATTGGTACGATCTTTCAGAGCGGCGACACGTTCTATAATCCGAGCTTAGAGTCGCGTGTGACGTTATTCGTGGACACCAGCAAGAATCAAACATCTTTGCAGCTTACTTCTGTCACTGCGGCGGACGCAGCAGTATACTACTGCGCGCGCGGGTTGGCGGCTACAGGGGATTACTATTGGTACGCATTGGATGTCTGGGGCCAGGGTACCACCGTCACAGTAAGCTCT	213.0	249.0	0.0	0.0	8.0	8.0	0.0	20.0	8.0	AG9-4B03	0	0.014981797815737889	0.015643576747387523	7.194244604316547e-05	0.00010334849111202976	0.0006665679158643164	0.0008004980876990127	7.789982083041208e-05	0.0016296756169486264	0.0006825938566552901
GCCTTTCATATGACTCAGTCGCCGTCGAGCCTGTCAGCGTCAGTCGGAGACCGCGTTACTATTACTTGCCGCGCCGCCCAAGGCATCAAGAATTATTTGGCGTGGTATCAAGAAAAGCCCGGAGAAGCACCCCGCCTCCTCATCTATGCAGCCAGCACCCTCCAATCAGGGGTACCCTCTCGGTTCTCCGGAAGCGGTAGCGGGACGGACTTCACCCTGACCATTTCGGGATTACAACCAGAAGACTTCGGCACCTATTATTGCCAGCAATTATCGGGCTACCCACGCACATTCGGGCCTGGCACAAAGCTTGAGATTGGTGGAGGAGGTAGTGGCGGAGGAGGCTCGGGCGGGGGCGGTTCGCAAGTTCAAATGCAGCAGTGGGGGGCCGGGTTACTCAAACCGTCCGAAACCTTATCTCTTACGTGTGCTGTAAGTGGTGAGAGCATTACCGGCTATTTCTGGACATGGATTCGGCAAAGTCCGGGGAAAGGCTTGGAATGGATCGGCGAGATCAACAACAACGGCGATACCAATTACAACCCTTCCCTCGAGTCCCGCGTTATTGTTTCTCTTGATACGAGTAAAAATCAATTCTCATTGAAGTTGAAGTCGGTCACTGCCGCAGACACTGGCATTTATTACTGTACTCGGTACCCACTGTATTATGATCGTCACGGGGTATTCTATCATAAGATCACCGCGTACGGCATGGATATCTGGGGGCAGGGAACGACTGTCACAGTTTCGAGC	960.0	1204.0	0.0	13.0	537.0	480.0	19.0	866.0	1146.0	01.a.30_Heavy	0	0.06727807336880426	0.07540203992240786	7.194244604316547e-05	0.0014468788755684168	0.03984594874833358	0.0427821755759139	0.001557996416608242	0.06728232189973615	0.08699279484262419
GAAATTGTGCTGACACAGTCGCCTGGGACTCTCAGCCTTAGTCCGGGTGAGCGCGCCACACTTTCGTGCCGGACAAGCCAAGTCCTGACAACCAATTATCTGGCATGGTACCAGCAAAAGCCGGGCCAGGCGCCCCGTCTTTTGATCTACGGCGCCAGTACGCGGGCCACGGGTATTCCCGATCGGTTTTCGGGATCTGGCTCCGGTCGCGACTTCACGCTTACGATCAGTCGTCTCGAACCAGAAGACTTTGCAGTATTCTATTGCCAAGTGTACGATGATTTGCGCGTTATTTTTGGTGGCGGCACTAAGGTTGAGATCGGCGGGGGGGGATCCGGAGGGGGTGGGTCTGGAGGGGGCGGAAGTCAAGTCCAACTCGTACAGAGTGGCGCGGAAGTCAAAGAGCCGGGGGCCAGTGTGAAAGTTTCCTGCCAGACATCAGGCTATTCCCTTACCGGAAATTATATCCACTGGATTCGGCAGGCACCTGGTCAAGGTCCAGAATGGATGGGTTGGATTAACCCGAAGAGTGGGGGTACAAACTTCGCCGAGAAGTTCCAAGGCCGTGTGACATTGACTTCAGACACGAGCGTCAATACAGCATATATGGAATTGTCACGCTTGGGTTCGGCTGATACTGCTATTTACTATTGTGCGCGGGACAGCGGCATGCGTTACTTCGACTGGCTTTCTGGCTATTTCGACTTCTGGGGGCAGGGAACGCTGATTACTGTC	68.0	93.0	0.0	0.0	47.0	93.0	1.0	153.0	135.0	315-02-1A05	0	0.004830579669560347	0.005881984857017708	7.194244604316547e-05	0.00010334849111202976	0.0035550288846096876	0.008360757804856355	0.00015579964166082417	0.011950954524289927	0.01031475161167994
CAATCCGCTCTCACCCAACCTGCGAGTGTGAGCGGTTCCCCAGGACAATCTATCACGATCTCCTGCACTGGTACGTCAAGCGATATTGGCGATTATAATTACGTCTCCTGGTACCAACAACATCCAGGTAAGGTGCCGAAATTGCTGATCTATGAGGTCTCGAACCGGCCGTCGGGTGTCTCGTATCGCTTCTCCGGTTCAAAATCTGGAAACACAGCATCGTTGACAATCTCAGGACCTCAGGCTGAAGATGAAGGCGATTACTACTGCTCATCCTACACGGACTCTTATACGCTCGTATTTGGGGCTGGGACTAAACTTACCGTTCTGGGTGGTGGCGGAAGTGGGGGGGGAGGATCTGGTGGGGGCGGATCACAAGTTCAACTGCAAGAGTCAGGCCCGGGCTTAGTCAAGCCGTCGGAAACTCTGTCGCTCACATGCGCAGTAAGTGGGTTCTCAATTTCGAGCGGATTTTATTGGGGATGGATTCGTCAACCACCTGGGAAAGGTCTTGAGTGGATTGGCTCGATCTATCACTCTGGAGCGACTTACTATAATCCTTCATTGAAAAGTCGCGTTACCATCAGCCTTAATACCTCCAAGAATCAGTTTTCCTTGCGCTTAACGTCAGTCACTGCCGCGGACACGGCGTTATACTACTGCGCGTCATATATCACTGCTACGATGTTCGACGCGTTTGACATTTGGGGGCAGGGCACGATGGTGACCGTATCAAGC	1384.0	1626.0	8.0	1.0	551.0	345.0	27.0	594.0	869.0	019_10_1E06	0	0.09696163539624755	0.10180839747199799	0.0006474820143884892	0.00020669698222405952	0.040882832173011405	0.03077470426042871	0.0021811949832515384	0.04617414248021108	0.06598407281001138
CAGAGTGCTCTTACGCAACCTGCCTCAGTAAGCGGAAGTCCTGGACAGAGCATCACCATTTCTTGTACGGGGACAAGTTCGGACATTGGCGGTTTCAAATATGTATCCTGGTACCAACAGCATCCGGGGAAAGCCCCCAAGGTCATGATTTACGAGGTGAGTGACCGGCCGAGCGGCGTGAGCAACCGCTTTTCGGGGAGTAAATCTGGCAACACGGCGTCATTGACGATTAGTGGCTTACAAGCCGAGGATGAGGCGGATTACTACTGTAGCAGTTATACGTCAAGCTCCACCTTTGTCTTCGGGACTGGGACAAAGGTTACCGTGCTCGGCGGTGGAGGAAGTGGAGGGGGAGGATCTGGGGGAGGGGGGTCCGAGGTTCAGCTTGTCGAAAGCGGAGGAGGATTGGTCCAAGCTGGGCGCTCGTTACGGTTGTCTTGTACAGCCTCCGGGTTCACCTTTGGCGATTATGGAATGAGCTGGGTGCGGCAAGCGCCTGGCAAGGGCTTAGAGTGGGTGGGCTTTATTCGTAGCAAGGCGTACGGCGGAACAACAGACTTTGCCGCTAGTGTCAAGGGACGCTTTATCATCAGCCGTGACGACAGCAAGAGCATTGCATATCTGCAAATGCACAGCTTGAAGACAGAAGACACAGCAGTCTACTACTGCTGCCGGGACCCCTACTCAGGTAGTTACATTGACTCCTGGGGTCGGGGTACATTGGTTACAGTTAGCAGT	40.0	38.0	1632.0	1157.0	1151.0	856.0	1992.0	675.0	835.0	W85-2B08	0	0.00287034444133296	0.0024403979725924536	0.11748201438848921	0.11967755270773046	0.0853206932306325	0.07622520679533933	0.1552543429150113	0.05246003414558435	0.0634053849070914
TCGATTTCATTATCCGCGTCGGTGGGCGATCGGGTGACAATTACCTGTCGGGCTTCACAGGGCATCAGTTACAACCTGGCCTGGTACCAACAGAAGCCAGGGCGCGTACCCAACCTTCTTATCCACGCGGCAAGTCGGCTCCAAAGCGGGGCCCCTTTCCGTTTTTCAGGTTCAGGCTCCGGAACTGATTTTACGCTGACAATTAGCAGTTTACAACCGGAAGACGTGGCCACCTACTATTGCCAAAAATACGATAGTGTACCGTTGACTTTCGGGCAGGGAACTAAAGTGGAAATTAAAGGAGGCGGTGGCTCTGGCGGGGGAGGATCGGGTGGTGGCGGTAGTGAGGTACAGTTAGTGGAGTCGGGAGGAGGGGTTGTTCAGCCCGGCCGCTCCTTACGGCTCTCATGTGCGGCGTCCGGCTTTTCATTCAGCACGAGCGTCATTCATTGGGTACGCCAGACTCCAGGCAAAGGCCTTGAGTGGTTAGCTGTTATCAGTTACGATGGATCTAACAAGTATTATGCAGATAGCGTCCAAGGCCGGTTTACTATCTCTCGGGATAACTCGAATAATACCTTGTATCTCCAGGTGAATTCACTGCGCCCTGAAGACACAGCAGTGTACTATTGTGCACGGGGGATCACCGTCTTCGGGTTACTTATCATTAACAGTGCTATGGACGTTTGGGGACAAGGGACTACGGTAACGGTGTCCAGC	1954.0	2277.0	4.0	9.0	629.0	342.0	16.0	398.0	757.0	429B01	0	0.1368664239708765	0.1425442713221951	0.00035971223021582735	0.0010334849111202976	0.04665975411050215	0.03050787156452904	0.0013242969541170054	0.0309638367220239	0.05748957148274554
CAAAGCGTACTTACCCAGCCACCTTCAGTCTCTGGTGCGCCCGGCCAACGTGTCACTATCAGTTGTACTGGGTCGTCGAGCAATATTGGTGCAGGGTACGACGTTCACTGGTACCAGCAATTACCAGGGACCGCACCGAAACTTTTGATTTATGGAAACATCAACCGTCCCAGCGGAGTGCCTGACCGGTTCTCTGGGAGCAAGTCTGGTACGTCAGCTAGCCTGGCCATTTCGGGATTGCAGGCGGAAGACGAGGGGGACTATTACTGTCAGTCTTATGATAATTCGCTGTTGTTATCAGTCGTGTTCGGCTCAGGGACCCGTTTGACCGTTTTGGGCGGGGGAGGCAGTGGCGGGGGCGGTAGTGGTGGTGGAGGGTCCCAGGTACAGCTTGTTGAATCCGGAGGGGGCGTGGTGCAACCTGGAACTTCTTTACGTCTGTCCTGCGTTGTATCAGGATTCCCCTTTCGGTCGTATTCTATCCACTGGGTTCGTCAAGCGCCAGGCAAAGGCCTGGAGTGGGTAGCTGTCATCTCATATGATGGAGACAACAAATACTATGCAGATAGCGTCAAGGGACGCTTTACAATTAGTCGGGATAATAGCAAGAAGACTGCGTATCTCCAGATGAACTCGTTGCGTGTGGACGACACAGCGATTTATTTCTGTGCTCGGGACCCAGTGGAATATTCTAGTGTTAGTTACTACTTCCTTTATGGGATGGACGTTTGGGGGCAAGGTACTACTGTAACAGTATCCAGC	697.0	574.0	2.0	0.0	13.0	4.0	0.0	5.0	11.0	039_10_4D04	0	0.04886586390366844	0.035980226518991305	0.0002158273381294964	0.00010334849111202976	0.0010368834246778254	0.00044472115983278484	7.789982083041208e-05	0.0004656216048424647	0.0009101251422070534
TCCTACGAGCTCACGCAGCCGCCGTCGGTTTCAGTTAGTCCAGGCCAAACGGCCCGCATTACGTGCAGTGGCGATGCCTTGCCTCAGCAATACGCGTCATGGTACCAGCAGCGGCCTGGACAGGCGCCAGTTCTCGTGATTTATAAAGATACAGAACGCCCTTCAGGGATTCCGGAGCGTTTCTCCGGCTCTACGTCGGGTACGACCGTCACACTCACAATCAGCGGTGTCCAGGCGGAGGACGAGGCAGATTATTATTGCCAGAGCGTTGATATTACTGCTACCTTTGGGTTCGGGGGAGGAACCAAACTGACAGTCCTCGGTGGAGGAGGATCTGGCGGAGGCGGGAGTGGAGGCGGCGGCTCACAGGTTCAATTAGTGCAATCAGGTGCCGAGGTCAAGAAACCTGGTGCCAGTGTCAAGGTATCTTGTAAGGCTTCTGGATACACGTTCGCCGATTATTATATCCATTGGGTGCGCCAAGCGCCGGGTCAGGGATTGGAATGGATGGGGTGGATGAACCCTAATACGGGTGGCACAAATTATGCGCAAAAATTTCAGGGACGTGTGACCATGACGCGTGACACTTCCATTCGCACAGCGTATATGGAACTTAGCCGCCTTCGTAGTGATGACACTGCCATCTTCTACTGTGCTCGTGACTTAGGAGATACTACTACGTCCGATTATTGGGGACAAGGAACACTTGTGACAGTTAGTTCG	1525.0	1749.0	1.0	0.0	59.0	58.0	4.0	75.0	203.0	236-14-IgG_1B03	0	0.10683281993839261	0.10950503723171266	0.00014388489208633093	0.00010334849111202976	0.004443786105762109	0.005247709686026861	0.0003894991041520605	0.005897873661337886	0.01547212741751991
CAGAGTGCTTTGACTCAACCAGCAAGTGTATCAGGAAGCCCGGGCCAATCCGTAACCATCAGTTGTACCGGAACATCCAATGATGTTGGCTCGTATAACCTGGTGAGCTGGTATCAACAACACCCGGGTAAGGCACCCAAGCTCATGATCTACGAAGGATCTCAACGGCCTTCTGGGGTATCCGATCGTTTTTCGGGCAGCAAGTCTGGAAACGCTGCTTCATTAACTATTTCTGGTCTTCAGGCTGAAGATGAAGCAGACTATTACTGTTGCAGTTATGCTGGGAGTGTCGTGTTTGGTGGCGGAACGAAACTCACGGTTCTGGGAGGCGGCGGGAGTGGCGGCGGCGGTTCAGGAGGCGGTGGCTCCGAAGTGCAATTAGTACAATCGGGCGCCGAGGTTAAAAAGCCCGGGGCCTCCGTAAAAGTAAGTTGTAAGGCTTCTGGGTATACGTTTACAGGTTATTACATCCATTGGGTACGTCAAGCCCCCGGCCAGGGCCCGGAGTGGATGGGTTGGATTAATCCTACTACCGGAGTCACCAACTATGCGCAAAAATTTCAAGGGCGCGTCACTATGACACGCGACACATCTATTAGCACGGCCTATATGGAGCTCAATCGTTTGCGGTCTGATGATACAGCGGTGTTTTACTGTGCTCGCGACTTAACCCTGATGTATGTTCATACGTCAGGTTGGGAACGCGGAGTCTATGACTACTATGGCATGGATGTTTGGGGACAAGGCACCCCAGTCACCGTGAGTAGT	53.0	84.0	1975.0	1129.0	1139.0	785.0	1676.0	579.0	1052.0	10C4	0	0.0037804536544385325	0.005318816094111758	0.14215827338129497	0.11678379495659363	0.08443193600948008	0.06991016632571377	0.13063799953260108	0.04501008846810492	0.07986348122866894
CAAGCGGTGGTCACCCAGGAACCTTCGCTTACTGTCAGCCCCGGGGGAACGGTCACGCTCACTTGTGGCTCGAGCACTGGAACAGTCACAAATTCGCACTCACCATACTGGTTTCAGCAAAAACATGGTCAGGCCCCCCGTACCCTGATCTACGACACTTCGAATCGGCACTCCTGGACCCCGGCCCGCTTCTCCGGCTCATTGCTGGGGGGGAAAGCAGCGTTGACTTTATCTGGAGCACAACCGGAGGACGAAGCGGAGTACTATTGTTTATTTTTCTATAGTGGTCCGTGGGTGTTTGGTGGCGGCACGAAACTTACAGTGTTAGGTGGAGGAGGTTCGGGAGGTGGGGGTTCGGGAGGCGGTGGCTCGGAAGTACAACTGCTGGAGTCAGGGGGCGGCCTGGTCCAACCGGGAGGCAGCCTGCGTTTGAGCTGCGCGGCAAGCGGTTTTACGTTCAGTCGCTATGCCATGAATTGGGTACGGCAGGCACCTGGAAAAGGACTGGAGTGGGTCAGTATTATCTCAGGGTCCGGCGATTCTACCTACTACGCAGACAGCGTAAAAGGCCGCTTCACGATCTCCCGGGACAATAGTAAGAATACTTTATTTCTCCAGATGAACTCTTTACGTGCGGAAGATACAGCCGTCTACTATTGCGCTAACGAGGAAAATCGGAGCCAGTATAATGGCGGCTATTGGGGACAAGGAACACTGGTGACCGTGTCGTCT	1576.0	1719.0	2.0	1.0	471.0	196.0	10.0	256.0	482.0	007_11_4A04	0	0.11040324838980678	0.10762780802202615	0.0002158273381294964	0.00020669698222405952	0.03495778403199526	0.01752201369741172	0.000856898029134533	0.019944125407418904	0.0366325369738339
GAAATCGTGCTGACCCAAAGCCCCGGCACCTTAAGTTTATCGCCAGGTGAGCGCGCAACCCTCAGTTGTCGCGCTTCTCAAAGCGTCTCTAGTACATACCTTGTTTGGTATCGTCAGCGTCCTGGACAGGCACCACGTCTGCTTATCTATGGTGCGTCAAAACGTGCAACCGGCATTCCCGATCGCATCTCGGGATCAGGCTCCGGTACCGACTTTACGCTGACGATCAGCCGCTTAGAGCCTGAAGATTTTGCCGTGTATTATTGCCAGGTTTATGGTTCATCACCTTTATTCGCCTTCGGTCCTGGGACGAAAGGAGGAGGGGGTTCTGGCGGGGGGGGCTCCGGTGGTGGTGGAAGCGAAGTACAGCTTGTGGAAAGCGGTGGAGGTTTGGTTCAACCCGGAGGGTCTTTACGTTTGTCATGCGCCGCCTCAGGATTTACTTCCAGCTCTTACGAGATGAATTGGGTTCGTCAAGCACCGGGTAAGGGTTTAGAGTGGATTAGCTTTATTAGCAAGTCTGAAAGCATTATTAGCTATGCCGACTCTGTGAAGGGACGGTTTACTATTAGCCGCGATAGTGCGAAAAACTCCCTGTATTTACAGTTAACCTCACTGCGGGCAGAAGACACTGCGGTTTACTATTGCGCCCGGCTTGGACTGCTCGGGTTTGGAGAGCTTGGGCCCCCCCATTGGTATTATGCGATGGATGTCTGGGGCCAAGGTACAACCGTCACCGTTAGCTCG	461.0	425.0	0.0	1.0	158.0	175.0	6.0	175.0	209.0	220-14-IgG_1E01	0	0.03234388126575189	0.02665665477754834	7.194244604316547e-05	0.00020669698222405952	0.01177603318026959	0.015654184826114026	0.0005452987458128846	0.01365823374204563	0.015927189988623434
GAAATTGTCCTTACCCAGTCGCCTGGTACGTTGTCGCTGAGTCCCGGTGAGCGCGCAACGTTGAGCTGTCGGGCATCACAAAGCGTAATCTCTAATTTCCTCGCCTGGTATCAGCAGAAGCCTGGTCAGGCTCCACGTTTACTTATCTACGGAGCTAGTCGCCGTGCTACCGGGATCCCGGATCGGTTTTCTGGGAGTGGTTCAGGCACCGACTTTACCTTGACTGTCTCTCGTTTGGAACCCGAGGATTTTGCTGTATACTACTGCCAACATTATGGAATTAGCCCCCGCTACACATTCGGGCAAGGGACCAAGGTTGAGATCAAGGGAGGTGGGGGCTCAGGGGGCGGAGGCTCGGGAGGTGGTGGAAGTGAGGTACAATTGGTAGAAAGCGGTGGGGGACTTGTTAAGCCAGGTGGATCGTTGCGCCTTAGTTGCGCGGCTAGTGGATTTACTTTTAATAATGCGTGGATGAGCTGGGTGCGCCAAGCGCCAGGTAAGGGATTGGAATGGGTTGGGCACATCAAGAGTCACTTCGATGGCGCAACGACGGACTATGCTGCTCCAGTTAAAGGGCGTTTCACCATCAGCCGCGACGACTCGAAAAATACTTTATATTTGCAAATGAATAGCCTTAAGACCGAGGACACAGCAGTGTATTATTGCGCCACGGATCCCATCAGTCCAGAAGATGTGTGGGGTCAGGGAACTACCGTCACTGTTAGTTCG	721.0	874.0	1.0	0.0	344.0	227.0	6.0	344.0	349.0	007_11_4E01	0	0.050546065527863344	0.05475251861585633	0.00014388489208633093	0.00010334849111202976	0.02555177010813213	0.02027928488837499	0.0005452987458128846	0.02677324227844172	0.026545316647705725
GAGATTGTACTGACACAGTCTCCAGGGACATTGAGTCTTTCCCCCGGCGAGCGTGCTACTCTGAGTTGTCGGGCGTCGCAATCGGTATCTTCCTTTTACTTAGCATGGTATCAACAGAAGCCCGGACAAGCGCCTCGGTTGCTCCTCTACGGCACATCCAATCGGGCAACAGGAATCCCCGACCGTTTCTCTGGCAGTGGCTCAGGGACGGACTTCACTCTTACCATTTCACGGTTAGAACCGGAGGACTTTGCCGTATATTATTGCCAACAGTATGACACTTCGTTAACATTCGGACCTGGTACAAAGGTGGACATTAAGGGCGGTGGGGGCTCAGGAGGGGGCGGGTCCGGAGGCGGCGGATCACAAGTCCAGCTCGTGGAATCAGGAGGCGGCGTAGTGCGTCCGGGGCGCTCACAATCCTTGTCCTGTGCAGCTTCTGGATTCACTATTACACCATACACCATGTTTTGGGTGCGGCAGGCGCCCGGCAAGGGTTTAGAGTGGGTCGCCATGATTCTCTACGATGGGTCAAGTACTGACTATGCGGGACCTGTCAAGGGGCGTTTTACGATTAGTCGGGATAACAGCAAGAATACACTCAATTTGCAAATGAACTCTCTCCGCGCCGCAGATACTGCCGTGTATTATTGCGCACGTGGGTACGGCAGTGGTAAGAGTCACTACTATTTCGACTATTGGGGCCAGGGGACACTCGTCACAGTTAGTTCC	313.0	353.0	1.0	1.0	29.0	30.0	1.0	36.0	67.0	014_10_3C04	0	0.021982637916549985	0.022151304674300733	0.00014388489208633093	0.00020669698222405952	0.0022218930528810545	0.002757271190963266	0.00015579964166082417	0.0028713332298618654	0.00515737580583997
GAAATCGTCCTTACGCAATCCCCGGCAACTTTGAGCTTGTCGCCAGGTGAGCGGGCAACGCTCTCCTGTCGGGCCTCCCAGTCTGTCAATAGCTTTTTGGTTTGGTACCAGCAAAAACCCGGACAGGCTCCGCGCCTGCTTATTTATGATGCTTCTAATCGTGCCACAGGAATTCCTGCCCGGTTTAGTGGATCCGGGTCGGGAACGGACTTCACGTTGACCATTTCGTCATTAGAGCCAGAAGACTTTGCTGTGTATTATTGTCAACACCGGAACAATTGGATGTACACGTTCGGTCAAGGTACAAAGTTGGAGATCAAAGGCGGTGGCGGGTCCGGCGGCGGCGGGAGCGGTGGTGGCGGCTCTCAAGTGCAGCTGGTGCAATCCGGGGCGGAAGTCAAATCCCCGGGGGCTTCGGTACGCGTGAGTTGTAAGGCAAGCGGGTACACTTTTAGTACCTATGACATTAACTGGGTCCGCCAAGCCGCCGGTCAGGGGCTGGAATGGATGGGCTGGATGATTCCCAGCTCTGGAAAGACGGGCTTCGCACAGAAATTCCAGGGGCGTGTCACTATGACTCGTGATACATCGAAAAGTACCGCCTATCTCGAGCTGTCTCGGCTTACCAGCGATGATACCGCCGTCTACTATTGCGCACGGGGAAGCCGGCCGCGTAACTCAGGCTCTGGACCCTATGTCTACTGGTTTGATCCCTGGGGACAAGGTACGTTGGTCACAGTGTCCTCC	703.0	802.0	3.0	1.0	816.0	921.0	25.0	2281.0	1119.0	LAH3V	0	0.04928591430971717	0.05024716851260872	0.00028776978417266187	0.00020669698222405952	0.06050955414012739	0.08200658187316552	0.002025395341590714	0.17709141704175074	0.08494501327265833
TCATATGTATTAACACAACCTCCTAGTGTGTCAGTAGCACCCGGAAAGACAGCCCGTATTGCTTGCGGAGGCAACAACATCGGGTCTAAAGGAGTGAACTGGTACCAACAAAAACCCGGGCAGGCGCCGGTGTTGGTAATTTTCTATGATAGTGATCGCGCTTCGGGCATCCCCGAACGGTTCTCCGGATCCAACAGCGGTAACACTGCTACGCTCACTATCTCTCGCGTCGAAGCAGGGGATGAGGCCGATTACTACTGCCAGGTGTGGGATTCATCATCTGACCATCCATATGTCTTCGGCACTGGTACTAAAGTCACTGTTCTTGGCGGGGGGGGTAGTGGGGGTGGCGGATCGGGAGGGGGAGGGTCCCAGGTCACACTGCGGGAGAGTGGACCGGCACTCGTAAAACCAACTCAAACTTTAACTCTTACGTGCACATTCAGCGGTTTCTCGTTGTCTACCTCAGGGATGTGTGTTTCTTGGATCCGCCAGCCCCCAGGGAAAGCCCTTGAATGGTTAGCCCTGATCGATTGGGACGACAACAAACGCTACAGTACATCGTTAAAGACTCGTTTGACCATTTCTAAGGATACATCAAAAAACCAGGTGGTTCTCACCATGACGAATATGGACCCAGTAGACACAGCCACATTCTATTGCGTCCGCACCTTGTACGGCGACTATGTCTCTGGAGTGTCAGACTATTGGGGGCAGGGAACCTTAGTCACGGTTAGTTCC	46.0	86.0	0.0	0.0	16.0	23.0	1.0	24.0	21.0	FISW-n.01	0	0.003290394847381686	0.005443964708090858	7.194244604316547e-05	0.00010334849111202976	0.001259072729965931	0.002134661567197367	0.00015579964166082417	0.0019400900201769363	0.0016685627607129314
CAGTCCGTCCTCACTCAACCGCCGAGCGTCTCGGGGGCCCCGGGTCAACGCGTGACGATTTCGTGCACGGGGTCATCCTCTAACATTGGTGCGGATTACGACGTTCACTGGTACCAACAGTTACCAGGGACCGCTCCAAAGCTCTTAGTGTACGGCAACAGTAATCGGCCGTCCGGCGTACCGGATCGGTTCTCAGGTAGTACCTCTGGCACCTCTGCATCTTTAGCGATCTCTGGACTGCAAGCGGAGGATGAAGCGGATTTCTTTTGCCAATCGTATGATAGCTCACTCAATGATTATGTATTCGGGACCGGAACAAAAGTAACGGTGCTTGGGGGTGGTGGGTCCGGCGGAGGCGGTAGTGGCGGCGGGGGGAGTCAGGTACAACTGCAAGAGTCCGGCCCTGGCTTGGTAAAGCCCTCTCAGACTTTAAGTTTGACTTGTACAGTTAGCGGTGGCAGTATCTCCTCAGATGATTACTATTGGTCTTGGATTCGTCAGCATCCGGGTCAGGGGTTGGAGTGGATCGGATATATTTATTATTCGGGCAATGCGTATTATAACCCTAGCCTGAAAAGTCGGGTTTCGATTTCTGTCGACACAAGCAAAAACCAATTCTCCCTGAAACTTCGCTCTGTCACAGCAGCGGATACCGCGGTGTATTACTGCGCGCGGGGAGGTTACTGTTCAAGTCCAAGTTGTCCAAACCCCACCGGAGCATTTGATGTATGGGGACAAGGGACAATGGTCACAGTATCGTCG	87.0	94.0	0.0	0.0	4.0	4.0	0.0	0.0	7.0	014_10_1D03	0	0.006160739288714646	0.005944559164007259	7.194244604316547e-05	0.00010334849111202976	0.0003703155088135091	0.00044472115983278484	7.789982083041208e-05	7.760360080707745e-05	0.0006067500948047023
TCCTATGAATTAACCCAACCCCCCTCAATGTCGGTTGCTCCTGGACAAACGGCCAAGATCACATGTGGGGGTGACCACATTGGTATCCGCAGTGTTCATTGGTACTTACGGCGGCCTGGGCGCGCGCCCGTTCTGGTTCTCTACGACTTAAATGACCGCCCCCTCGGGATTCCGGAACGCTTTTCCGGATCGAACTCAGGACACACGGCCACACTCACGATCTCAGGTGTAGAAGCTGGCGACGAAGGCGACTATTATTGCCAAGTTTGGGATGGCTCAGGTGACAACCGCGGGATTTTCGGGGGAGGGACGAAATTAACCGTATTAGGCGGTGGGGGGTCGGGTGGAGGGGGGTCAGGAGGAGGTGGTAGTGAAGTCCAGCTTGTCGAAAGCGGTGGTGGGTTCGTACGCCCGGGGGGATCATTGCGGTTATCGTGCGTCGGAAGCGGGTTTAACTTCGACGACAGCGCAATGCATTGGGTACGCCAAGGGCCAGGAAAGGGATTGGAATGGGTAGCCGGCATCAACTGGAAGAGTAATGACATCGCTTACGTCGAATCGGTTAAGGGTCGTTTCACCATTTCGCGGGATAACGCAAAACGCACCTTATTCTTGCAAATGAATTCGTTGCGCCCCGACGATACGGCACTCTATTTTTGTGCTAAAGATCGTGCAGGGTACTTTTATGCGATGGCTGTTTGGGGTCAAGGGGCTACGGTGACAGTCAGCTCA	432.0	476.0	1.0	0.0	74.0	104.0	3.0	120.0	108.0	009_10_2G06	0	0.030313637636516382	0.029847944434015394	0.00014388489208633093	0.00010334849111202976	0.005554732632202636	0.009339144356488482	0.00031159928332164834	0.009390035697656372	0.008266970041714068
GACATCGTAATGACTCAATCTCCTTTATCCTTACCTGTCACGCCCGGGGAGCCGGCTAGCATTTCATGTCGGTCCTCCCGGTCCGTTCAGCATAATAATGGCTATAATTACCTTGAATGGTATCTTCAGAAGCCTGGACAAAGCCCGCAGCTTTTAATTTACGTCGGCTCAAACCGCGCTAGTGGGGTACCGGATCGCTTTAGCGGTAGTGGTAGTGGAACGGATTTCACTCTTAAAATTAGTCGCGTCGAGGCCGAGGATGTGGGCATTTATTATTGTATGCAAACTCTTGAAACTCCGCAGTCATTTGGACAAGGAACGAAAGTAGAGATCAAAGGGGGCGGAGGTAGTGGTGGCGGAGGAAGTGGAGGGGGAGGAAGCGAAGTTCAGTTAGTCGAGTCCGGGGGAGACTTAGTGAAACCGGGGGGTAGTCTCCGTTTATCTTGCACCACATCGGGCTTCACATTTTCCTACGCATCTATGACTTGGGTTCGTCAAGCGCCCGGCAAAGGTTTAGAGTGGGTAGGCCGCATTAAGTCATTAGAGTGGGGTGGGACAACTGATTACGCAGCCCCCGTACGCGGACGCTTTACTATCTCTCGCGATGACAGCAAGAATACTTTGTACTTACAGTTAGATTCGCTGGAAACAGAAGATACCGCTGTTTATTATTGTGTCACGGCTGCTACGAATGACTACTATGATACACACGGGTACAGTAATTATTGGGGACGCGGCACAACCGTTACTGTAAGCTCA	131.0	115.0	0.0	0.0	4.0	4.0	0.0	24.0	31.0	T3-1A	0	0.009241108933071968	0.00725861961078781	7.194244604316547e-05	0.00010334849111202976	0.0003703155088135091	0.00044472115983278484	7.789982083041208e-05	0.0019400900201769363	0.002427000379218809
CAATCGGTATTGACTCAACCACCTAGTGTGTCGGCAGCACCCGGCCAGAAGGTAACCATCTCATGCTCAGGTAGTTCTTCCAATATTGGCAACAATCACGTGTCTTGGTTCCAACAACTGCCAGGCACAGCTCCCAAATTGCTCATCTATGACAACGATAAACGTCCTAGCGGGATCCCAGATCGTTTCAGCGGATCCAAGTCCGGAACCAGCGCGACACTCGGGATTACAGGGTTACAAACTGGGGATGAGGCTGATTATTATTGTGAGACGTGGGATTCTTCCTTGAGTGGGGGCGGTGTTGTTTTTGGTGGGGGAACTCGTCTGACAGTCATCGGAGGTGGTGGAAGTGGGGGAGGAGGCAGCGGCGGTGGGGGATCAGAAGTACAGCTTGTTGAGAGCGGGGGTGTCGCAGTGAAGCCGGGTGGATCGCTTCGCCTTTCGTGCGCCGCCAGCGGTTTTACATTCGACGACTACGTCATGCACTGGGTCCGTCAGGTACCCGGCAAAGGCTTAGAGTGGGTGAGCCTCATTTCCTGGGACGGCGGAAGCCGCTATTATGCCGACTCGGTTAAAGGCCGGTTCACGATCTCTCGTGACAATTCGAAGAACTCTCTCTATTTACAGATGAATAATTTGCGCCCTGAAGACACTGCTCTTTACTATTGCGTTAAAGATCGGGAGTCGGGCAACTACTACCACTTCTATTACATGGACGCTTGGGGAAAGGGAACAACGGTTACGGTTAGT	15.0	23.0	1021.0	691.0	1646.0	1627.0	1577.0	2395.0	1807.0	R95-2C10	0	0.0011201344161299357	0.0015017833677492022	0.0735251798561151	0.0715171558495246	0.1219819286031699	0.14480120964155474	0.12292591727039028	0.18593822753375758	0.13712552142586273
GATATTCAAATGACACAGCGCCCTGTTTCACTCTCCGCCTCGGTAGGGGATACCGTTACCATTACATGTCGCGCCTCGCATTCAATTGCTACTTATTTGAACTGGTACCAGCAGAAACCGGGAAAGGCGCCCAACTTATTGATCTCAACTGCATCGGATTTACAAAGTGGAGTGCCTAGTCGCTTTTCTGGCAGCGGTTCAGGAACTGACTTTACATTGACCATTGACAGTTTGCAGCCAGAAGATTTTGCCACATACTACTGCCAGCAGTCGTATTCAATTCCCCTCACGTTCGGCGGTGGTACACGTGTAGAGATCAAAGGGGGAGGCGGCTCTGGTGGCGGCGGTAGCGGAGGAGGTGGTAGTGAGGTGCAATTGGTTGAGTCTGGTGGAGGCCTCGTGCAACCAGGAGGTTCGCTCCGTTTAAGCTGCGCTGCAAGCGGTTTCACGTTCTCAAGTTATTGGATGACATGGGTGCGTCAGGCCCCAGGCAAAGGTTTAGAATGGGTTGCTAACATCAAACAAGACGGATCGTCTAAGTACTACGTAGACTCCCTGAAAGGACGTTTTACAATCTCCCGGGATAATGCTAAAAACAGTTTATATCTCCAAATGAACTCACTTCGTGACGAAGACACAGCAGTCTATTATTGCGCTCGTGACCGCACACCAGGGTATTCGTATGGTTACGTGGATCGCGTGGTTTGGCGTAATCCTTATTACGGTATGGATGTCTGGGGTCAGGGGACAACGGTTGCAGTGTCGTCC	13.0	25.0	1144.0	668.0	264.0	191.0	666.0	44.0	101.0	01.y.01_Heavy	0	0.0009801176141136937	0.0016269319817283025	0.08237410071942446	0.06914014055394792	0.019626721967115984	0.017077292537578937	0.051959180493884864	0.003492162036318485	0.007736063708759955
GACATTGTGATGACGCAGAGTCCGGACAGTTTAGCTGTATCGCTCGGCGAACGGGCTACGATCAACTGCAAGAGCTCACAAACCGTATTACTTAATTCCAATAACAAAAATAGTTTAGTTTGGTACCAACAGAAGCCGGGTCAACCCCCCAAGCTTCTGATCTACTGGGCCTCGACACGTGAATCAGGTGTACCAGACCGTTTCAGCGGCTCAGGAAGTGGTACTGACTTTACACTCACTATCTCTTCATTGCAAGTAGAGGATGTTGCAGTTTACTACTGTCAACAGTATTATTCGGCGCCCCTGACCTTTGGGGGCGGCACTAAAGTCGAAATCAAGGGCGGTGGGGGATCAGGGGGGGGCGGTTCCGGCGGTGGCGGTAGCGAGGTTCAGTTGCTCGAATCCGGGGGTGGCCTGGTCCAGCCTGGCGGATCTCTGCGGCTCTCATGTGCCGCGAGCGGGTTCACCTTTTCTGCTTATTCCATGTCCTGGGTGCGCCAAGCCCGCGGAAAAGGGCTTGAATGGGTTTCGGGAATCGGCGGGTCGGGTGTCAGCATCCACTACGCAGATAGTGTGAAGGGCCGCTTCACAATCAGCCGTGACAACTCGAAAAACACTGTGTATCTCCAAATGAATTCTCTTCGGGCGGAGGACACGGCGGTATATTACTGTGCTAAGTCACGCGCATGGGACTTGAAGGGGTGGTTTGATCCCTGGGGGCAAGGAACCTTAGTAACGGTATCTTCC	123.0	183.0	0.0	0.0	5.0	13.0	0.0	6.0	9.0	042-100809_2F04	0	0.008681041725007001	0.011513672486077218	7.194244604316547e-05	0.00010334849111202976	0.00044437861057621095	0.0012452192475317975	7.789982083041208e-05	0.0005432252056495421	0.0007584376185058779
GATATCCAGATGACCCAGTCGCCCTCCAGTCTGAGCGCAAGTGTCGGAGACCGGGTAACCATCAGCTGTCGGGCTAGTCAGAGTATCGGAACGTATCTCAATTGGTACCAACAAAAGCCTGGAAAAGCGCCGAATTTACTTATTTATGGAACGTCGACCCTCAAATCTGGCGTGCCCAGCCGTTTCTCTGGGAGTGGCAGCGGCACGGACTTCACCTTGACTATCGGTAGTCTTCAACCGGAAGACTTTGCGACGTATTTTTGTCAGCAAAGCTTCAGTCCACCTCTCACATTCGGGCGCGGAACCCGGCTGGAGATCAAAGGCGGTGGGGGGAGCGGGGGTGGTGGAAGCGGAGGAGGCGGGAGCCAGGTACAGTTAGTCGAAAGCGGCGGCGGTGTCGCTCAGCCTGGGCGCAGCCTTCGCTTAAGCTGCGCGGCTAGTGGATTCACTTTTTCAACGTACGGCATGCACTGGGTTCGGCAAGCCCCAGGCAAAGGTCTGGAATGGGTAGCCGTCATTTCCTATGATGGCTCAAAGCGGTACTACGCCGAGATCTTAAAGGATCGCTTTACGATCAGTCGCGATAACAGCAAGAACACTGTCTACTTACAAATGAATAGCCTTCGTACAGAGGATACTGCAGTGTATTTCTGTGCTAAGGAGGGTCGCCCATTGATCGTTTCAGGCACTCATTTTTTTCAATTTTATTATGGAATGGATGTCTGGGGACAGGGTACCACCGTCACCGTGAGTTCT	147.0	159.0	0.0	0.0	16.0	10.0	0.0	14.0	7.0	013_10_3F02	0	0.010361243349201904	0.010011889118328015	7.194244604316547e-05	0.00010334849111202976	0.001259072729965931	0.0009783865516321266	7.789982083041208e-05	0.0011640540121061616	0.0006067500948047023
AGCTACGAGCTGACACAGCCTCCGTCTGTCAGCGTATCCCCTGGCCAGACTGCAAGCATCACATGTTCGGGCAACAAGCTTGGTGACAAGTTCGTTTGCTGGTTCCAGCAAAAACCCGGTCAGAGTCCGGTGGTAGTGATTTACCAAGATACGATGCGCCCCTCGGGGATCCCCGAGCGCTTCTCGGGGTCAAACTCCGGCAATACTGCAACTTTGACGATTTCCGGCACCCAGGCTATGGACGAGGGCGATTACTATTGTCAAGTATGGGATAGCTCAACTGTAGTCTTTGGGGGCGGTACGAAATTAGGAGGCGGTGGTAGCGGCGGCGGTGGGAGTGGTGGAGGCGGGAGTCAAGTTCAGCTTGTGCAATCAGGAGCAGAAGTAAAGAAACCCGGTGCATCGGTAAAGGTATCCTGTAAAGCTAGCGGTTATACGTTTACAGGATACTTTATTCAGTGGGTTCGTCAGGCACCTGGACAAGGACTCGAGTGGATGGGATGGATCTCACCTAACACCGGAGGCACCAATTACGCCCAGAAGTTTCAGGGGTGGGTTAGCATGACCCGGGATACAAGTATTACAACTGTCTTTCTCGAGCTTAGCCGCCTGAAATTCGATGATACTGCTCAATATTACTGCGGGCGCTCGTACGACTTCGCGGGCGAGGTCGACTCATGGGGACAGGGTACACTGGTAACTGTCGCTTCA	284.0	297.0	0.0	0.0	3.0	2.0	0.0	11.0	10.0	R95-1D11	0	0.019952394287314476	0.018647143482885927	7.194244604316547e-05	0.00010334849111202976	0.0002962524070508073	0.0002668326958996709	7.789982083041208e-05	0.0009312432096849294	0.0008342813803564657
GATATTCAAATGACACAAAGTCCTTCCTCGCTGAGTGCGTCGGTGGGCGACACCGTTACCATCACGTGTCGTGCCTCCCAATCAATCAACTTTTATTTGAACTGGTATCAGCAGAAACCCGGACGCGCACCCAATCTCCTGATTAGTTCAGCGTCAATTTTGCAATCTGGAGTTCCTAGTCGTTTTTCAGGCAGCGGTTCTGGCACTGGGTTTACCCTTACTATCAGTTCATTACAACCAGAGGATTTCGCGACTTATTTTTGTCAGCAATCATATTCAAGCCCATACACCTTCGGACAAGGGACGAAACTTGAAACGAAGGGAGGCGGCGGCAGCGGAGGCGGAGGCAGTGGCGGCGGTGGATCTCAAGTTCAACTGCAAGAGAGCGGTCCTGGTCTGGTTAAGCCCTCGGAAACATTGTCGTTGACTTGCACCGTCAGCGGAGACAGCGTGTCGGATAATTTTTGGACGTGGATTCGTCAGCCTCCAGGGAAAGCGCTCGAGTGGATCGGTTATATGTACTACTCAGGTTCTATTAAATATAACCCCTCACTGAAATCTCGCGTCACAATGTCTTTGGATACATCGAAGAACCAATTTTCGCTCGAACTGACATCCGTAACCGCAGCCGATACCGCCGTTTATTATTGTGCACGGGCCACAACGTGGGGGGCGCCGGAGTTTGATTACTGGGGGCAAGGGACGTTGGTGACTGTGTCATCC	16.0	49.0	2575.0	1902.0	2944.0	2873.0	2356.0	2238.0	2009.0	R95-1D02	0	0.0011901428171380566	0.0031287153494775045	0.18532374100719423	0.19667217858619265	0.21811583469115686	0.2556257226718847	0.1836098776972813	0.1737544622070464	0.15244596131968147
CAGAGCGCCCTGACGCAGCCTGCGAGCGAGTCTGGGAGCTTAGGGCAGAGCATTACGATCTCCTGTACAGGCACCAGCGGTGATGTTGGTGGCTATAATCGGGTTTCGTGGTACCAGCAACACCCTGGTAAAGCACCACGGCTTGTGATTTATGAGGGTTCTAAACGCCCTTCCGGTGTGTCGTCTCGCTTTAGTGGTAGCAAATCCGGAAACACAGCTAGTCTTACCATCACAGGCTTGCAGGCAGAGGATGAAGCAGAGTACTTCTGTTCCAGTTATGCGGGTTCTATTACTTTCGTGTTTGGAACGGGCACCAAAGTTAACGTGCTGGGCGGTGGCGGATCAGGAGGCGGGGGCAGTGGCGGCGGCGGTTCGGAAATGGCGCTGGTAGAATCAGGCGGCACTGTGGTTCAGCCCGGAGGCAGTTTAACTCTCTCTTGCGAGGTCAGCGGATTCACATTCGATGATTACGCAATGCACTGGGTGCGCCAAGTACCCGGAAAGGGTTTGGAATGGGTTAGCCTGATTTCCTGGGATGCAGGAAACACAAACTACGCGGACTCGGTGAAAGGGCGCTTCAATATTTCCCGCGATAACACCCGTAGCATCTTGTATTTACAAATGTCGTCCCTTCGTCCGGAGGACACAGCGATCTATTACTGTACCAAAGACGACGGGGGTGGAAACTATGACTACTATCGCTATATGGATGTGTGGGGGCGCGGCACTACCGTCACTGTTTCC	1.0	1.0	991.0	479.0	984.0	574.0	482.0	407.0	478.0	R95-1A10	0	0.00014001680201624196	0.00012514861397910017	0.07136690647482015	0.049607275733774284	0.07295215523626129	0.05114293338077026	0.03762561346108904	0.0316622691292876	0.03632916192643155
GAAATCGTCCTTACACAATCACCGGGAACGTTATCGCTCTCACCAGGTGAACGTGCTACCCTGAGCTGCCGGGCGAGCCAGTCTGTTGCTAGTAGTTCCCTTGCGTGGTACCAGCAAAAGCCCGGTCAAGCGCCTCGGTTATTAATTTACTCCACATCCAACCGGGCGACTGGCATCCCCGGTCGGTTCAGCGGAAGCGGAAGCGGCACGGACTTTATCCTTACGGTTAATCGCCTTGAACCAGAAGACTTCGCCGTATATTACTGTCAGCATAACGATAGCTCCCCTGCCTGGTCTTTCGGCCAGGGCACAAAAGTGGAAATCGGCGGGGGAGGTAGCGGCGGAGGAGGGAGTGGGGGAGGTGGAAGCGAGGTACAATTGGTTCAGTCCGGAGCCGAAGTAAAAAAGCCTGGCGAGTCGCTGAAGATTAGCTGCGAAGCGTCAGGGGATAACTTCAGCTCTTATTGGATCGCATGGGTACGCCAAATGCCAGGTAAAGGCTTGGAATGGATGGGTATCATTTACCCTGGCGACTCTGACACCCGGTATTCGCCACCGTTCCAAGGTCAAGTAACGATTTCTGCGGACAAGTCAATCCGGACCGCATACCTGCAATGGTCGTCTTTAAAGGCTAGCGACACTGCTATGTACTATTGCGCAACGTCTATGATGTCTTTTTACTATGATGAAAGTGATGCCTTTCGTTGGGCTTTAGCAGCTTTTGACATTTGGGGACACGGGACACCAGTTACAGTCTCCAGT	127.0	89.0	0.0	0.0	0.0	0.0	0.0	0.0	3.0	K77-2H01	0	0.008961075329039486	0.005631687629059508	7.194244604316547e-05	0.00010334849111202976	7.406310176270182e-05	8.894423196655697e-05	7.789982083041208e-05	7.760360080707745e-05	0.00030337504740235113
GATATCCAGATGACGCAGTCGCCATCAACGCTCAGTGCTAGTGTCGGAGATCGGGTGACTATCACATGCCGGGCCTCCCAGTCAATTAGTACGGATCTCGCCTGGTACCAGCAGAAGCCGGGACGCGCGCCCAAAGTCCTGATCTTTGAAGCGTCTCGGCTTCAAAGTGGCGTGCCCAGTCGCTTCTCAGGATCTGGTTCAGGTACCGAATTTACGTTGACTATCAGTTCGTTGCAACCTGGGGACGTAGCCACGTACTACTGTCAGCAATATAACATCTATAGCTGGACTTTTGGTCAAGGTACGAAAGTTGAGATTAAGGGCGGCGGAGGTTCTGGTGGCGGGGGGAGTGGCGGCGGTGGAAGCCAGGTACAGTTAGTTCAAAGTGGCCCAGAGGTGCGGAAGCCAGGGGCAAGTGTGAAGGTTAGTTGCAAAGCTTCTGGATATACGTTCACTAACCATGATATCAATTGGGTACGCCAGGCGCCGGGGCAGGGCCTTGAATGGATGGGATGGGTGAATCCGTCGAACAATAACGTGGGATATGCTCAGAAGTTTCGTGGGCGCGTAACCATGACGAAGGATAGCAGCACTTCGACTGTGCACATGGAGCTGTACTCGCTCACCAGTGAGGACACTGCCGTTTATTACTGTGCTCGTGGTTTAGGTGGAGGCATCTCGGTATTTGGAGTCCTTGTCCGTGGCCGGTGGTTCGATCCATGGGGGCAAGGCACACTCGTTACTGTCTCGTCC	25.0	11.0	0.0	0.0	0.0	0.0	1.0	0.0	0.0	051_09_4D03	0	0.0018202184262111453	0.0007508916838746011	7.194244604316547e-05	0.00010334849111202976	7.406310176270182e-05	8.894423196655697e-05	0.00015579964166082417	7.760360080707745e-05	7.584376185058778e-05
TCTTATGAATTAACCCAGCCCCCTTCAGTTTCTGTCTCACCGGGTCAGACGGCTCGGATTACGTGTTCTGGCGACGCGCTTCCTAAAAAGTATGCTTATTGGTATCAACAAAAGAGCGGCCAAGCGCCGGTGCTCGTTATTTATGAGGATACAAAGCGCCCATCCGGTATTCCGCAGCGCTTCTCGGGCTCGTCTTCTGGTACGATGGCTACTCTTACTATTTCTGGGGCCCAAGTTGAGGACGAGGCAGATTACTACTGCTATTCTACGGATTCTAGTGGCAATCACCGCGTATTTGTGGGAGGTACTGGCGGGGGAGGTAGCGGTGGCGGGGGTTCTGGAGGTGGTGGGTCTGAGGTCCAACTCGTAGAGTCCGGAGGTGGGCTGGTTCAACCTGGAGGTTCTCTGCGCTTAAGCTGTGCGGCCTCCGGATTTATTTTATCTCCATATTGGATGCATTGGGTTCGGCAAGCCCCTGGTAAGGGTCTGGTCTGGGTATCACGTATTAATTCGGATGGTAGCAACCGCAATTATGCGGACTCCGTAAAAGGTCGTTTTACGATCAGTCGTGATAACGCAAAGAACACGCTCTATCTCCAGATGAATAGCCTCCGTGTCGAGGATACGGCTGTTTATTATTGTGCCCGTCAAGGGTATTACTATGACTCTTCAGGCTATCAGGATTGGTTCGATCCGTGGGGGCAAGGGACTTTGGTGACTGTCAGCTCG	8.0	1.0	189.0	122.0	30.0	9.0	116.0	5.0	8.0	W85-1C11	0	0.0006300756090730887	0.00012514861397910017	0.013669064748201438	0.012711864406779662	0.0022959561546437566	0.0008894423196655697	0.009114279037158215	0.0004656216048424647	0.0006825938566552901
GAGATTGTCATGACTCAAAGTCCAGCAACATTGAGTGTATCACCCGGTGAACGCGCAACTCTCTCTTGCCGGGCTTCCCAAGGTGTTTCGTCCGACGTCGTCTGGTATCAACAAAAGCCAGGTCAAGCACCCCGGCCCTTAATTTATGGTGCTTCCACTCGCGCAACCGGAGTTCCTGGTCGTTTCACAGCAAGCCAGTCTGGAACAGAATTTACGCTGACCATTAGTAGCCTGCAGTCCGAAGACTTCGCGGTTTATTATTGCCAGCAGTACAACAAATGGCCGTTGACATTTGGGGGCGGTACGCGCGTTGAACTTGGAGGCGGAGGCAGTGGGGGGGGCGGTAGTGGAGGCGGTGGTAGTCAGGTCCACCTCGAGCAATCCGGTGCCGAGGTAAAGAAACCCGGGGCTAGTGTAAAAGTTAGTTGCAAAGTCAGTGGACACACCTTGACGGAGTTATCTATGCACTGGGTGCGTCAGGCCCCAGGAAAAGGCCTGGAGTGGGTCGGCGGATTTGACCCAGAGGTGGGTAAGCCTGTATACGCACAAAATTTTCAGGGACGCATTACCATGACAGAAGATACCATCTGGGACACTGCATATATGGAACTCTCGTCTCTTAAGTCCGAGGATACTGCAGTCTACTATTGTGCCACCGGGACTCGGGCTGGTCTGCCTACACCATTGTACTATTACGGTATGGATTTCTGGGGGCAGGGAACACCGGTCACAGTCAGTAGT	21.0	27.0	733.0	544.0	95.0	114.0	708.0	37.0	71.0	R95-2A05	0	0.0015401848221786615	0.0017520805957074025	0.052805755395683454	0.05632492765605622	0.007110057769219375	0.01022858667615405	0.05523097296876217	0.002948936830668943	0.005460750853242321
GAGATTGTATTGACGCAGAGTCCGGGCACATTGAGTTTATCCCCTGGAGAACGCGCCACTCTGAGTTGTCGGGCTTCGCAATCGGTGAGTAGCTCCTATTTGGCTTGGTACCAACAGAAGCCTGGACAGGCTCCGCGTCTTCTGATCTACGGTGCCTCCAGCCGGGCTACTGGCATCCCAGACCGTTTTTCGGGTAGTGGTAGTGGTACAGATTTTACGCTGACTATTAGTCGCTTAGAGCCTGAAGATTTCGCGGTGTATTACTGCCAGCAGTATGGGTCCTCTCCGCTCTTTACCTTTGGCCCGGGCACCAAAGTAGATATTAAAGGGGGCGGCGGTTCCGGTGGTGGAGGTAGCGGTGGAGGCGGGAGCCAAGTGCAGCTCGTGCAGTCACGCGCGGAGGTGCGCAAACCGGGAGCATCCGTGCGCTTGTCGTGTAAAGCCGCTGGTTATAGCTTTATCAACTATTATATCCACTGGGTACGCCAGGCGCCCGGCCAAGGTTTGGAGTGGATGGGATTAATCAATCCGAGTGGAGGCGGTACCACGTATGCTCAGAATTTCCAAGGACGGCTTACTATGACTCGTGACACCAGTTCCAATACAGTCTATATGGAAGTTGGGTCGTTGCGGTCAGACGACAGTGCTGTCTATTACTGTGCGCGCGATGGACGCCCGCCCCGGTTTGGAAGCGGCATTGACCCGGATGACTGGGGTCAAGGGACTCTTTTGACTGTTAGTTCA	13.0	8.0	789.0	540.0	97.0	54.0	469.0	32.0	34.0	W85-1G05	0	0.0009801176141136937	0.0005631687629059508	0.05683453237410072	0.055911533691608103	0.0072581839727447785	0.004891932758160633	0.03661291579029368	0.002560918826633556	0.0026545316647705727
TCTTACGAGTTGACTCAACCGCCTTCCGTATCCGTGTCTCCGGGGCAAACCGCTAGTATTACTTGCTCTGGAGATAAATTGGGCGACAAATATGCTTGTTGGTACCAGCAAAAGCCCGGGCAGAGTCCGCTTTTGGTTATCTACCAGGATACGAAACGCCCCAGCGGGGTACCGGAGCGGTTCTCAGGCTCAAACAGTGGAAACACAGCGACTTTAACAATCAATGGAACACAAGCGATGGACGAGGCGGACTATTACTGCCAAGCTTGGGATATCACCACCCACGTCGCATTTGGGGGAGGGACAAAACTGTCCGTTCTTGGCGGGGGGGGTTCTGGAGGGGGAGGCTCAGGGGGAGGAGGGTCACAGGTTCAGTTGCAGGAATCCGGCCCCGGTCTCGTGAAACCCAGTGAAACGCTGTCTCTGACGTGCTCATTGTCTTCAGGGTACATCGGAACTTACTCTTGGAACTGGATCCGTCAGGCGCCAGGTAAAGGTCTGGAGTGGATCGGTTATGTGAGCAATTCCGGCTCAACGAAGTATAACCCATCACTGCAAAGCCGTGTCACGATCAGTGTCGACATGTCAAAAAATCAGTTTTCTCTGGAGTTGCGCAGTGTCAGTGCCGCTGACACTGCCTTGTACTACTGCGCGCGGGCTCACTACTTCGGTAGCGGGAACTTCATTTACGGCTACTTCTACTACGGTATGGACGTCTGGGGACAGGGAACTATGGTTACCGTGTCTTCA	2.0	6.0	122.0	106.0	34.0	28.0	74.0	9.0	8.0	R95-1H04	0	0.00021002520302436292	0.0004380201489268506	0.008848920863309353	0.011058288548987185	0.0025922085616945636	0.002579382727030152	0.005842486562280907	0.0007760360080707744	0.0006825938566552901
GATATTGTAATGACTCAATCACCTCTTAGTCTCCCCGTCACCCCCGGTGAGCCCGCATCCATCTCCTGCCGTTCCAGTCAGTCATTGTTACATTCGAACGGCTACAATTATTTGGACTGGTACCTGCAGAAACCCGGGCAGTCCCCCCAGCTTCTGATCTATATGGGCTCGAACCGTGCTAGTGGCGTTCCCGACCGCTTCTCAGGCTCGGGTTCTGGGACAGACTTCACCCTCAAAATCAGTCGGGTTGAGGCAGAAGACGTAGGCGTCTACTATTGCATGCAGGCGCTCCAAACTCCATTTACTTTTGGACCTGGCACGAAAGTAGATATTAAGGGCGGAGGTGGCTCTGGCGGTGGTGGTAGCGGTGGAGGGGGGTCGCAAGTACAAGTCCAAGAGTCTGGACCCGGCCTTGTCAAGCCCTCGGAAACCCTGTCGTTGACATGCAACGTGTCTGGCGGGTCGATCTCGTCCAGCGCCTACTACTGGGGGTGGATCCGCCAACCTCCTGGGAAGGGCTTAGAATGGATTGGCACGTTGTACTACTCCGGCTCTACCCACTACAACCCTTCGCTCAAATCGCGCGTTACGATTTTAGCAGATACCAGCAAAAATCATCTCTCCCTCACCCTGAGCTCTGTCACCGCAGCGGATACAGCCGTTTATTACTGCTCGCGGCGTACAGATAGTGGCTCCTACTACGACTACTTTCATCATTGGGGGCCAGGGACTCTGGTAACAGTAAGCTCG	1.0	3.0	79.0	58.0	3.0	8.0	68.0	0.0	5.0	W85-1G11	0	0.00014001680201624196	0.00025029722795820035	0.0057553956834532375	0.006097560975609756	0.0002962524070508073	0.0008004980876990127	0.005375087637298434	7.760360080707745e-05	0.0004550625711035267
CAATCAGTCTTGACTCAGCCTCCCGCTGCTTCCGGGACACCCGGGCAAACTGTGAATATCACATGCTCGGGATCTCCAAGCAACATCGGATCCGAGACGGTGAACTGGTATCAACGCCTCCCCGGGACTGCTCCTAAATTGTTAATTTACAGCTCCAATCAACGCCCTAGCGGGGTCCCGGACCGGTTCAGTGGGTCCAAATATGGGACTAGTGCCTCCTTAGTGATCTCTGGCTTACAATCGGAGGACGAAGGTGATTACTATTGTGCAGTTTGGGACGAGAGTCGGAACGGCTTCTATGTCTTCGGAACGGGCACGAAAGTCACCGTCTTAGGGGGCGGTGGATCCGGCGGAGGAGGATCGGGCGGCGGGGGGTCTGAGGTGCAACTCGTCGAGTCCGGGGGAGGTTTAATCCAGCCTGGCGGAAGTTTGCGGCTCTCATGTACGGCGTCAGGGTTTACGTTCCACGATCACGCTATGCATTGGGTACGTCAGCCCCCCGGAAAAGGCCTTGAGTGGGTTTCAGGCATTAGTTGGAATGGGGGTGATATGAAGTATGGGGGGAGCGTTAAGGGACGGTTCATTACTAGTCGTGACAATGGCAAGAAGTCTCTGTATCTCCAAATGAATAGTTTACGCCCTGAAGACACAGCTGTCTATTATTGCGCAAAAGAAATCAGCGTACGTTACTATGACTTCTGGTCCGGTTATTTAGGAAAACCGCGCGGGATGGATGTATGGGGTCAGGGGACGACCGTCACTGTATCATCC	3.0	2.0	149.0	78.0	10.0	5.0	129.0	4.0	10.0	R95-2E02	0	0.0002800336040324839	0.00018772292096865028	0.01079136690647482	0.008164530797850351	0.00081469411938972	0.0005336653917993418	0.010126976707953572	0.0003880180040353872	0.0008342813803564657
CAAAGTGCCCTCACACAACCCGCTAGCGTGAGCGGGTCGCCAGGTCAGAGTATCACAATTCCATGTACAGGAACGTCGTCGGATGTGGGCGACTATACGTCCGTATCATGGTACCAACAACACCCTGGAAAGGCGCCTAAACTTATGGTATACGACGTAAGTCATCGTCCAAGCGGGGTATCAAATCGGTTCTCAGGCTCGAAATCAGGCAATACCGCAAGTCTGACAGTGAGTGGTTTACAAGCCGAAGATGAAGGGGATTATTATTGTTCGTCGTACTCTTCAGGCTCGAGCTTGTTCGTGTTTGGAACAGGGACCAAGGTCACAGTCTTAGGAGGTGGTGGTTCAGGTGGTGGGGGCAGCGGTGGTGGTGGCTCAGAGGTTCAGCTTGTAGAGTCAGGAGGTGGTCTTGTGAAGCCCGGAGGCTCACTCCGTCTCTCTTGCGCCGCGAGCGGGTTTAGTTTCTCGGACTACTACATGAACTGGGTACGCCAGGCACCGGGCAAAGGCCTCGAATGGGTAAGTTCGATTTCCTCCAGTTCCCGGTATACTTATTACGCAGACAGCGTGAAGGGGCGTTTCTCTATCAGCCGGGACAATGCTCGGAATTCCCTCTACTTGCATATGAATAGCTTACGTGCTGGGGATACGGCTGTCTACTATTGTGCTCGCGGTTCGTACGGAAGTGGGTCGTACTACACATTCCAACACTTTTACATGGATGTTTGGGGCAAAGGCACTACTGTTACAGTGTCTAGT	8.0	5.0	477.0	329.0	60.0	29.0	287.0	3.0	7.0	W85-2H10	0	0.0006300756090730887	0.00037544584193730055	0.03438848920863309	0.03410500206696982	0.004517849207524812	0.0026683269589967092	0.02243514839915868	0.0003104144032283098	0.0006067500948047023
GACATTCAAATGACCCAGTCCCCGTCAAGCTTATCCGCCAGTGTTGGTGATCGGGTGACTATTACCTGCCGCGCATCGCAGAGCATTGGAGGCTATCTCAACTGGTATCAGCAGAAACCTGGTAAAGCGCCTAAGCTTTTGATCTACGCGGCGTCTACTTTACATACTGGCGTCCCCGCACGTTTCAGTGGATCAGGGAGCGGTACCGATTTTACGTTAACCATTAATTCATTACAGCCTGAGGATTTTGCTACATACTTCTGCCAACAAAGTTACAATATTGTATCAATCACATTTGGTCAAGGCACGCGCCTTGACATCAAGGGTGGAGGAGGCTCGGGGGGAGGGGGGAGTGGAGGGGGGGGAAGCCAGGTCCAACTGCAAGAAAGTGGCCCGGGTCTTGTTAAACCTAGTGGTACCTTGTCACTCACTTGTGTCGTTAGTGGGGGGAGCATTCGCTCCGAAAATTGGTGGAGCTGGGTGCGGCAACCGCCCGGTAAAGGATTAGAATGGATCGGCGAGATTTACCATACAGGGAACACAAATTACAACCCATCACTTAAGAGTCGCGTCACCATGAGCGTTGACAAATCAAAGAATCAATTTTCCCTTAAAATGACCTCCGTGACGGCAGCTGATACAGCGGTCTATTACTGTGCAAAGGATGGTGCTCGCGATAGTAGTGGGTACTATAACTACCGGTGGGGCTGGTACGACCCGTGGGGACAGGGAACGCTGGTCGTTGTGAGCTCT	1.0	1.0	110.0	36.0	0.0	1.0	19.0	0.0	0.0	R95-2E01	0	0.00014001680201624196	0.00012514861397910017	0.007985611510791368	0.003823894171145101	7.406310176270182e-05	0.00017788846393311395	0.001557996416608242	7.760360080707745e-05	7.584376185058778e-05
CAAAGCGCGCTGACACAGCCCCCAAGCGTCTCGGCGGCTCCTGGGCAACGTGTGACGATTAGTTGCTCGGGAAGCCGTTCGAATATTGGCAATTATTACGTCTCATGGTATCAACAATTCCCGGGGACTGCACCTAAACTGCTGATCTATGACAACGACAAGCGTCCCAGCGGGATCCCAGATCGCTTTAGCGGATCCAAATCCGGGACCAGCGCTACTTTGGGAATTACAGGTCTCCAGACGGGGGATGAGGCAGACTATTATTGTGGCACTTGGGATTCGTCACTTAGCGCACATGTCATCTTTGGAGGCGGCACTAAACTCACCGTGTTAGGCGGCGGGGGATCAGGTGGTGGGGGATCTGGAGGAGGGGGGAGCCTTGTACAACCTCAGGAGTCCGGGCCCGGGTTAGTAAAACCATCAGAGACACTTTCGTTGACCTGTACGGTGTCCAACGGGTCTATCTCAAGTGGCAACTTTTACTGGGGATGGATCCGGCAGCCGCCTGGGAAAGGCCTCGAGTGGCTTGGCGCCATCTACTACACCGGAATTACCTACTATAGCCCCAGTTTGAAGCGTCGTTTAACCATCTCGGTGGACACATCGATGAACCAGTTCTCGCTCCGTTTAAACTCTGTTACGGCCGCTGATACGGCCGTGTATTACTGCGCTCGGGACTTAGCCCCGTACTATTACGGCTCTGGAACGTTCTATAATATTTTTGATCACTGGGGACAAGGTACCCTTATCACAGTATCAAGT	3.0	1.0	121.0	92.0	10.0	4.0	78.0	1.0	4.0	K77-1G08	0	0.0002800336040324839	0.00012514861397910017	0.008776978417266186	0.009611409673418768	0.00081469411938972	0.00044472115983278484	0.006154085845602555	0.0001552072016141549	0.0003792188092529389
CAGAGCGCCCTTACTCAGCCCCCATCAGCATCTGGTACCCCTGGACAGGGTATTACCATTTCCTGCAGCGGACGGAGCAGTAATATTGGATCCAATACGGTGAACTGGTACCAGCAACTCCCTGGTACAGCACCGAAATTATTAATTTACACCAATGACCAACGTCCTTCTGGAGTGCCGGATCGCTTCAGTGGTTCCCGTTCAGGCACTTCAGCGTCCCTGGCCATCTCAGGCTTACAGAGCGGAGACGAGAGCGACTATTACTGCGCAACCTGGGACGATAGTCTTAATGCCTACGTTTTCGGGACAGGGACGAAGGTGACAGTCTTAGGTGGTGGTGGTTCCGGGGGTGGCGGTAGCGGAGGTGGGGGAAGTGAAGTACAGTTAGTACAGTCCGGCGCCGAAGTAAAAAAGCCGGGCGAGTCACTCAAGATTAGTTGCAAGGGCTTTGGGTTCAGTTTCACCAACTACTGGATTGGATGGGTACGCCAGATGCCTGGCAAGGGGCTTGACTGGATGGGGATTATCTACCCAGGCGACTCGGACCCCCGTTACTCGCCTTCTTTTCAGGGACAGGTTACAATTAGCGCGGACAAAAGCTTAAGCACAGCGTTCTTACAATGGAACTCATTAAAAGCCTCAGACACCGCGATGTACTACTGTGCCTCGAACATCTTGAACTATCGGAAGAACTGGTACCTTGGAGGCGCGTTTGACATTTGGGGACAAGGGACAATGGTGACGGTTAGCTCT	0.0	0.0	71.0	48.0	12.0	9.0	30.0	4.0	9.0	K77-1B08	0	7.000840100812098e-05	6.257430698955009e-05	0.005179856115107914	0.005064076064489459	0.0009628203229151237	0.0008894423196655697	0.0024148944457427746	0.0003880180040353872	0.0007584376185058779
AACTTTATGCTGACACAACCGCATTCGGTTTCTGAGTCCCCGGGTAAAACTGTGACGATTAGTTGTACCGGGTCTTCCGGGTCAATTACTAGTAATTACGTGCAGTGGTACCAACAGCGGCCTGGAAGCGCCCCTACGACCGTCATTTATGAGGACAACCAGCGTCCCAGTGGAGTTCCGGATCGGTTCAGCGGTTCTATTGATTCATCTAGCAATTCAGCATCGCTCACAATTAGCGGGTTAAAGACGGAAGATGAAGCAGATTACTATTGCCAGAGCTACGATTCACGGAACTACGTAGTATTCGGTGGGGGCACAGGTGGCGGAGGTTCGGGGGGGGGCGGGTCCGGTGGTGGCGGGTCGGAGGTGCAATTGTTAGAATCTGGGGGCGGCTTAGTGCAGCCTGGCGGCAGCCTCCGGTTAAGTTGTACCGCCTCAGGCTTTACATTTTCGAACTACGCAATGACGTGGGTTCGGCAACCGCCCGGGAAGGGCTTAGAGTGGGTGAGTTCCATTTCGGGGTCAGGGGGCCGGACCTATTACGCGGACTCAGTGAAGGGACGTTTTACAATTTCGCGTGACAATTCAAAAAATACCTTGTACCTCCAGATGAATTCATTACGCGCAGAAGATACGGCCGTATTTTACTGCGCGGCTGCTTCACCACTTCTTCGTTGGTACTGTTTGGATTATTGGGGCCAAGGTACTCTGGTACCTGTTTCGAGC	1.0	0.0	19.0	18.0	0.0	0.0	8.0	0.0	0.0	W85-1A11	0	0.00014001680201624196	6.257430698955009e-05	0.0014388489208633094	0.0019636213311285656	7.406310176270182e-05	8.894423196655697e-05	0.0007010983874737088	7.760360080707745e-05	7.584376185058778e-05
GAAATTGTTCTGACACAATCCCCTGGAACGCTCTCTCAGTCAGCGGGCGAACGTGCTCGTGGGAATCGCCGGGTACGCACATCCGGCGACTCGTCGAAGGGGGCACGGTATCAACGCAAATATCATGGGAAACCGTGTCTTCTCATCAGCGGAGTGAGCACGCGTGCAACAGGAATGCCAGACCGGTTTTCCGGTAGTGGATGTGGAACGGACTTCACATTAACCATTGGGCGCCTGGAACCAGAAGATTGGCAGAGTATTACAGTTAACAGTATGGTGGCCCATTGCTCACTGCTTGCACGGGGCACTTCGTGGAAAAGTGGCGGGGGTGGGTCGGGGGGGGGTGGGTCGGGAGGAGGGGGGTCCCAAGTCCAATTACAGGAGTCTGGCCCGGGGCTGGTTAAGCCGTCTCAAACCTTGAGTCTTACCTGTATTGTGAGTGGTGGAAGCATCTCATCCGGAGACTACTTCTGGTCATGGATCCGCCAGCCCCCTGGGAAGGGTCTGGAATGGATTGCGTACATGTATTATACTGGAAGTACTTACTACAATCCTAGTCTCAAAAGCCGTGTCGCCATCAGCGTCGACACGTCGAAGAACCATCTGGCGCTTAAGTTGACTTCTGTAACTGCCGCGGATACGGCTGTATACTATTGCGGCCGTATTCCACGCGATATTGTACTGGTGCCTGGTGGGAGCCGTTGGGCAGCTACCATCGACGACTGGGGTCAGGGTATTCTTGTAACAGTATCGTCT	0.0	0.0	49.0	24.0	19.0	17.0	26.0	32.0	31.0	36.a.02_Heavy	0	7.000840100812098e-05	6.257430698955009e-05	0.0035971223021582736	0.002583712277800744	0.0014812620352540364	0.0016009961753980255	0.0021032951624211263	0.002560918826633556	0.002427000379218809
GAGATCGTATTAACGCAGAGTCCAGGTACTCTTTCCCTCTCCCCGGGTGAACGTGCTACTTTGTCTTGCCGTGCCAGTCAATCGGTAAGCACAAACTATCTGGCTTGGTACCAACAGTCACCGGGTCAGGCCCCGCGCCTGCTGATTTATGGGGCCTCCTCTCGGGCAGCAGGCATTCCCGATCGCTTCTCGGGTAGTGGGAGTGGTACTGATTTTACGTTAACCATTACACGGTTGGAGCCCGAGGACTTTGCAGTTTACTACTGCCAGCATTATGTGACGAGCCCTCTTTTCGGGGGGGGTACTAAAGTTGAAATCGGAGGCGGAGGTTCAGGCGGGGGTGGGTCCGGGGGCGGGGGTAGTCAAGTGCAGCTGCAAGAGTCGGGCCCCGGCCTGGTCAAAACCTCCGGAACACTTTCACTCACTTGTGCTGTCTCTGGGGGCTCGATGTCGTCCAGTGACTGGTGGTCATGGGTACGTCAGCCGCCGGGCAAGGGGCTCGAGTGGATTGGGGAGATTCACCGGAGCGGTACCAGCAATTATAACCCCTCATTACAAACACGTGTAACCATTAGCGTAGATAAATCGAAGAATCAGTTCTCCTTAAAATTAACGTCGGTTACCGCAGCTGATACGGCAGTTTATTACTGTGCGCGTGTCGCCACGCTCTACTACGATGACAACACACCGTACTCTAGCTACTACTTCGACTTCTGGGGCCAAGGAATTCTGGTTCCTGTCTCATCC	0.0	0.0	16.0	23.0	2.0	1.0	19.0	0.0	0.0	K77-1D10	0	7.000840100812098e-05	6.257430698955009e-05	0.001223021582733813	0.0024803637866887144	0.00022218930528810547	0.00017788846393311395	0.001557996416608242	7.760360080707745e-05	7.584376185058778e-05
CAATCTGCATTAACGCAGCCGGCATCTGTGTCCGGGAGCCCTGGGCAGTCTATTACTATCAGTTGCACGGGGACTAGCAGTGACGTCGGGATTTATGATCTGGTTAGCTGGTATCAGCAACATCCTGGCAAAGCCCCCAAGTTGATGATTTACGAAGTCAATGAACGTCCTTCTGGCGTTTCAAACCGGTTCAGCGGCTCGAAATCTGGTAATACCGCTAGTCTTACGATCTCGGGGCTCCAAACCGAGGACGAGGCAGATTATTACTGTTGTTCTTACGCCGGATCTGATACTTGGGTCTTTGGCGGCGGGACTAAATTAACTGGAGGCGGGGGGTCAGGAGGTGGCGGTAGCGGGGGCGGCGGCAGTGAGGTTCAGCTCGTCGAAAGCGGGGGAGGTGTAGTCCAACCAGGTGGGGCCCTGCGCCTCTCGTGTGCCGCATCAGGATTCACGTTTTCTTCCTACGGGATGCATTGGGTTCGTCAGGCACCAGGGAAGGGGTTGGAATGGGTTGCATACATTAGTTACGACGGATCAGAAAAGACGTATGCGGACCCTTTGAAAGGGCGGTTCACCATCGCACGGGATCGCTCGACAAACACATTGTATCTCCAAATGAACCGTCTCCGGCCCGAGGATACAGCTGTTTATCACTGCGCGCGTGTCAAAGATTCATACTATTTGGAATATTGGGGTCAGGGAACGCTCGTGACCGTCTCGAGT	1.0	2.0	26.0	29.0	0.0	1.0	13.0	0.0	0.0	K77-2D02	0	0.00014001680201624196	0.00018772292096865028	0.0019424460431654675	0.0031004547333608927	7.406310176270182e-05	0.00017788846393311395	0.0010905974916257692	7.760360080707745e-05	7.584376185058778e-05
GACGTGGTGATGACACAGTCACCCGTCAGCTTACCGGTAACTCTCGGGCAGCCCGCTAGCATTTCGTGTCGGTCCTCCCAAGGGCTCGTGTATTCAGACGGAAACACTTATTTATCGTGGTTTCACCAACGCCCTGGCCAATCTCCTCGGCGTTTGATTTACAAAGTTTCCAACCGCGACTCGGGGGTCCCAGACCGGTTCTCAGGCTCAGGCTCGGGGACGGACTTCACGCTTAAAATCCGTCGTGTGGAGGCTGAAGATGTTGGCATCTATTACTGCATGCAAGGATCACATTGGCCTCCAACCTTTGGTCAGGGTACCAAAGTAGAAATTAAAGGAGGAGGCGGAAGTGGGGGCGGCGGTAGCGGAGGCGGAGGTTCTGAAGTTCAGTTAGTCGAGTCAGGTGGCGGTTTAGTCCAACCAGGCGGAAGTCTTCGCCTCAGCTGCTCTGCATCCGGTTTTGATGTATCTAATTACGCTATGCACTGGGTCCGCCAAGCACCTGGGAAAGGACTGGAGTATGTCTCGCTCATTTCAAGTAATGGCTTCAGCACATTTTATACTGATTCGGTGAAGGGGCGGTTTATCATTTCACGCGATAATTCCAAGAATACTTTGTATCTTCAGATGAGTTCTCTTCGGCCTGAAGACACTGCAGTGTACTATTGTGTGAAGGCAGAATCCCACGATTTTTGGTCTGGTTACAATTGGGGTCAGGGGACCCTGGTAACCGTATCGTCC	0.0	0.0	5.0	4.0	0.0	0.0	5.0	0.0	0.0	56.b.04_Heavy	0	7.000840100812098e-05	6.257430698955009e-05	0.0004316546762589928	0.0005167424555601488	7.406310176270182e-05	8.894423196655697e-05	0.00046739892498247256	7.760360080707745e-05	7.584376185058778e-05
CAGAGCGTGCTTACGCAGCCGCCGAGTGTGTCGGGTGCACCAGGTCAGCGCGTTACCATTTCTTGTACTGGCTCCTCTTCGAACATCGGAGCTGGATACGACGTGCACTGGTACCAACAATTACCAGGAACCGCACCCAAACTGCTTATCTACGGGAATACAAACCGGCCCAGTGGTGTTCCTGATCGCTTTTCTGGTAGCCAAAGTGGAACTTCAGCATCACTTGCGATCACTGGCTTGCAAGCCGAGGACGAAGCTGACTACTATTGTCAATCCTATGACTCCTCTTTATCAGGCAGCCTCTTTGGCGGTGGTACTAAACTGACCGTGGGTGGAGGAGGTTCTGGGGGAGGTGGTAGTGGTGGAGGAGGTTCTGAGGTTCAGTTGGTTGAGTCGGGAGGCGGTTTGGTCCAGCCCGGGCGGAGTTTACGGTTGAGTTGCGCAGCGTCGGGTTTTTCATTTGATGATTACGCCATGCACTGGGTCCGGCAGACTCCTGGCAAAGGATTAGAGTGGGTTTCGGGGATTAGCTGGAATAGTGGTAGCATCGGATATGCAGACTCGGTCAAAGGCCGGTTCACTATTAGTCGGGACAATGCGAAAAATTCATTGTACCTCCAAATGAATTCTCTGCGTGCCGAGGACACAGCATTGTACTATTGCACGAAAGATATGAATCGTGGTTGTGACAGTATTAACTGTTACAATTATTATTACTACTACTATGGAATGGATGTGTGGGGTCAAGGCACCACGGTTACCGTATCGTCG	0.0	0.0	7.0	5.0	0.0	0.0	2.0	0.0	1.0	R95-2F07	0	7.000840100812098e-05	6.257430698955009e-05	0.0005755395683453237	0.0006200909466721786	7.406310176270182e-05	8.894423196655697e-05	0.00023369946249123628	7.760360080707745e-05	0.00015168752370117556
GAAATCGTAATGACTCAAGCCCCTGGGACGTTATCATGGAGTCCGGGAGAACGCACCACTTTATCTGGTCGGGCATCTCAACAGGTCAGCATTATTTATCTTGCGTGGTATCAACAACGTCCGGAACAGGCTCCTAGCCTGATCATGTACGGGGCTTCGAGCCGTGCTCGTGGGATCCCTGACCGCTTTTCGGGGCGGGGCCTGGGCACTGACTTCACTCTGATCATCTCCCGCCAGGAACCAGAAGACAGTACGGAATACTGCTGTCAGCAGTGTGGAAGTACATACTTAACGTTTGGGCAGGGAACGAAGGTCGAGATTAAGGGTGGTGGTGGATCGGGGGGAGGAGGCTCGGGCGGTGGGGGCTCGCAAGTGCAATTGCAGGAGAGTGGACCAGGATTAGTTAAGCCATCCGAAACTCTTTCTCTGATCTGTACAGTTAGTTCGTACAGCATTACGTCCGGATATTACTGGGGTTGGATTCGGCAACCACCCGGGAAAGGGCTCGAATGGATTGGCAACGTATACCATTCGGGGAGTACTCACTATAATCCTTCACTTAAAAGTCGCGTCACTATCTCACTGGACACTCCCAAAAAACAGGTTTCATTGCGCCTTAGCAGCTTAACGGCGGCTGATACTGCCGTATATTACTGTACACATAGTATCATTGGCAACGGCCGTGACTTTTGGGGCCAAGGAACGTTGGTAGCTGTGTCATCC	0.0	0.0	3.0	6.0	0.0	0.0	8.0	0.0	0.0	01.o.02_Heavy	0	7.000840100812098e-05	6.257430698955009e-05	0.00028776978417266187	0.0007234394377842084	7.406310176270182e-05	8.894423196655697e-05	0.0007010983874737088	7.760360080707745e-05	7.584376185058778e-05
GATATTGTTATGACTCAGAGTCCTCTCTCTCTGCCCGTGACCCCAGGGGAGCCTGCATCGATTAGTTGCCGCTCGAGCCAAAGTCTTCTTCACAGTGATGGACATAACTGCTTAGGCTGGTACCTTCGTAAACCTGGTCAGCCTCCTCAATTACTCATTTATCTTGGGAGTTTCCGCGCATCCGGGGTCCCTGATCGCTTTTCCGGCTCAGGTAGCGGGACCGATTTCACGCTTAAGATTTCTCGGGTAGAGGCGGAAGATGTGGGTGTGTACTACTGTATGCAGACTCTCCAAACCCCATTGACGTTTGGTGGAGGCACGAAAGTGGAGATCAAAGGTGGCGGGGGAAGCGGAGGGGGGGGGTCTGGGGGCGGTGGCTCCCAGGTCCAGCTCGTTCAAAGCGGAGCAGAGGTGAAAAAGCCTGGGGCAAGTGTCAAAGTGAGTTGCAAGGCGAGTGGTTATACATTTAATAAATATTATATGCATTGGGTCCGCCAGGCACCAGGTCAGGGGCTTGAATGGATGGGCGTAATCAACCCATCGGGGGGTTCGACTACCTATGCTCAAAAGTTCCAGGGCCGTGTAACCATGACCCGTGATACGAGCACGTCGACGGTGTTCATGGATTTGTCAAGTCTCCGCAGCGAAGACACGGCTGTCTATTACTGTGCAACTGACATCGCGATTGTGCCCACTGCGCCTTTCTATGGTATGGATGGCTGGGGGCAGGGAACTGCTGTGACAGTAAGCTCC	0.0	0.0	3.0	1.0	0.0	0.0	0.0	0.0	0.0	K77-2C09	0	7.000840100812098e-05	6.257430698955009e-05	0.00028776978417266187	0.00020669698222405952	7.406310176270182e-05	8.894423196655697e-05	7.789982083041208e-05	7.760360080707745e-05	7.584376185058778e-05
CAGGCTGTAGTCACACAGGAGCCCAGTTTCTCGGTTAGCCCCGGTGGTACTGTAACCCTGACATGTGGCCTCAGCTCAGGTTCAGTGTCAACTAACAATTACCCATCGTGGTATCAGCAAACGCCTGGACAGGCGCCGCGCACGTTGATTTATTCGACTAATACCCGTTCTTCAGGAGTACCTGACCGGTTTTCCGGCTCGATCCTGGGTACACGGGCAGCCCTCACGGTGACTGGAGCCCAAGCGGAAGACGAGTCAGATTATTACTGTATGTTATACTTGGGCTCAGGTTCTTGGGTTTTTGGGGGCGGTACGAAGCTCACAGTCCTCGGCGGTGGAGGGTCCGGTGGCGGAGGGTCGGGAGGAGGTGGGAGTCAAGTTCAGCTGCAAGGTTCTGGCCCAGGGTTAGTTAAACCATCTGGTACGCTCTCGCTGACTTGCGGCGTCAGCTGTGCTTCAATCTCCAGTAATCACGTGTCATCTGGAGTCCCGCAACCACCAGGAAAGGGTGGCGAAGCTATCGGAGAGTTAGTCCATAATGGACGCACGATCTATAACCCATCACTCCGCAGTCGCCTTAACATTTCACTTGATCGGTCCAAAATCTTATTCTCACTGAAGCTTACTAGTGTGACAGCAGCGGATACCGCCGTCTACTATTGCGCATTTTTTCAGCGGGGGTACACCTCTGGTAGTGACTATTGGGGCCAGGGCACGCTTGTTACAGTATCTTCC	9.0	10.0	0.0	0.0	0.0	1.0	0.0	0.0	0.0	R95-1B07	0	0.0007000840100812098	0.000688317376885051	7.194244604316547e-05	0.00010334849111202976	7.406310176270182e-05	0.00017788846393311395	7.789982083041208e-05	7.760360080707745e-05	7.584376185058778e-05
